id,name,utility,rank_2025,rank_2024,rank_2023,adj,p_adjust,utility_adjusted,obey,note
A1,示例甲大学·计算机类,100,9800,10500,9200,,0.15,70,,虚构数据，仅演示格式
A2,示例乙大学·人工智能,95,13500,12800,14100,,0.10,65,,
A3,示例丙大学·软件工程,88,16800,18200,17500,,0.10,60,,
A4,示例丁大学·电子信息类,85,19500,21000,18800,,0.20,55,,
A5,示例戊大学·计算机科学与技术,80,21500,20300,22800,,0.05,60,,城市偏好一般
A6,示例己大学·数据科学,78,23800,25500,22100,1.05,0.10,50,,今年扩招，adj 取 1.05
A7,示例庚大学·信息安全,74,26500,24000,27900,,0.15,50,,
A8,示例辛大学·自动化,70,29000,31500,28000,,0.25,45,,
A9,示例壬大学·通信工程,66,32500,33800,30900,,0.10,45,,
A10,示例癸大学·计算机类,62,36000,38500,35200,,0.10,40,,
A11,示例子学院·软件工程,55,41000,43500,39800,,0.05,40,,
A12,示例丑学院·计算机科学与技术,48,47000,45200,49500,,0.05,35,,
A13,示例寅大学·金融科技,60,24500,,,,0.30,30,0,只有一年数据；不服从调剂
A14,示例卯大学·网络工程,52,52000,55000,50500,,0.05,35,,
