province,year,split,metric,factor,n,correlation,training_correlation,holdout_direction,evidence
浙江,2023,training,log_rank,学校拉力,9017,-0.2473068884315334,-0.16951534069830285,,描述相关；不自动并入预测
浙江,2024,training,log_rank,学校拉力,10985,-0.021013065913544085,-0.16951534069830285,,描述相关；不自动并入预测
浙江,2025,training,log_rank,学校拉力,11375,-0.3621793904416165,-0.16951534069830285,,描述相关；不自动并入预测
浙江,2026,retrospective_holdout,log_rank,学校拉力,12000,-0.40075685197803734,-0.16951534069830285,same,描述相关；不自动并入预测
浙江,2023,training,log_rank,师范变冷,9152,0.12400419055032648,0.056569517490434866,,描述相关；不自动并入预测
浙江,2024,training,log_rank,师范变冷,11146,-0.003070926539364729,0.056569517490434866,,描述相关；不自动并入预测
浙江,2025,training,log_rank,师范变冷,11556,0.11457246018624166,0.056569517490434866,,描述相关；不自动并入预测
浙江,2026,retrospective_holdout,log_rank,师范变冷,12153,0.14719127207327398,0.056569517490434866,same,描述相关；不自动并入预测
浙江,2023,training,log_rank,计划变化,9152,0.12568877293738473,0.1354466597949101,,投档计划可含事后追加，非事前预测因子
浙江,2024,training,log_rank,计划变化,11146,0.1183287540346234,0.1354466597949101,,投档计划可含事后追加，非事前预测因子
浙江,2025,training,log_rank,计划变化,11556,0.19841759587339494,0.1354466597949101,,投档计划可含事后追加，非事前预测因子
浙江,2026,retrospective_holdout,log_rank,计划变化,12153,0.17156357309189796,0.1354466597949101,same,投档计划可含事后追加，非事前预测因子
河北,2022,training,log_rank,学校拉力,12301,-0.008542533624428045,-0.004900639641374871,,描述相关；不自动并入预测
河北,2023,training,log_rank,学校拉力,12898,0.16913108610975908,-0.004900639641374871,,描述相关；不自动并入预测
河北,2024,training,log_rank,学校拉力,13217,-0.09091858645158815,-0.004900639641374871,,描述相关；不自动并入预测
河北,2025,training,log_rank,学校拉力,14132,-0.09067532625717233,-0.004900639641374871,,描述相关；不自动并入预测
河北,2026,retrospective_holdout,log_rank,学校拉力,13662,-0.0342118939009326,-0.004900639641374871,same,描述相关；不自动并入预测
河北,2022,training,log_rank,师范变冷,12445,-0.02367749825507065,0.01905645555916996,,描述相关；不自动并入预测
河北,2023,training,log_rank,师范变冷,13046,0.02124650516656058,0.01905645555916996,,描述相关；不自动并入预测
河北,2024,training,log_rank,师范变冷,13385,0.021758485469492505,0.01905645555916996,,描述相关；不自动并入预测
河北,2025,training,log_rank,师范变冷,14312,0.06091865682569837,0.01905645555916996,,描述相关；不自动并入预测
河北,2026,retrospective_holdout,log_rank,师范变冷,13819,0.0674124140350182,0.01905645555916996,same,描述相关；不自动并入预测
河北,2022,training,log_rank,计划变化,0,,,,投档计划可含事后追加，非事前预测因子
河北,2023,training,log_rank,计划变化,0,,,,投档计划可含事后追加，非事前预测因子
河北,2024,training,log_rank,计划变化,0,,,,投档计划可含事后追加，非事前预测因子
河北,2025,training,log_rank,计划变化,0,,,,投档计划可含事后追加，非事前预测因子
河北,2026,retrospective_holdout,log_rank,计划变化,0,,,unavailable,投档计划可含事后追加，非事前预测因子
山东,2024,training,log_rank,学校拉力,14279,-0.08361605171164603,-0.11717893587550024,,描述相关；不自动并入预测
山东,2025,training,log_rank,学校拉力,14972,-0.17154456797077566,-0.11717893587550024,,描述相关；不自动并入预测
山东,2026,retrospective_holdout,log_rank,学校拉力,15344,-0.2550232503179817,-0.11717893587550024,same,描述相关；不自动并入预测
山东,2024,training,log_rank,师范变冷,14396,0.04644650351768701,0.04822097084068101,,描述相关；不自动并入预测
山东,2025,training,log_rank,师范变冷,15089,0.05353153978798385,0.04822097084068101,,描述相关；不自动并入预测
山东,2026,retrospective_holdout,log_rank,师范变冷,15462,0.14359989814964896,0.04822097084068101,same,描述相关；不自动并入预测
山东,2024,training,log_rank,计划变化,14396,0.14913456578209724,0.17389715465559716,,投档计划可含事后追加，非事前预测因子
山东,2025,training,log_rank,计划变化,15089,0.22045523330138267,0.17389715465559716,,投档计划可含事后追加，非事前预测因子
山东,2026,retrospective_holdout,log_rank,计划变化,0,,0.17389715465559716,unavailable,投档计划可含事后追加，非事前预测因子
辽宁,2022,training,minus_score_div10,学校拉力,7620,-0.19686442173515278,-0.14278514047920557,,描述相关；不自动并入预测
辽宁,2023,training,minus_score_div10,学校拉力,7915,0.13170721744837321,-0.14278514047920557,,描述相关；不自动并入预测
辽宁,2024,training,minus_score_div10,学校拉力,7651,-0.2858999208094104,-0.14278514047920557,,描述相关；不自动并入预测
辽宁,2025,training,minus_score_div10,学校拉力,7768,-0.2522383713940736,-0.14278514047920557,,描述相关；不自动并入预测
辽宁,2026,retrospective_holdout,minus_score_div10,学校拉力,7781,-0.02984247613607678,-0.14278514047920557,same,描述相关；不自动并入预测
辽宁,2022,training,minus_score_div10,师范变冷,7797,0.03350971194874675,0.06666367342797647,,描述相关；不自动并入预测
辽宁,2023,training,minus_score_div10,师范变冷,8080,0.07216416932274508,0.06666367342797647,,描述相关；不自动并入预测
辽宁,2024,training,minus_score_div10,师范变冷,7814,0.05724695650500023,0.06666367342797647,,描述相关；不自动并入预测
辽宁,2025,training,minus_score_div10,师范变冷,7942,0.12241122302266981,0.06666367342797647,,描述相关；不自动并入预测
辽宁,2026,retrospective_holdout,minus_score_div10,师范变冷,7973,0.13060807803147378,0.06666367342797647,same,描述相关；不自动并入预测
辽宁,2022,training,minus_score_div10,计划变化,0,,,,投档计划可含事后追加，非事前预测因子
辽宁,2023,training,minus_score_div10,计划变化,0,,,,投档计划可含事后追加，非事前预测因子
辽宁,2024,training,minus_score_div10,计划变化,0,,,,投档计划可含事后追加，非事前预测因子
辽宁,2025,training,minus_score_div10,计划变化,0,,,,投档计划可含事后追加，非事前预测因子
辽宁,2026,retrospective_holdout,minus_score_div10,计划变化,0,,,unavailable,投档计划可含事后追加，非事前预测因子
