province,target_year,split,matching_status,distribution,sigma_scale,drift,n,nll,calibration_error,coverage_80,hot_tail_05,holdout_improves_both,note
zhejiang,2023,rolling_history,major_name,normal,1.0,0.0,12188,-0.5121577422059553,0.22837763920796408,0.9836724647193962,0.0013127666557269445,,固定混合10%×3；仅用目标年前误差选参，无先前误差用1；研究输出，不改生产默认
zhejiang,2023,rolling_history,major_name,mixture,1.0,0.0,12188,-0.45247035097114846,0.2362268898369981,0.9881030521824745,0.0009025270758122744,,固定混合10%×3；仅用目标年前误差选参，无先前误差用1；研究输出，不改生产默认
zhejiang,2024,rolling_history,major_name,normal,0.7,0.027077298697314442,11595,1.011112298997151,0.29808825643237025,0.46545924967658475,0.18533850797757653,,固定混合10%×3；仅用目标年前误差选参，无先前误差用1；研究输出，不改生产默认
zhejiang,2024,rolling_history,major_name,mixture,0.7,0.027077298697314442,11595,0.07553193103247027,0.2409371855684922,0.5215178956446744,0.1266925398878827,,固定混合10%×3；仅用目标年前误差选参，无先前误差用1；研究输出，不改生产默认
zhejiang,2025,rolling_history,major_name,normal,1.0,0.02529941022698437,12598,-0.5763953221677791,0.13177753082499863,0.9019685664391173,0.011430385775519924,,固定混合10%×3；仅用目标年前误差选参，无先前误差用1；研究输出，不改生产默认
zhejiang,2025,rolling_history,major_name,mixture,0.7,0.02529941022698437,12598,-0.8035707730689942,0.0778007091072657,0.860930306397841,0.017621844737259883,,固定混合10%×3；仅用目标年前误差选参，无先前误差用1；研究输出，不改生产默认
zhejiang,2026,retrospective_holdout,major_name,normal,1.0,0.02298338219472875,13041,-0.6766535480467571,0.06583850931677016,0.8770032972931524,0.026455026455026454,1,固定混合10%×3；仅用目标年前误差选参，无先前误差用1；研究输出，不改生产默认
zhejiang,2026,retrospective_holdout,major_name,mixture,0.7,0.02298338219472875,13041,-0.7206892181145115,0.029041740152851325,0.7773943715972701,0.0519898780768346,1,固定混合10%×3；仅用目标年前误差选参，无先前误差用1；研究输出，不改生产默认
hebei,2022,rolling_history,major_name,normal,1.0,0.0,12422,-0.4802316702622933,0.24246229807331077,0.9892931895024956,0.0039446143938174204,,固定混合10%×3；仅用目标年前误差选参，无先前误差用1；研究输出，不改生产默认
hebei,2022,rolling_history,major_name,mixture,1.0,0.0,12422,-0.4357005935983789,0.2473192722588955,0.9909837385284174,0.0026565770407341815,,固定混合10%×3；仅用目标年前误差选参，无先前误差用1；研究输出，不改生产默认
hebei,2023,rolling_history,major_name,normal,0.7,0.016003136010588895,13318,-0.46845830873872996,0.03571106772788705,0.8309806277218802,0.022075386694698905,,固定混合10%×3；仅用目标年前误差选参，无先前误差用1；研究输出，不改生产默认
hebei,2023,rolling_history,major_name,mixture,0.7,0.016003136010588895,13318,-0.7763300251309231,0.0644090704309956,0.8637933623667218,0.014266406367322421,,固定混合10%×3；仅用目标年前误差选参，无先前误差用1；研究输出，不改生产默认
hebei,2024,rolling_history,major_name,normal,0.7,0.023652979838257975,13720,-0.6230020048559899,0.024416909620991262,0.7753644314868805,0.01574344023323615,,固定混合10%×3；仅用目标年前误差选参，无先前误差用1；研究输出，不改生产默认
hebei,2024,rolling_history,major_name,mixture,0.7,0.023652979838257975,13720,-0.8043695543710788,0.02638483965014578,0.8169825072886298,0.010131195335276968,,固定混合10%×3；仅用目标年前误差选参，无先前误差用1；研究输出，不改生产默认
hebei,2025,rolling_history,major_name,normal,0.9,0.03600404750123487,14779,-0.7494720543818962,0.08135868462006897,0.8759050003383179,0.0100142093511063,,固定混合10%×3；仅用目标年前误差选参，无先前误差用1；研究输出，不改生产默认
hebei,2025,rolling_history,major_name,mixture,0.7,0.03600404750123487,14779,-0.8553558862191519,0.037963777431941716,0.8333446105961161,0.012314770958792881,,固定混合10%×3；仅用目标年前误差选参，无先前误差用1；研究输出，不改生产默认
hebei,2026,retrospective_holdout,major_name,normal,0.9,0.051313047396803355,14303,-0.8474983851844211,0.10096716306602342,0.8942879116269314,0.016779696567153744,1,固定混合10%×3；仅用目标年前误差选参，无先前误差用1；研究输出，不改生产默认
hebei,2026,retrospective_holdout,major_name,mixture,0.7,0.051313047396803355,14303,-0.9693978923175406,0.05810902141741825,0.8546458784870307,0.023141998182199537,1,固定混合10%×3；仅用目标年前误差选参，无先前误差用1；研究输出，不改生产默认
shandong,2024,rolling_history,major_name,normal,1.0,0.0,14652,-0.10974097426253882,0.03152243152243147,0.8324460824460824,0.009623259623259623,,固定混合10%×3；仅用目标年前误差选参，无先前误差用1；研究输出，不改生产默认
shandong,2024,rolling_history,major_name,mixture,1.0,0.0,14652,-0.15795583384149714,0.06826371826371824,0.8718263718263718,0.006552006552006552,,固定混合10%×3；仅用目标年前误差选参，无先前误差用1；研究输出，不改生产默认
shandong,2025,rolling_history,major_name,normal,1.0,0.056405094503398694,15643,-0.6331974449944887,0.10408063244475696,0.9024483794668542,0.02416416288435722,,固定混合10%×3；仅用目标年前误差选参，无先前误差用1；研究输出，不改生产默认
shandong,2025,rolling_history,major_name,mixture,0.9,0.056405094503398694,15643,-0.7069988937213524,0.10160881331372924,0.9037269066035927,0.020903918685674105,,固定混合10%×3；仅用目标年前误差选参，无先前误差用1；研究输出，不改生产默认
shandong,2026,retrospective_holdout,major_name,normal,1.0,0.03686049372757162,16295,-0.5865384666245202,0.04447171934131122,0.8516722921141454,0.019453820190242405,0,固定混合10%×3；仅用目标年前误差选参，无先前误差用1；研究输出，不改生产默认
shandong,2026,retrospective_holdout,major_name,mixture,0.7,0.03686049372757162,16295,-0.6645399377231117,0.05214278408509768,0.756428352255293,0.0382325866830316,0,固定混合10%×3；仅用目标年前误差选参，无先前误差用1；研究输出，不改生产默认
liaoning,2026,unavailable,major_name,,,,,,,,,,无可用训练位次，不调参
guangdong,2023,rolling_history,group_number_exploratory,normal,1.0,0.0,1772,-0.10620463658623629,0.08965387509405565,0.8589164785553047,0.03837471783295711,,固定混合10%×3；仅用目标年前误差选参，无先前误差用1；研究输出，不改生产默认
guangdong,2023,rolling_history,group_number_exploratory,mixture,1.0,0.0,1772,-0.19098748075937733,0.11429646350639582,0.8809255079006773,0.027652370203160272,,固定混合10%×3；仅用目标年前误差选参，无先前误差用1；研究输出，不改生产默认
guangdong,2024,rolling_history,group_number_exploratory,normal,1.0,0.012497387051156968,2117,0.29476624879888547,0.06336010077153209,0.7189418989135569,0.07510628247520075,,固定混合10%×3；仅用目标年前误差选参，无先前误差用1；研究输出，不改生产默认
guangdong,2024,rolling_history,group_number_exploratory,mixture,0.7,0.012497387051156968,2117,0.03224190281689986,0.14193040466068338,0.6400566839867737,0.10155880963627775,,固定混合10%×3；仅用目标年前误差选参，无先前误差用1；研究输出，不改生产默认
guangdong,2025,rolling_history,group_number_exploratory,normal,1.3,0.030605963737724156,914,0.38049101595781026,0.04186725018234868,0.7713347921225383,0.07658643326039387,,固定混合10%×3；仅用目标年前误差选参，无先前误差用1；研究输出，不改生产默认
guangdong,2025,rolling_history,group_number_exploratory,mixture,0.9,0.030605963737724156,914,0.12375496917621438,0.09073668854850479,0.6925601750547046,0.10722100656455143,,固定混合10%×3；仅用目标年前误差选参，无先前误差用1；研究输出，不改生产默认
guangdong,2026,retrospective_holdout,group_number_exploratory,normal,1.3,0.04126489370411392,3191,0.5425559856702302,0.11367387443852504,0.6687558759009715,0.06706361642118458,0,固定混合10%×3；仅用目标年前误差选参，无先前误差用1；研究输出，不改生产默认
guangdong,2026,retrospective_holdout,group_number_exploratory,mixture,1.0,0.04126489370411392,3191,0.35816537651282115,0.16444165883213205,0.6107803196490128,0.07803196490128486,0,固定混合10%×3；仅用目标年前误差选参，无先前误差用1；研究输出，不改生产默认
jiangsu,2024,rolling_history,group_number_exploratory,normal,1.0,0.0,1856,0.24637371387463902,0.04762931034482761,0.7904094827586207,0.06788793103448276,,固定混合10%×3；仅用目标年前误差选参，无先前误差用1；研究输出，不改生产默认
jiangsu,2024,rolling_history,group_number_exploratory,mixture,1.0,0.0,1856,0.02951521587903292,0.04859913793103451,0.8195043103448276,0.05172413793103448,,固定混合10%×3；仅用目标年前误差选参，无先前误差用1；研究输出，不改生产默认
jiangsu,2025,rolling_history,group_number_exploratory,normal,1.3,0.012556445829904717,2480,0.1705595340402798,0.029704301075268818,0.7959677419354839,0.05604838709677419,,固定混合10%×3；仅用目标年前误差选参，无先前误差用1；研究输出，不改生产默认
jiangsu,2025,rolling_history,group_number_exploratory,mixture,0.9,0.012556445829904717,2480,0.04194771942546257,0.08360215053763442,0.7137096774193549,0.06975806451612904,,固定混合10%×3；仅用目标年前误差选参，无先前误差用1；研究输出，不改生产默认
jiangsu,2026,retrospective_holdout,group_number_exploratory,normal,1.7,0.047342038653363845,2740,0.1369197015239511,0.05231143552311435,0.8113138686131387,0.0427007299270073,0,固定混合10%×3；仅用目标年前误差选参，无先前误差用1；研究输出，不改生产默认
jiangsu,2026,retrospective_holdout,group_number_exploratory,mixture,1.0,0.047342038653363845,2740,0.09176241547992844,0.08734793187347935,0.6981751824817518,0.07883211678832117,0,固定混合10%×3；仅用目标年前误差选参，无先前误差用1；研究输出，不改生产默认
hunan,2024,rolling_history,group_number_exploratory,normal,1.0,0.0,1449,0.18327937204639524,0.025718886588451822,0.7957211870255348,0.04623878536922015,,固定混合10%×3；仅用目标年前误差选参，无先前误差用1；研究输出，不改生产默认
hunan,2024,rolling_history,group_number_exploratory,mixture,1.0,0.0,1449,0.02832681377656092,0.0311019093627789,0.8260869565217391,0.03450655624568668,,固定混合10%×3；仅用目标年前误差选参，无先前误差用1；研究输出，不改生产默认
hunan,2025,rolling_history,group_number_exploratory,normal,1.3,0.04630040970465029,2496,0.10897110106282842,0.05643696581196581,0.828125,0.052083333333333336,,固定混合10%×3；仅用目标年前误差选参，无先前误差用1；研究输出，不改生产默认
hunan,2025,rolling_history,group_number_exploratory,mixture,0.9,0.04630040970465029,2496,-0.03179473804068019,0.04289529914529918,0.7528044871794872,0.06931089743589744,,固定混合10%×3；仅用目标年前误差选参，无先前误差用1；研究输出，不改生产默认
hunan,2026,retrospective_holdout,group_number_exploratory,normal,1.3,0.05788543490618102,2930,0.03157532562751052,0.04038680318543797,0.8071672354948806,0.05733788395904437,1,固定混合10%×3；仅用目标年前误差选参，无先前误差用1；研究输出，不改生产默认
hunan,2026,retrospective_holdout,group_number_exploratory,mixture,1.0,0.05788543490618102,2930,-0.06209260089777028,0.03890784982935155,0.7651877133105802,0.06655290102389079,1,固定混合10%×3；仅用目标年前误差选参，无先前误差用1；研究输出，不改生产默认
hubei,2026,unavailable,group_number_exploratory,,,,,,,,,,无可用训练位次，不调参
shanghai,2025,rolling_history,group_number_exploratory,normal,1.0,0.0,1053,0.5189360982447621,0.04805318138651471,0.8281101614434948,0.0389363722697056,,固定混合10%×3；仅用目标年前误差选参，无先前误差用1；研究输出，不改生产默认
shanghai,2025,rolling_history,group_number_exploratory,mixture,1.0,0.0,1053,0.23481722678702802,0.06261475150364042,0.8471035137701804,0.029439696106362774,,固定混合10%×3；仅用目标年前误差选参，无先前误差用1；研究输出，不改生产默认
shanghai,2026,retrospective_holdout,group_number_exploratory,normal,1.3,0.1357567409679068,1340,-0.07779881953405857,0.13706467661691538,0.9171641791044776,0.034328358208955224,1,固定混合10%×3；仅用目标年前误差选参，无先前误差用1；研究输出，不改生产默认
shanghai,2026,retrospective_holdout,group_number_exploratory,mixture,0.9,0.1357567409679068,1340,-0.258223907723071,0.05223880597014922,0.8731343283582089,0.056716417910447764,1,固定混合10%×3；仅用目标年前误差选参，无先前误差用1；研究输出，不改生产默认
heilongjiang,2025,rolling_history,group_number_exploratory,normal,1.0,0.0,1867,0.5503495701412929,0.05756114979467956,0.7836100696304231,0.07766470273165506,,固定混合10%×3；仅用目标年前误差选参，无先前误差用1；研究输出，不改生产默认
heilongjiang,2025,rolling_history,group_number_exploratory,mixture,1.0,0.0,1867,0.23465475390190743,0.05181217639707195,0.8093197643277986,0.06052490626673808,,固定混合10%×3；仅用目标年前误差选参，无先前误差用1；研究输出，不改生产默认
heilongjiang,2026,retrospective_holdout,group_number_exploratory,normal,1.3,0.005906956966137576,2444,0.2976750171845327,0.05242771412984174,0.8040098199672667,0.07364975450081833,0,固定混合10%×3；仅用目标年前误差选参，无先前误差用1；研究输出，不改生产默认
heilongjiang,2026,retrospective_holdout,group_number_exploratory,mixture,0.9,0.005906956966137576,2444,0.15935658266635527,0.06107474086197492,0.7364975450081833,0.10065466448445172,0,固定混合10%×3；仅用目标年前误差选参，无先前误差用1；研究输出，不改生产默认
