province,target_year,quantile,virtual_rank,rho,method,slots,observable,actual_fall,realized_synthetic_utility,landing_position,simulated_redundant_slots,predicted_utility,predicted_fall,scope
zhejiang,2026,0.2,39983,0.1,optimized,10,0,,,,1,31.89972789873675,0.0,retrospective_synthetic_projection_only
zhejiang,2026,0.2,39983,0.1,mechanical_343,10,1,0,31.761635224414768,4,2,31.885085381788265,0.0,retrospective_synthetic_projection_only
zhejiang,2026,0.2,39983,0.1,all_safe,10,0,,,,9,17.50455722939636,0.0,retrospective_synthetic_projection_only
zhejiang,2026,0.2,39983,0.5,optimized,10,0,,,,0,31.612567655340765,0.0,retrospective_synthetic_projection_only
zhejiang,2026,0.2,39983,0.5,mechanical_343,10,1,0,31.761635224414768,4,1,31.601775340370406,0.0,retrospective_synthetic_projection_only
zhejiang,2026,0.2,39983,0.5,all_safe,10,0,,,,9,17.50455722939636,0.0,retrospective_synthetic_projection_only
zhejiang,2026,0.35,69909,0.1,optimized,10,0,,,,0,23.509467937367628,0.0,retrospective_synthetic_projection_only
zhejiang,2026,0.35,69909,0.1,mechanical_343,10,0,,,,2,23.43088571923581,0.0,retrospective_synthetic_projection_only
zhejiang,2026,0.35,69909,0.1,all_safe,10,1,0,13.910352216200197,1,9,13.910352216200197,0.0,retrospective_synthetic_projection_only
zhejiang,2026,0.35,69909,0.5,optimized,10,0,,,,0,23.18286339563641,0.0,retrospective_synthetic_projection_only
zhejiang,2026,0.35,69909,0.5,mechanical_343,10,0,,,,0,23.127681201813225,0.0006666666666666666,retrospective_synthetic_projection_only
zhejiang,2026,0.35,69909,0.5,all_safe,10,1,0,13.910352216200197,1,9,13.910352216200197,0.0,retrospective_synthetic_projection_only
zhejiang,2026,0.5,92964,0.1,optimized,10,1,0,20.08496984395624,4,0,19.525136033614583,0.002,retrospective_synthetic_projection_only
zhejiang,2026,0.5,92964,0.1,mechanical_343,10,1,0,18.640295926691437,4,0,19.11596293193239,0.0006666666666666666,retrospective_synthetic_projection_only
zhejiang,2026,0.5,92964,0.1,all_safe,10,1,0,12.065401989506437,1,9,12.065401989506435,0.0,retrospective_synthetic_projection_only
zhejiang,2026,0.5,92964,0.5,optimized,10,1,0,20.08496984395624,3,0,18.994880407818993,0.0,retrospective_synthetic_projection_only
zhejiang,2026,0.5,92964,0.5,mechanical_343,10,1,0,18.640295926691437,4,0,18.66303757871135,0.01,retrospective_synthetic_projection_only
zhejiang,2026,0.5,92964,0.5,all_safe,10,1,0,12.065401989506437,1,9,12.065401989506435,0.0,retrospective_synthetic_projection_only
zhejiang,2026,0.65,117781,0.1,optimized,10,0,,,,0,15.830157351754664,0.0033333333333333335,retrospective_synthetic_projection_only
zhejiang,2026,0.65,117781,0.1,mechanical_343,10,0,,,,0,15.612719728350875,0.0,retrospective_synthetic_projection_only
zhejiang,2026,0.65,117781,0.1,all_safe,10,1,0,12.067769841061134,1,8,12.05522053234183,0.0,retrospective_synthetic_projection_only
zhejiang,2026,0.65,117781,0.5,optimized,10,0,,,,0,15.356184223465542,0.0,retrospective_synthetic_projection_only
zhejiang,2026,0.65,117781,0.5,mechanical_343,10,0,,,,0,15.240988761160116,0.0016666666666666668,retrospective_synthetic_projection_only
zhejiang,2026,0.65,117781,0.5,all_safe,10,1,0,12.067769841061134,1,8,12.052465806037592,0.0,retrospective_synthetic_projection_only
zhejiang,2026,0.8,141339,0.1,optimized,10,1,0,13.890192943439098,3,0,12.948746730347295,0.0016666666666666668,retrospective_synthetic_projection_only
zhejiang,2026,0.8,141339,0.1,mechanical_343,10,1,0,13.890192943439098,3,0,12.626965501161798,0.0,retrospective_synthetic_projection_only
zhejiang,2026,0.8,141339,0.1,all_safe,10,1,0,10.886668190403654,1,5,10.80274626964519,0.0,retrospective_synthetic_projection_only
zhejiang,2026,0.8,141339,0.5,optimized,10,1,0,13.890192943439098,3,0,12.426475525789007,0.007666666666666666,retrospective_synthetic_projection_only
zhejiang,2026,0.8,141339,0.5,mechanical_343,10,1,0,13.890192943439098,3,0,12.23874237119262,0.012,retrospective_synthetic_projection_only
zhejiang,2026,0.8,141339,0.5,all_safe,10,1,0,10.886668190403654,1,2,10.771038804187407,0.0003333333333333333,retrospective_synthetic_projection_only
hebei,2026,0.2,34450,0.1,optimized,10,0,,,,0,35.11491090595,0.0,retrospective_synthetic_projection_only
hebei,2026,0.2,34450,0.1,mechanical_343,10,0,,,,1,34.97335327750768,0.0,retrospective_synthetic_projection_only
hebei,2026,0.2,34450,0.1,all_safe,10,1,0,20.995523317164558,1,9,20.995523317164558,0.0,retrospective_synthetic_projection_only
hebei,2026,0.2,34450,0.5,optimized,10,0,,,,0,34.65739093463774,0.0,retrospective_synthetic_projection_only
hebei,2026,0.2,34450,0.5,mechanical_343,10,0,,,,0,34.50701252392694,0.0036666666666666666,retrospective_synthetic_projection_only
hebei,2026,0.2,34450,0.5,all_safe,10,1,0,20.995523317164558,1,9,20.995523317164558,0.0,retrospective_synthetic_projection_only
hebei,2026,0.35,56852,0.1,optimized,10,1,0,26.6387171274943,6,0,27.507234633662705,0.0,retrospective_synthetic_projection_only
hebei,2026,0.35,56852,0.1,mechanical_343,10,1,0,26.6387171274943,5,1,27.490358774570318,0.0,retrospective_synthetic_projection_only
hebei,2026,0.35,56852,0.1,all_safe,10,1,0,14.909231127347756,1,9,14.909231127347756,0.0,retrospective_synthetic_projection_only
hebei,2026,0.35,56852,0.5,optimized,10,1,0,26.6387171274943,5,0,27.067765966701433,0.0,retrospective_synthetic_projection_only
hebei,2026,0.35,56852,0.5,mechanical_343,10,1,0,26.6387171274943,5,0,27.032862292620596,0.002,retrospective_synthetic_projection_only
hebei,2026,0.35,56852,0.5,all_safe,10,1,0,14.909231127347756,1,9,14.909231127347756,0.0,retrospective_synthetic_projection_only
hebei,2026,0.5,81112,0.1,optimized,10,1,0,21.262886263962834,6,0,21.920727116965864,0.0,retrospective_synthetic_projection_only
hebei,2026,0.5,81112,0.1,mechanical_343,10,1,0,21.262886263962834,5,0,21.87643744945313,0.0003333333333333333,retrospective_synthetic_projection_only
hebei,2026,0.5,81112,0.1,all_safe,10,1,0,10.10579840593449,1,9,10.10579840593449,0.0,retrospective_synthetic_projection_only
hebei,2026,0.5,81112,0.5,optimized,10,1,0,21.262886263962834,5,0,21.478575629444215,0.0,retrospective_synthetic_projection_only
hebei,2026,0.5,81112,0.5,mechanical_343,10,1,0,21.262886263962834,5,0,21.330770007579467,0.009333333333333334,retrospective_synthetic_projection_only
hebei,2026,0.5,81112,0.5,all_safe,10,1,0,10.10579840593449,1,9,10.10579840593449,0.0,retrospective_synthetic_projection_only
hebei,2026,0.65,110872,0.1,optimized,10,0,,,,0,17.00142943374599,0.0,retrospective_synthetic_projection_only
hebei,2026,0.65,110872,0.1,mechanical_343,10,1,0,15.785776609641012,6,0,16.86774776163701,0.0,retrospective_synthetic_projection_only
hebei,2026,0.65,110872,0.1,all_safe,10,1,0,9.939587325133646,1,9,9.939587325133646,0.0,retrospective_synthetic_projection_only
hebei,2026,0.65,110872,0.5,optimized,10,0,,,,0,16.610576524073025,0.0,retrospective_synthetic_projection_only
hebei,2026,0.65,110872,0.5,mechanical_343,10,1,0,15.785776609641012,6,0,16.446276940446722,0.011666666666666667,retrospective_synthetic_projection_only
hebei,2026,0.65,110872,0.5,all_safe,10,1,0,9.939587325133646,1,9,9.939587325133646,0.0,retrospective_synthetic_projection_only
hebei,2026,0.8,150409,0.1,optimized,10,0,,,,0,12.503011928759706,0.001,retrospective_synthetic_projection_only
hebei,2026,0.8,150409,0.1,mechanical_343,10,0,,,,0,12.16939879109586,0.001,retrospective_synthetic_projection_only
hebei,2026,0.8,150409,0.1,all_safe,10,0,,,,7,9.11035158966286,0.0,retrospective_synthetic_projection_only
hebei,2026,0.8,150409,0.5,optimized,10,0,,,,0,12.104185955223713,0.001,retrospective_synthetic_projection_only
hebei,2026,0.8,150409,0.5,mechanical_343,10,0,,,,0,11.822789778019173,0.015333333333333332,retrospective_synthetic_projection_only
hebei,2026,0.8,150409,0.5,all_safe,10,0,,,,6,9.10998856079826,0.0,retrospective_synthetic_projection_only
shandong,2026,0.2,41733,0.1,optimized,10,0,,,,0,32.14849740444768,0.001,retrospective_synthetic_projection_only
shandong,2026,0.2,41733,0.1,mechanical_343,10,0,,,,1,31.656472182000435,0.0,retrospective_synthetic_projection_only
shandong,2026,0.2,41733,0.1,all_safe,10,1,0,19.239347749137792,1,9,19.239347749137792,0.0,retrospective_synthetic_projection_only
shandong,2026,0.2,41733,0.5,optimized,10,0,,,,0,31.55505708547099,0.0,retrospective_synthetic_projection_only
shandong,2026,0.2,41733,0.5,mechanical_343,10,0,,,,0,31.287654674558713,0.0016666666666666668,retrospective_synthetic_projection_only
shandong,2026,0.2,41733,0.5,all_safe,10,1,0,19.239347749137792,1,9,19.239347749137792,0.0,retrospective_synthetic_projection_only
shandong,2026,0.35,77499,0.1,optimized,10,1,0,23.1046117892984,5,0,22.577253278189932,0.0,retrospective_synthetic_projection_only
shandong,2026,0.35,77499,0.1,mechanical_343,10,1,0,23.1046117892984,4,1,22.541301020740796,0.0,retrospective_synthetic_projection_only
shandong,2026,0.35,77499,0.1,all_safe,10,0,,,,9,8.932620358553407,0.0,retrospective_synthetic_projection_only
shandong,2026,0.35,77499,0.5,optimized,10,1,0,23.1046117892984,4,0,22.192707016954554,0.0003333333333333333,retrospective_synthetic_projection_only
shandong,2026,0.35,77499,0.5,mechanical_343,10,1,0,23.1046117892984,4,0,22.178069346285923,0.0016666666666666668,retrospective_synthetic_projection_only
shandong,2026,0.35,77499,0.5,all_safe,10,0,,,,9,8.932620358553407,0.0,retrospective_synthetic_projection_only
shandong,2026,0.5,123882,0.1,optimized,10,1,0,17.316174295846025,3,0,15.498285513573792,0.0003333333333333333,retrospective_synthetic_projection_only
shandong,2026,0.5,123882,0.1,mechanical_343,10,1,0,17.316174295846025,2,0,15.485281123530086,0.0,retrospective_synthetic_projection_only
shandong,2026,0.5,123882,0.1,all_safe,10,1,0,4.992622849436743,1,9,4.992622849436743,0.0,retrospective_synthetic_projection_only
shandong,2026,0.5,123882,0.5,optimized,10,1,0,17.316174295846025,2,0,15.13945263005488,0.0,retrospective_synthetic_projection_only
shandong,2026,0.5,123882,0.5,mechanical_343,10,1,0,17.316174295846025,2,0,15.09694160554199,0.007333333333333333,retrospective_synthetic_projection_only
shandong,2026,0.5,123882,0.5,all_safe,10,1,0,4.992622849436743,1,9,4.992622849436743,0.0,retrospective_synthetic_projection_only
shandong,2026,0.65,168553,0.1,optimized,10,0,,,,0,10.56039564418493,0.008333333333333333,retrospective_synthetic_projection_only
shandong,2026,0.65,168553,0.1,mechanical_343,10,0,,,,0,10.291017556615735,0.0013333333333333333,retrospective_synthetic_projection_only
shandong,2026,0.65,168553,0.1,all_safe,10,1,0,3.464209921629084,1,9,3.464209921629084,0.0,retrospective_synthetic_projection_only
shandong,2026,0.65,168553,0.5,optimized,10,0,,,,0,10.038536322431879,0.0013333333333333333,retrospective_synthetic_projection_only
shandong,2026,0.65,168553,0.5,mechanical_343,10,0,,,,0,9.912679605937022,0.014666666666666666,retrospective_synthetic_projection_only
shandong,2026,0.65,168553,0.5,all_safe,10,1,0,3.464209921629084,1,9,3.464209921629084,0.0,retrospective_synthetic_projection_only
shandong,2026,0.8,217335,0.1,optimized,10,0,,,,0,6.649656530719007,0.004666666666666667,retrospective_synthetic_projection_only
shandong,2026,0.8,217335,0.1,mechanical_343,10,0,,,,0,6.393029765846421,0.0,retrospective_synthetic_projection_only
shandong,2026,0.8,217335,0.1,all_safe,10,1,0,3.3411934648065764,1,6,3.320241608611184,0.0,retrospective_synthetic_projection_only
shandong,2026,0.8,217335,0.5,optimized,10,0,,,,0,6.105552043957919,0.021333333333333333,retrospective_synthetic_projection_only
shandong,2026,0.8,217335,0.5,mechanical_343,10,0,,,,0,6.018408753126063,0.006666666666666667,retrospective_synthetic_projection_only
shandong,2026,0.8,217335,0.5,all_safe,10,1,0,3.3411934648065764,1,5,3.3145357604122196,0.0,retrospective_synthetic_projection_only
