province,target_year,n_prior_transitions,common_variance,within_variance,rho_estimate,status
zhejiang,2024,1,,0.010794350819360966,,样本少；仅描述估计，不替代rho敏感性；未验证组合风险
zhejiang,2025,2,6.321774825865205e-06,0.02696821378427585,0.00023436084050507846,样本少；仅描述估计，不替代rho敏感性；未验证组合风险
zhejiang,2026,3,1.925284495151413e-05,0.021965604764059864,0.0008757320740445722,样本少；仅描述估计，不替代rho敏感性；未验证组合风险
hebei,2023,1,,0.009775194266088928,,样本少；仅描述估计，不替代rho敏感性；未验证组合风险
hebei,2024,2,0.00011704022117545336,0.015459356269533382,0.007513947224267608,样本少；仅描述估计，不替代rho敏感性；未验证组合风险
hebei,2025,3,0.0005161667278340274,0.014526295467873178,0.03431397873024605,样本少；仅描述估计，不替代rho敏感性；未验证组合风险
hebei,2026,4,0.0005121516641768153,0.013538368339159945,0.03645072666742497,样本少；仅描述估计，不替代rho敏感性；未验证组合风险
shandong,2025,1,,0.03735524575585441,,样本少；仅描述估计，不替代rho敏感性；未验证组合风险
shandong,2026,2,0.0007639828389729206,0.026431082853104644,0.028092700625300684,样本少；仅描述估计，不替代rho敏感性；未验证组合风险
