province,target_year,quantile,distribution,n,low_n,low_predicted,low_observed,brier,scope
zhejiang,2026,0.2,normal,35,1,0.09403693596646906,0,0.02747406033006452,retrospective_repeated_schools_not_independent_trials
zhejiang,2026,0.2,mixture,35,1,0.11767479118502158,0,0.027424832764014213,retrospective_repeated_schools_not_independent_trials
zhejiang,2026,0.35,normal,34,2,0.14113710611303976,0,0.027073844075714018,retrospective_repeated_schools_not_independent_trials
zhejiang,2026,0.35,mixture,34,1,0.1250265661421931,0,0.027258512708026192,retrospective_repeated_schools_not_independent_trials
zhejiang,2026,0.5,normal,34,4,0.1269465545975515,0.25,0.052986245327116384,retrospective_repeated_schools_not_independent_trials
zhejiang,2026,0.5,mixture,34,4,0.1492130349577077,0.25,0.05330664151290857,retrospective_repeated_schools_not_independent_trials
zhejiang,2026,0.65,normal,34,1,0.09254036865776549,0,0.06511470940695753,retrospective_repeated_schools_not_independent_trials
zhejiang,2026,0.65,mixture,34,2,0.09282731626363712,0,0.06477089897090918,retrospective_repeated_schools_not_independent_trials
zhejiang,2026,0.8,normal,35,4,0.13247162158517223,0.5,0.10079338553508121,retrospective_repeated_schools_not_independent_trials
zhejiang,2026,0.8,mixture,35,3,0.13715220489374877,0.3333333333333333,0.09993803463216894,retrospective_repeated_schools_not_independent_trials
hebei,2026,0.2,normal,31,1,0.12640367535732722,0,0.018780409770911187,retrospective_repeated_schools_not_independent_trials
hebei,2026,0.2,mixture,31,1,0.14891658046188647,0,0.019840896823827222,retrospective_repeated_schools_not_independent_trials
hebei,2026,0.35,normal,33,2,0.07897962734304478,0,0.04492142203759196,retrospective_repeated_schools_not_independent_trials
hebei,2026,0.35,mixture,33,2,0.10271810474262583,0,0.0451184829899606,retrospective_repeated_schools_not_independent_trials
hebei,2026,0.5,normal,35,1,0.12560517938419036,0,0.02105369035761138,retrospective_repeated_schools_not_independent_trials
hebei,2026,0.5,mixture,35,2,0.10408021531381689,0,0.022323784613991725,retrospective_repeated_schools_not_independent_trials
hebei,2026,0.65,normal,28,3,0.11201141824862175,0,0.027319636239046163,retrospective_repeated_schools_not_independent_trials
hebei,2026,0.65,mixture,28,3,0.13503473390062534,0,0.028789151914829593,retrospective_repeated_schools_not_independent_trials
hebei,2026,0.8,normal,29,3,0.09841517898469453,0,0.04799153527536035,retrospective_repeated_schools_not_independent_trials
hebei,2026,0.8,mixture,29,3,0.12180174012377892,0,0.04858491074000331,retrospective_repeated_schools_not_independent_trials
shandong,2026,0.2,normal,32,1,0.14415387843514849,0,0.01711344431333753,retrospective_repeated_schools_not_independent_trials
shandong,2026,0.2,mixture,32,3,0.09883920815990846,0,0.018701259113306837,retrospective_repeated_schools_not_independent_trials
shandong,2026,0.35,normal,36,1,0.11585847903401475,0,0.062038804724924825,retrospective_repeated_schools_not_independent_trials
shandong,2026,0.35,mixture,36,2,0.09967131535352167,0,0.06134801303764695,retrospective_repeated_schools_not_independent_trials
shandong,2026,0.5,normal,37,0,,,0.05198951565000436,retrospective_repeated_schools_not_independent_trials
shandong,2026,0.5,mixture,37,1,0.05655274143837,1,0.051179798296767165,retrospective_repeated_schools_not_independent_trials
shandong,2026,0.65,normal,35,2,0.13725151422628062,0,0.0731412217799138,retrospective_repeated_schools_not_independent_trials
shandong,2026,0.65,mixture,35,2,0.07902583237197221,0,0.07273059348507036,retrospective_repeated_schools_not_independent_trials
shandong,2026,0.8,normal,33,5,0.1254469505579492,0,0.05480048855590225,retrospective_repeated_schools_not_independent_trials
shandong,2026,0.8,mixture,33,5,0.14786400347315104,0,0.0558544896578731,retrospective_repeated_schools_not_independent_trials
