year,code,name,loc,major,subjects,admit,years,avg,score,rank
2023,0001,浙江大学,浙江·杭州,马克思主义理论,思想政治,6,4,674,673,3737
2023,0001,浙江大学,浙江·杭州,外国语言文学类(小语种),不限,19,4,671,669,4986
2023,0003,浙江工业大学,浙江·杭州,教育学类(师范),物理,176,4,608,599,53183
2023,0005,宁波大学,浙江·宁波,航海技术,物理/ 化学/ 技术,5,4,609,595,57057
2023,0005,宁波大学,浙江·宁波,轮机工程,物理,3,4,593,591,61751
2023,0010,浙江海洋大学,浙江·舟山,航海技术,物理/ 化学/ 技术,17,4,568,557,99168
2023,0010,浙江海洋大学,浙江·舟山,轮机工程(轮机管理方向),物理/ 化学/ 技术,23,4,562,556,100335
2023,1103,北京大学,北京,乌尔都语,不限,1,4,695,695,397
2023,1103,北京大学,北京,希伯来语,不限,1,4,700,700,181
2023,1130,北京师范大学,北京,俄语,不限,2,4,641,635,22272
2023,1142,北京语言大学,北京,俄语,不限,1,4,629,629,26545
2023,1142,北京语言大学,北京,德语,不限,1,4,622,622,32327
2023,1142,北京语言大学,北京,法语,不限,1,4,611,611,42207
2023,1142,北京语言大学,北京,西班牙语,不限,1,4,636,636,21319
2023,1142,北京语言大学,北京,阿拉伯语,不限,1,4,629,629,26033
2023,1142,北京语言大学,北京,日语,不限,1,4,642,642,17372
2023,1142,北京语言大学,北京,朝鲜语(韩国语),不限,1,4,640,640,18562
2023,1142,北京语言大学,北京,葡萄牙语,不限,1,4,634,634,23035
2023,1142,北京语言大学,北京,意大利语,不限,1,4,604,604,48900
2023,1144,对外经济贸易大学,北京,俄语(含与国贸专业双学士学位项目),不限,4,4,652,647,14408
2023,1144,对外经济贸易大学,北京,德语,不限,2,4,652,646,14988
2023,1144,对外经济贸易大学,北京,法语(含与国贸专业双学士学位项目),不限,2,4,653,652,11819
2023,1144,对外经济贸易大学,北京,西班牙语,不限,2,4,659,658,9074
2023,1144,对外经济贸易大学,北京,阿拉伯语(含与国贸专业双学士学位项目),不限,2,4,656,654,10953
2023,1144,对外经济贸易大学,北京,日语,不限,3,4,643,638,20035
2023,1144,对外经济贸易大学,北京,波斯语,不限,2,4,642,633,23489
2023,1144,对外经济贸易大学,北京,朝鲜语(含与国贸专业双学士学位项目),不限,3,4,643,636,21500
2023,1144,对外经济贸易大学,北京,意大利语,不限,3,4,646,646,15131
2023,1145,国际关系学院,北京,国际经济与贸易(只招男生),物理,1,4,637,637,20621
2023,1145,国际关系学院,北京,国际经济与贸易(只招女生),物理,1,4,642,642,17015
2023,1145,国际关系学院,北京,法学(只招男生),不限,1,4,641,641,18101
2023,1145,国际关系学院,北京,法学(只招女生),不限,1,4,653,653,11290
2023,1145,国际关系学院,北京,国际政治(只招男生),不限,2,4,645,636,21315
2023,1145,国际关系学院,北京,国际政治(只招女生),不限,2,4,652,652,11914
2023,1145,国际关系学院,北京,政治学、经济学与哲学(只招男生),不限,1,4,632,632,24410
2023,1145,国际关系学院,北京,政治学、经济学与哲学(只招女生),不限,1,4,652,652,11814
2023,1145,国际关系学院,北京,英语(只招男生),不限,1,4,632,632,24305
2023,1145,国际关系学院,北京,英语(只招女生),不限,1,4,650,650,12855
2023,1145,国际关系学院,北京,法语(只招男生),不限,1,4,650,650,12918
2023,1145,国际关系学院,北京,法语(只招女生),不限,1,4,651,651,12447
2023,1145,国际关系学院,北京,日语(只招男生),不限,1,4,635,635,21874
2023,1145,国际关系学院,北京,日语(只招女生),不限,1,4,648,648,13900
2023,1145,国际关系学院,北京,传播学(只招男生),不限,1,4,640,640,18556
2023,1145,国际关系学院,北京,传播学(只招女生),不限,1,4,652,652,11825
2023,1145,国际关系学院,北京,数据科学与大数据技术(只招男生),物理,1,4,637,637,20288
2023,1145,国际关系学院,北京,数据科学与大数据技术(只招女生),物理,1,4,642,642,17113
2023,1145,国际关系学院,北京,网络空间安全(只招男生),物理,1,4,641,641,17778
2023,1145,国际关系学院,北京,网络空间安全(只招女生),物理,1,4,644,644,16089
2023,1145,国际关系学院,北京,行政管理(只招男生),物理,1,4,631,631,24576
2023,1145,国际关系学院,北京,行政管理(只招女生),物理,1,4,642,642,17311
2023,1147,清华大学,北京,马克思主义理论,思想政治,1,4,702,702,106
2023,1147,清华大学,北京,核工程与核技术(定向中核),物理,3,4,699,698,254
2023,1152,外交学院,北京,金融学,不限,2,4,655,655,10442
2023,1152,外交学院,北京,国际经济与贸易,不限,2,4,657,656,9964
2023,1152,外交学院,北京,法学,不限,2,4,663,663,7042
2023,1152,外交学院,北京,外交学,不限,3,4,669,666,5885
2023,1152,外交学院,北京,国际事务与国际关系,不限,1,4,664,664,6699
2023,1152,外交学院,北京,英语,不限,1,4,658,658,8675
2023,1152,外交学院,北京,英语(国际传播),不限,1,4,658,658,8900
2023,1152,外交学院,北京,法语,不限,1,4,658,658,9030
2023,1152,外交学院,北京,西班牙语,不限,1,4,657,657,9527
2023,1152,外交学院,北京,日语,不限,1,4,658,658,8943
2023,1152,外交学院,北京,翻译,不限,2,4,659,658,9012
2023,1153,中国传媒大学,北京,德语,不限,2,4,652,651,12157
2023,1153,中国传媒大学,北京,马来语,不限,2,4,644,643,16815
2023,1153,中国传媒大学,北京,土耳其语,不限,2,4,647,645,15392
2023,1159,中国人民大学,北京,马克思主义理论,思想政治,2,4,688,687,1042
2023,1159,中国人民大学,北京,外国语言文学类,不限,7,4,682,678,2637
2023,1203,南开大学,天津,外国语言文学类,不限,14,4,665,664,6714
2023,1232,天津师范大学,天津,马克思主义理论,思想政治,1,4,628,628,26855
2023,1352,中央司法警官学院,河北·保定,法学,不限,12,4,608,590,62819
2023,1352,中央司法警官学院,河北·保定,监狱学(只招男生),不限,4,4,614,607,45983
2023,1352,中央司法警官学院,河北·保定,监狱学(心理矫治方向)(只招男生),不限,3,4,608,605,47190
2023,1352,中央司法警官学院,河北·保定,司法警察学(只招男生),不限,14,4,617,611,41700
2023,1352,中央司法警官学院,河北·保定,社区矫正,不限,4,4,602,583,70277
2023,1352,中央司法警官学院,河北·保定,行政管理(警察管理方向),不限,6,4,595,584,69306
2023,2108,大连海事大学,辽宁·大连,航海技术,物理,2,4,610,607,45524
2023,2108,大连海事大学,辽宁·大连,轮机工程(海上专业),物理,2,4,614,601,51034
2023,2218,东北师范大学,吉林·长春,思想政治教育(师范),思想政治,2,4,661,660,8088
2023,2218,东北师范大学,吉林·长春,教育技术学(师范),物理& 化学,1,4,659,659,8492
2023,2218,东北师范大学,吉林·长春,小学教育(师范),物理/ 历史,2,4,659,658,9054
2023,2218,东北师范大学,吉林·长春,汉语言文学(师范),不限,3,4,666,663,6957
2023,2218,东北师范大学,吉林·长春,英语(师范),不限,3,4,659,658,8901
2023,2218,东北师范大学,吉林·长春,历史学(师范),历史/ 地理,2,4,661,661,7824
2023,2218,东北师范大学,吉林·长春,地理科学(师范),物理/ 化学/ 地理,2,4,661,660,8227
2023,2220,吉林大学,吉林·长春,"马克思主义理论(吕振羽班,本研贯通)",思想政治,1,4,646,646,14747
2023,2220,吉林大学,吉林·长春,马克思主义理论,思想政治,2,4,647,646,14823
2023,3102,复旦大学,上海,马克思主义理论(望道班),思想政治,7,4,682,679,2257
2023,3102,复旦大学,上海,德语,不限,7,4,683,680,2186
2023,3102,复旦大学,上海,法语,不限,7,4,687,683,1547
2023,3102,复旦大学,上海,西班牙语,不限,8,4,685,682,1770
2023,3102,复旦大学,上海,日语,不限,4,4,682,678,2454
2023,3102,复旦大学,上海,朝鲜语,不限,3,4,675,675,3357
2023,3105,华东师范大学,上海,思想政治教育(师范),思想政治,2,4,681,680,2160
2023,3105,华东师范大学,上海,学前教育(师范),不限,2,4,669,667,5489
2023,3105,华东师范大学,上海,汉语言文学(师范),不限,4,4,686,683,1661
2023,3105,华东师范大学,上海,英语(师范),不限,3,4,677,677,2841
2023,3105,华东师范大学,上海,历史学(师范),不限,2,4,676,675,3135
2023,3105,华东师范大学,上海,数学与应用数学(师范),物理,6,4,678,674,3411
2023,3105,华东师范大学,上海,物理学(师范),物理,4,4,677,674,3469
2023,3105,华东师范大学,上海,化学(师范),物理/ 化学,2,4,682,673,3621
2023,3105,华东师范大学,上海,地理科学(师范),物理/ 化学,3,4,677,672,4053
2023,3105,华东师范大学,上海,生物科学(师范),物理/ 化学,4,4,673,670,4565
2023,3106,华东政法大学,上海,侦查学(刑事调查)(只招男生),思想政治,4,4,622,608,44185
2023,3106,华东政法大学,上海,侦查学(经济犯罪治理)(只招男生),思想政治,3,4,654,652,11786
2023,3106,华东政法大学,上海,侦查学(经济犯罪治理)(只招女生),思想政治,1,4,650,650,12747
2023,3124,上海海关学院,上海,海关稽查,不限,3,4,655,650,12556
2023,3124,上海海关学院,上海,海关管理,不限,13,4,662,657,9429
2023,3124,上海海关学院,上海,海关检验检疫安全,物理/ 化学/ 生物,3,4,657,652,11552
2023,3125,上海海事大学,上海,航海技术,物理/ 化学,25,4,579,566,89174
2023,3125,上海海事大学,上海,轮机工程,物理/ 化学,11,4,580,572,82211
2023,3125,上海海事大学,上海,船舶电子电气工程,物理/ 化学,6,4,590,587,66158
2023,3151,上海外国语大学,上海,俄语(工商管理双学位),不限,6,4,654,651,12448
2023,3151,上海外国语大学,上海,阿拉伯语(英语),不限,4,4,658,647,14289
2023,3151,上海外国语大学,上海,日语,不限,9,4,656,652,11879
2023,3151,上海外国语大学,上海,波斯语(英语),不限,2,4,645,645,15342
2023,3151,上海外国语大学,上海,朝鲜语(英语),不限,4,4,649,646,14659
2023,3151,上海外国语大学,上海,印度尼西亚语(英语),不限,2,4,645,644,16177
2023,3151,上海外国语大学,上海,柬埔寨语(英语),不限,2,4,647,647,14178
2023,3151,上海外国语大学,上海,泰语(英语),不限,2,4,647,646,14646
2023,3151,上海外国语大学,上海,瑞典语(英语),不限,2,4,653,651,12454
2023,3151,上海外国语大学,上海,塞尔维亚语(英语),不限,2,4,645,644,16280
2023,3151,上海外国语大学,上海,土耳其语(英语),不限,2,4,646,644,16114
2023,3151,上海外国语大学,上海,希腊语(英语),不限,2,4,649,648,13892
2023,3151,上海外国语大学,上海,匈牙利语(英语),不限,2,4,647,646,15122
2023,3151,上海外国语大学,上海,荷兰语(英语),不限,2,4,651,650,12894
2023,3151,上海外国语大学,上海,乌兹别克语(英语),不限,2,4,644,644,16205
2023,3240,南京大学,江苏·南京,马克思主义理论,思想政治,4,4,671,667,5556
2023,3325,中国人民大学,苏州校区)(江苏·苏州,法语(中外合作办学),不限,2,4,663,660,8033
2023,3425,安徽师范大学,安徽·芜湖,马克思主义理论,思想政治,2,4,616,615,38443
2023,3524,集美大学,福建·厦门,航海技术,物理,5,4,561,553,102733
2023,3524,集美大学,福建·厦门,轮机工程,物理,5,4,561,554,101495
2023,3524,集美大学,福建·厦门,船舶电子电气工程,物理,2,4,561,552,103927
2023,3627,江西师范大学,江西·南昌,马克思主义理论,思想政治,3,4,624,617,36708
2023,3731,山东大学,山东·济南,马克思主义理论,思想政治,2,4,664,662,7248
2023,3738,山东交通学院,山东·济南,船舶电子电气工程,物理/ 化学,2,4,548,545,111847
2023,4039,华中师范大学,湖北·武汉,思想政治教育(师范),思想政治,2,4,670,669,5002
2023,4039,华中师范大学,湖北·武汉,科学教育(师范),物理/ 化学/ 生物,1,4,666,666,5827
2023,4039,华中师范大学,湖北·武汉,教育技术学(师范),物理/ 化学/ 生物,2,4,661,660,8084
2023,4039,华中师范大学,湖北·武汉,学前教育(师范),生物/ 思想政治/ 历史,1,4,666,666,5894
2023,4039,华中师范大学,湖北·武汉,特殊教育(师范),生物/ 思想政治/ 历史,2,4,659,657,9510
2023,4039,华中师范大学,湖北·武汉,汉语言文学(师范),历史/ 地理,2,4,673,670,4613
2023,4039,华中师范大学,湖北·武汉,英语(师范),不限,2,4,672,672,4136
2023,4039,华中师范大学,湖北·武汉,历史学(师范),历史/ 地理,2,4,667,666,5699
2023,4039,华中师范大学,湖北·武汉,数学与应用数学(师范),物理,2,4,671,670,4601
2023,4039,华中师范大学,湖北·武汉,物理学(师范),物理,3,4,668,667,5471
2023,4039,华中师范大学,湖北·武汉,化学(师范),化学,2,4,671,666,5705
2023,4039,华中师范大学,湖北·武汉,地理科学(师范),物理/ 化学/ 地理,2,4,672,672,4138
2023,4039,华中师范大学,湖北·武汉,生物科学(师范),物理/ 化学/ 生物,3,4,671,670,4688
2023,4039,华中师范大学,湖北·武汉,心理学(师范),物理/ 生物,1,4,659,659,8522
2023,4055,武汉大学,湖北·武汉,马克思主义理论,思想政治,6,4,672,670,4541
2023,4072,武汉理工大学,湖北·武汉,航海技术,物理,2,4,612,612,41212
2023,4072,武汉理工大学,湖北·武汉,轮机工程,物理,2,4,622,621,32378
2023,4095,中南财经政法大学,湖北·武汉,公安学类(限男),思想政治,5,4,616,611,42134
2023,4095,中南财经政法大学,湖北·武汉,公安学类(限女),思想政治,1,4,641,641,18143
2023,4447,香港中文大学,深圳)(内地与港澳台地区合作办学)(广东·深圳,经济管理试验班,不限,6,4,668,666,5946
2023,4447,香港中文大学,深圳)(内地与港澳台地区合作办学)(广东·深圳,理科试验班,物理/ 化学/ 生物,8,4,677,668,5281
2023,4613,海南热带海洋学院,海南·三亚,船舶电子电气工程,物理,3,4,516,511,150250
2023,5003,四川外国语大学,重庆,俄语,不限,2,4,589,584,69655
2023,5003,四川外国语大学,重庆,德语,不限,2,4,593,586,67590
2023,5003,四川外国语大学,重庆,法语,不限,1,4,587,587,66192
2023,5003,四川外国语大学,重庆,西班牙语,不限,1,4,598,598,54530
2023,5003,四川外国语大学,重庆,阿拉伯语,不限,1,4,587,587,66128
2023,5003,四川外国语大学,重庆,日语,不限,2,4,585,584,69786
2023,5003,四川外国语大学,重庆,朝鲜语,不限,1,4,583,583,70551
2023,5003,四川外国语大学,重庆,葡萄牙语,不限,1,4,593,593,60023
2023,5005,西南大学,重庆,思想政治教育(师范),思想政治,2,4,668,667,5540
2023,5005,西南大学,重庆,学前教育(师范),思想政治/ 历史/ 地理,1,4,664,664,6685
2023,5005,西南大学,重庆,特殊教育(师范),思想政治/ 历史/ 地理,2,4,661,660,8112
2023,5005,西南大学,重庆,汉语言文学(师范),思想政治/ 历史/ 地理,1,4,671,671,4425
2023,5005,西南大学,重庆,英语(师范),生物/ 思想政治/ 历史,1,4,666,666,5949
2023,5005,西南大学,重庆,历史学(师范),历史,2,4,669,667,5564
2023,5005,西南大学,重庆,数学与应用数学(师范),物理,1,4,662,662,7354
2023,5005,西南大学,重庆,物理学(师范),物理,2,4,662,659,8284
2023,5005,西南大学,重庆,化学(师范),物理/ 化学,1,4,664,664,6615
2023,5005,西南大学,重庆,地理科学(师范),物理/ 化学/ 地理,1,4,670,670,4532
2023,5005,西南大学,重庆,生物科学(师范),物理/ 化学/ 生物,2,4,666,665,6266
2023,5005,西南大学,重庆,心理学(师范),物理/ 化学/ 生物,1,4,665,665,6071
2023,5005,西南大学,重庆,计算机科学与技术(师范),物理,1,4,656,656,9591
2023,5007,西南政法大学,重庆,侦查学(只招男生),思想政治,6,4,618,605,47847
2023,5007,西南政法大学,重庆,侦查学(只招女生),思想政治,1,4,646,646,15052
2023,6108,陕西师范大学,陕西·西安,汉语言文学(师范),思想政治/ 历史,2,4,673,672,4015
2023,6108,陕西师范大学,陕西·西安,英语(师范),不限,1,4,670,670,4645
2023,6108,陕西师范大学,陕西·西安,历史学(师范),历史/ 地理,2,4,669,669,4943
2023,6108,陕西师范大学,陕西·西安,数学与应用数学(师范),物理,2,4,666,664,6343
2023,6108,陕西师范大学,陕西·西安,物理学(师范),物理,2,4,664,662,7398
2023,6108,陕西师范大学,陕西·西安,化学(师范),物理/ 化学,2,4,662,661,7770
2023,6108,陕西师范大学,陕西·西安,生物科学(师范),物理/ 化学/ 生物,2,4,666,665,6278
2023,6139,西安外国语大学,陕西·西安,阿拉伯语,不限,1,4,574,574,79715
2023,6139,西安外国语大学,陕西·西安,日语,不限,7,4,585,575,79332
2023,8101,香港中文大学,香港,人文类,不限,2,4,673,673,3843
2023,8101,香港中文大学,香港,理科类,物理/ 化学/ 生物,4,4,672,670,4592
2023,8101,香港中文大学,香港,工科类,物理/ 化学/ 生物,4,4,672,668,5051
2023,8101,香港中文大学,香港,本科入学奖学金类,不限,2,4,688,681,1899
2023,8101,香港中文大学,香港,商科类,不限,2,4,678,677,2823
2023,8102,香港城市大学,香港,商学院,不限,1,4,657,657,9156
2023,8102,香港城市大学,香港,人文社会科学院,不限,1,4,656,656,9919
2023,8102,香港城市大学,香港,工学院(工程类),物理/ 化学/ 生物,2,4,655,652,11651
2023,8102,香港城市大学,香港,工学院(资讯科技及工程类),物理/ 化学/ 生物,2,4,657,652,11829
2023,8102,香港城市大学,香港,理学院,物理/ 化学/ 生物,1,4,662,662,7348
2023,8102,香港城市大学,香港,法律学院,不限,3,4,659,659,8658
2023,8102,香港城市大学,香港,能源及环境学院,物理/ 化学/ 生物,2,4,650,649,13311
2023,8102,香港城市大学,香港,生物医学系,物理/ 化学/ 生物,1,4,653,653,11102
2023,9150,陆军工程大学,人防)(江苏·南京,通信工程(全国人防通信领域工程师),物理,1,4,602,602,49992
2023,9150,陆军工程大学,人防)(江苏·南京,土木工程(全国人防工程建筑结构设计与施工工程师),物理,1,4,627,627,27567
2023,9150,陆军工程大学,人防)(江苏·南京,程师),物理,1,4,595,595,57801
2023,9150,陆军工程大学,人防)(江苏·南京,建筑学(全国人防工程建筑设计工程师),物理,1,5,593,593,59168
2023,9150,陆军工程大学,人防)(江苏·南京,工程管理(全国人防建筑施工组织管理与监理工程师),物理,1,4,583,583,70535
2024,0001,浙江大学,浙江·杭州,外国语言文学类(小语种),不限,16,4,670,668,5342
2024,0001,浙江大学,浙江·杭州,马克思主义理论,思想政治,5,4,673,672,4359
2024,0003,浙江工业大学,浙江·杭州,教育学类(师范),物理& 化学,163,4,607,599,54950
2024,0005,宁波大学,浙江·宁波,航海技术,物理& 化学,5,4,588,579,76809
2024,0005,宁波大学,浙江·宁波,轮机工程,物理& 化学,3,4,597,594,59833
2024,0010,浙江海洋大学,浙江·舟山,航海技术,物理& 化学,18,4,556,542,119900
2024,0010,浙江海洋大学,浙江·舟山,轮机工程(轮机管理方向),物理& 化学,12,4,561,547,114022
2024,1103,北京大学,北京,波斯语,不限,1,4,704,704,141
2024,1103,北京大学,北京,葡萄牙语,不限,1,4,706,706,87
2024,1130,北京师范大学,北京,俄语,不限,1,4,661,661,7945
2024,1130,北京师范大学,北京,日语,不限,1,4,662,662,7554
2024,1142,北京语言大学,北京,法语,不限,1,4,630,630,25064
2024,1142,北京语言大学,北京,西班牙语,不限,1,4,632,632,23883
2024,1142,北京语言大学,北京,日语(日英复语),不限,1,4,631,631,24376
2024,1142,北京语言大学,北京,日语,不限,1,4,620,620,33974
2024,1142,北京语言大学,北京,葡萄牙语,不限,1,4,628,628,27170
2024,1142,北京语言大学,北京,意大利语,不限,1,4,626,626,28502
2024,1142,北京语言大学,北京,西班牙语(涉外矿产资源人才实验班),不限,1,4,639,639,18796
2024,1142,北京语言大学,北京,俄语(涉外油气勘查人才实验班),不限,1,4,618,618,35619
2024,1142,北京语言大学,北京,法语(涉外化工人才实验班),不限,1,4,621,621,32922
2024,1142,北京语言大学,北京,德语(涉外林业工程人才实验班),不限,1,4,625,625,29637
2024,1144,对外经济贸易大学,北京,阿拉伯语(含双学士学位项目),不限,2,4,651,650,12654
2024,1144,对外经济贸易大学,北京,法语(含双学士学位项目),不限,2,4,656,656,9934
2024,1144,对外经济贸易大学,北京,德语,不限,5,4,650,648,13820
2024,1144,对外经济贸易大学,北京,意大利语(含双学士学位项目),不限,3,4,653,653,11296
2024,1144,对外经济贸易大学,北京,日语(含双学士学位项目),不限,3,4,651,650,12657
2024,1144,对外经济贸易大学,北京,俄语(含双学士学位项目),不限,2,4,649,649,13290
2024,1144,对外经济贸易大学,北京,西班牙语(含双学士学位项目),不限,3,4,655,654,10885
2024,1144,对外经济贸易大学,北京,葡萄牙语,不限,2,4,651,650,12839
2024,1145,国际关系学院,北京,国际经济与贸易(只招男生),不限,1,4,634,634,22446
2024,1145,国际关系学院,北京,法学(只招男生),不限,1,4,642,642,16828
2024,1145,国际关系学院,北京,海外利益安全(只招男生),不限,2,4,643,642,16924
2024,1145,国际关系学院,北京,国际政治(只招男生),思想政治,1,4,637,637,20510
2024,1145,国际关系学院,北京,政治学、经济学与哲学(只招男生),思想政治& 历史,1,4,645,645,15372
2024,1145,国际关系学院,北京,英语(只招男生),不限,1,4,636,636,20751
2024,1145,国际关系学院,北京,法语(只招男生),不限,1,4,632,632,23373
2024,1145,国际关系学院,北京,日语(只招男生),不限,1,4,630,630,25273
2024,1145,国际关系学院,北京,传播学(只招男生),不限,1,4,632,632,24092
2024,1145,国际关系学院,北京,人工智能(只招男生),物理& 化学,1,4,646,646,14391
2024,1145,国际关系学院,北京,数据科学与大数据技术(只招男生),物理& 化学,1,4,639,639,18676
2024,1145,国际关系学院,北京,网络空间安全(只招男生),物理& 化学,1,4,645,645,15118
2024,1145,国际关系学院,北京,国际经济与贸易(只招女生),不限,1,4,633,633,23265
2024,1145,国际关系学院,北京,法学(只招女生),不限,1,4,650,650,12514
2024,1145,国际关系学院,北京,海外利益安全(只招女生),不限,1,4,638,638,19845
2024,1145,国际关系学院,北京,国际政治(只招女生),思想政治,1,4,655,655,10254
2024,1145,国际关系学院,北京,政治学、经济学与哲学(只招女生),思想政治& 历史,1,4,641,641,17478
2024,1145,国际关系学院,北京,英语(只招女生),不限,1,4,634,634,22419
2024,1145,国际关系学院,北京,法语(只招女生),不限,2,4,630,629,25959
2024,1145,国际关系学院,北京,日语(只招女生),不限,1,4,627,627,27544
2024,1145,国际关系学院,北京,传播学(只招女生),不限,1,4,639,639,19207
2024,1145,国际关系学院,北京,人工智能(只招女生),物理& 化学,1,4,628,628,26416
2024,1145,国际关系学院,北京,数据科学与大数据技术(只招女生),物理& 化学,1,4,638,638,19463
2024,1145,国际关系学院,北京,网络空间安全(只招女生),物理& 化学,1,4,639,639,18966
2024,1147,清华大学,北京,马克思主义理论,思想政治,1,4,706,706,98
2024,1147,清华大学,北京,核工程与核技术(定向中核),物理& 化学,5,4,699,698,362
2024,1152,外交学院,北京,英语(国际传播),不限,3,4,649,647,14331
2024,1152,外交学院,北京,翻译,不限,2,4,646,645,15470
2024,1152,外交学院,北京,法学,不限,1,4,654,654,10909
2024,1152,外交学院,北京,国际经济与贸易,物理,3,4,635,627,28030
2024,1152,外交学院,北京,金融学,物理,4,4,626,614,39442
2024,1152,外交学院,北京,国际事务与国际关系,思想政治& 历史,4,4,653,650,12727
2024,1153,中国传媒大学,北京,阿拉伯语,不限,2,4,625,622,31877
2024,1153,中国传媒大学,北京,乌尔都语,不限,2,4,613,605,48159
2024,1153,中国传媒大学,北京,意大利语,不限,2,4,614,610,43357
2024,1159,中国人民大学,北京,外国语言文学类,不限,7,4,684,680,2405
2024,1159,中国人民大学,北京,马克思主义理论,思想政治,2,4,689,687,1342
2024,1203,南开大学,天津,外国语言文学类,不限,12,4,664,663,7138
2024,1232,天津师范大学,天津,马克思主义理论,思想政治& 历史,2,4,625,623,30806
2024,2108,大连海事大学,辽宁·大连,航海技术,物理& 化学,2,4,621,620,33189
2024,2108,大连海事大学,辽宁·大连,轮机工程(海上专业),物理& 化学,2,4,626,618,35660
2024,2218,东北师范大学,吉林·长春,思想政治教育(师范),思想政治,1,4,662,662,7492
2024,2218,东北师范大学,吉林·长春,汉语言文学(师范),不限,2,4,667,666,6069
2024,2218,东北师范大学,吉林·长春,历史学(师范),历史,2,4,660,659,8608
2024,2218,东北师范大学,吉林·长春,英语(师范),不限,1,4,663,663,7122
2024,2218,东北师范大学,吉林·长春,物理学(师范),物理& 化学,2,4,658,656,9779
2024,2218,东北师范大学,吉林·长春,化学(师范),物理& 化学,1,4,655,655,9999
2024,2218,东北师范大学,吉林·长春,地理科学(师范),化学,1,4,657,657,9370
2024,2218,东北师范大学,吉林·长春,心理学(师范),不限,1,4,663,663,7071
2024,3102,复旦大学,上海,德语,不限,5,4,688,685,1629
2024,3102,复旦大学,上海,法语,不限,5,4,688,684,1782
2024,3102,复旦大学,上海,西班牙语,不限,3,4,689,683,1845
2024,3102,复旦大学,上海,日语,不限,3,4,688,684,1792
2024,3102,复旦大学,上海,朝鲜语,不限,2,4,676,671,4384
2024,3102,复旦大学,上海,马克思主义理论(望道班),思想政治,5,4,683,681,2184
2024,3105,华东师范大学,上海,汉语言文学(师范),不限,4,4,671,668,5405
2024,3105,华东师范大学,上海,英语(师范),不限,3,4,671,667,5691
2024,3105,华东师范大学,上海,历史学(师范),不限,2,4,671,670,4869
2024,3105,华东师范大学,上海,思想政治教育(师范),思想政治,2,4,667,665,6335
2024,3105,华东师范大学,上海,学前教育(师范),不限,2,4,665,664,6671
2024,3105,华东师范大学,上海,数学与应用数学(师范),物理& 化学,6,4,676,671,4449
2024,3105,华东师范大学,上海,物理学(师范),物理& 化学,4,4,668,664,6695
2024,3105,华东师范大学,上海,化学(师范),物理& 化学,2,4,678,672,4195
2024,3105,华东师范大学,上海,生物科学(师范),物理& 化学,4,4,668,663,6850
2024,3105,华东师范大学,上海,地理科学(师范),物理& 化学,2,4,654,654,10791
2024,3106,华东政法大学,上海,侦查学(经济犯罪治理方向)(只招男生),思想政治,3,4,619,597,57208
2024,3106,华东政法大学,上海,侦查学(刑事调查方向)(只招男生),思想政治,3,4,608,599,54063
2024,3106,华东政法大学,上海,侦查学(经济犯罪治理方向)(只招女生),思想政治,1,4,652,652,11750
2024,3124,上海海关学院,上海,海关管理,不限,9,4,669,663,6895
2024,3124,上海海关学院,上海,海关检验检疫安全,物理,4,4,661,659,8414
2024,3124,上海海关学院,上海,海关稽查,不限,3,4,663,662,7536
2024,3125,上海海事大学,上海,航海技术,物理& 化学,26,4,574,548,113108
2024,3125,上海海事大学,上海,轮机工程,物理& 化学,13,4,577,561,97727
2024,3125,上海海事大学,上海,船舶电子电气工程,物理& 化学,6,4,585,576,79958
2024,3151,上海外国语大学,上海,俄语,不限,4,4,650,647,14376
2024,3151,上海外国语大学,上海,俄语(双学位)(工商管理双学位),不限,5,4,652,649,13304
2024,3151,上海外国语大学,上海,阿拉伯语,不限,8,4,648,644,16111
2024,3151,上海外国语大学,上海,朝鲜语,不限,5,4,647,644,15676
2024,3151,上海外国语大学,上海,希伯来语,不限,2,4,649,644,15885
2024,3151,上海外国语大学,上海,越南语,不限,2,4,652,651,12090
2024,3151,上海外国语大学,上海,日语(多元方向),不限,6,4,654,653,11323
2024,3240,南京大学,江苏·南京,马克思主义理论,思想政治,2,4,672,671,4544
2024,3325,中国人民大学,苏州校区)(江苏·苏州,法语(中外合作办学),不限,2,4,663,660,8298
2024,3425,安徽师范大学,安徽·芜湖,马克思主义理论,思想政治,2,4,617,617,36558
2024,3524,集美大学,福建·厦门,航海技术,物理& 化学,5,4,565,558,100848
2024,3524,集美大学,福建·厦门,轮机工程,物理& 化学,5,4,563,560,99351
2024,3524,集美大学,福建·厦门,船舶电子电气工程,物理& 化学,2,4,562,561,97994
2024,3627,江西师范大学,江西·南昌,马克思主义理论,思想政治& 历史,1,4,618,618,35841
2024,3731,山东大学,山东·济南,马克思主义理论,思想政治,2,4,664,663,7044
2024,3738,山东交通学院,山东·济南,船舶电子电气工程,物理& 化学,2,4,540,537,126531
2024,3763,中国海洋大学,山东·青岛,法语,不限,2,4,646,645,15389
2024,3763,中国海洋大学,山东·青岛,朝鲜语,不限,2,4,640,638,19559
2024,3763,中国海洋大学,山东·青岛,德语,不限,2,4,644,644,16058
2024,3763,中国海洋大学,山东·青岛,日语,不限,2,4,640,639,19011
2024,4039,华中师范大学,湖北·武汉,思想政治教育(师范),思想政治,2,4,667,664,6761
2024,4039,华中师范大学,湖北·武汉,汉语言文学(师范),历史,2,4,678,671,4429
2024,4039,华中师范大学,湖北·武汉,数学与应用数学(师范),物理& 化学,2,4,665,664,6522
2024,4039,华中师范大学,湖北·武汉,物理学(师范),物理& 化学,2,4,665,659,8447
2024,4039,华中师范大学,湖北·武汉,化学(师范),物理& 化学,1,4,660,660,8254
2024,4039,华中师范大学,湖北·武汉,生物科学(师范),物理& 化学,1,4,652,652,11467
2024,4039,华中师范大学,湖北·武汉,科学教育(师范),物理,3,4,653,650,12434
2024,4055,武汉大学,湖北·武汉,马克思主义理论,思想政治,5,4,667,665,6139
2024,4072,武汉理工大学,湖北·武汉,轮机工程,物理& 化学,2,4,621,620,33424
2024,4072,武汉理工大学,湖北·武汉,航海技术,物理& 化学,2,4,605,595,59163
2024,4095,中南财经政法大学,湖北·武汉,公安学类(只招男生),思想政治,6,4,617,605,48428
2024,4418,广州航海学院,广东·广州,航海技术,物理& 化学,3,4,549,541,121539
2024,4418,广州航海学院,广东·广州,轮机工程,物理& 化学,2,4,551,549,112248
2024,4418,广州航海学院,广东·广州,船舶电子电气工程,物理& 化学,1,4,542,542,120174
2024,4447,香港中文大学,深圳)(内地与港澳台地区合作办学)(广东·深圳,理科试验班,物理& 化学,6,4,680,672,4239
2024,4447,香港中文大学,深圳)(内地与港澳台地区合作办学)(广东·深圳,经济管理试验班,不限,6,4,670,667,5781
2024,4613,海南热带海洋学院,海南·三亚,船舶电子电气工程,物理& 化学,3,4,521,516,150293
2024,5003,四川外国语大学,重庆,俄语,不限,2,4,590,583,72828
2024,5003,四川外国语大学,重庆,德语,不限,2,4,600,598,56131
2024,5003,四川外国语大学,重庆,法语,不限,1,4,588,588,66491
2024,5003,四川外国语大学,重庆,法语(法语法学联合培养),不限,1,4,636,636,21101
2024,5003,四川外国语大学,重庆,日语,不限,2,4,589,580,76212
2024,5003,四川外国语大学,重庆,西班牙语,不限,1,4,601,601,52869
2024,5003,四川外国语大学,重庆,葡萄牙语,不限,1,4,586,586,69246
2024,5003,四川外国语大学,重庆,意大利语,不限,1,4,578,578,77745
2024,5003,四川外国语大学,重庆,越南语,不限,1,4,578,578,78408
2024,5003,四川外国语大学,重庆,泰语,不限,1,4,577,577,79236
2024,5003,四川外国语大学,重庆,马来语,不限,1,4,577,577,79466
2024,5005,西南大学,重庆,英语(师范),不限,2,4,663,662,7328
2024,5005,西南大学,重庆,化学(师范),物理& 化学,5,4,652,646,14430
2024,5005,西南大学,重庆,物理学(师范),物理& 化学,1,4,659,659,8340
2024,5005,西南大学,重庆,数学与应用数学(师范),物理& 化学,1,4,660,660,7987
2024,5005,西南大学,重庆,计算机科学与技术(师范),物理& 化学,5,4,649,645,15044
2024,5007,西南政法大学,重庆,侦查学(只招男生),思想政治,5,4,629,616,37576
2024,5007,西南政法大学,重庆,侦查学(只招女生),思想政治,1,4,646,646,14717
2024,6108,陕西师范大学,陕西·西安,汉语言文学(师范),历史,2,4,658,652,11826
2024,6108,陕西师范大学,陕西·西安,英语(师范),不限,2,4,660,654,10545
2024,6108,陕西师范大学,陕西·西安,数学与应用数学(师范),物理& 化学,2,4,647,643,16480
2024,6108,陕西师范大学,陕西·西安,物理学(师范),物理& 化学,3,4,647,643,16386
2024,6108,陕西师范大学,陕西·西安,生物科学(师范),物理& 化学,5,4,659,650,12397
2024,6108,陕西师范大学,陕西·西安,计算机科学与技术(师范),物理& 化学,1,4,668,668,5343
2024,6139,西安外国语大学,陕西·西安,阿拉伯语,不限,1,4,608,608,45517
2024,6139,西安外国语大学,陕西·西安,日语,不限,6,4,583,576,80147
2024,6139,西安外国语大学,陕西·西安,波斯语,不限,1,4,591,591,63852
2024,8101,香港中文大学,香港,本科入学奖学金类,不限,2,4,683,682,2101
2024,8101,香港中文大学,香港,人文类,不限,4,4,667,664,6636
2024,8101,香港中文大学,香港,商科类,不限,4,4,671,666,5811
2024,8101,香港中文大学,香港,理科类,物理/ 化学/ 生物,5,4,670,665,6159
2024,8101,香港中文大学,香港,工科类,物理/ 化学/ 生物,5,4,669,664,6581
2024,8102,香港城市大学,香港,商学院,不限,1,4,657,657,9356
2024,8102,香港城市大学,香港,人文社会科学院,不限,3,4,650,648,13826
2024,8102,香港城市大学,香港,工学院(工程类),物理/ 化学/ 生物,3,4,654,653,11373
2024,8102,香港城市大学,香港,工学院(资讯科技及工程类),物理/ 化学/ 生物,1,4,665,665,6206
2024,8102,香港城市大学,香港,理学院,物理/ 化学/ 生物,2,4,660,656,9585
2024,8102,香港城市大学,香港,法律学院,不限,3,4,654,654,10877
2024,8102,香港城市大学,香港,能源及环境学院,物理/ 化学/ 生物,3,4,650,647,13960
2024,9150,陆军工程大学,人防)(江苏·南京,通信工程(全国人防通信领域工程师),物理& 化学,1,4,619,619,34376
2024,9150,陆军工程大学,人防)(江苏·南京,土木工程(全国人防工程建筑结构设计与施工工程师),物理& 化学,1,4,596,596,57464
2024,9150,陆军工程大学,人防)(江苏·南京,建筑环境与能源应用工程(全国人防通风空调与给排水工程师),物理& 化学,1,4,612,612,41346
2024,9150,陆军工程大学,人防)(江苏·南京,建筑学(全国人防工程建筑设计工程师),物理,1,5,594,594,59532
2024,9150,陆军工程大学,人防)(江苏·南京,工程管理(全国人防建筑施工组织管理与监理工程师),物理,1,4,590,590,64101
2025,0001,浙江大学,浙江·杭州,外国语言文学类(小语种),不限,9,4,666,665,5016
2025,0001,浙江大学,浙江·杭州,马克思主义理论,思想政治,5,4,669,668,4158
2025,0003,浙江工业大学,浙江·杭州,教育学类(师范),物理&化学,166,4,605,600,52407
2025,0005,宁波大学,浙江·宁波,航海技术,物理&化学,5,4,596,587,66369
2025,0005,宁波大学,浙江·宁波,轮机工程,物理&化学,3,4,601,595,57080
2025,0010,浙江海洋大学,浙江·舟山,航海技术,物理&化学,20,4,558,553,108773
2025,0010,浙江海洋大学,浙江·舟山,轮机工程(轮机管理方向),物理&化学,14,4,557,550,112125
2025,1103,北京大学,北京,意大利语,不限,1,4,697,697,152
2025,1103,北京大学,北京,印地语,不限,1,4,697,697,164
2025,1130,北京师范大学,北京,俄语,不限,2,4,657,656,8362
2025,1130,北京师范大学,北京,日语,不限,2,4,656,654,9222
2025,1130,北京师范大学,北京,心理学(师范),物理&化学,2,4,651,649,11483
2025,1130,北京师范大学,北京,计算机科学与技术(师范),物理&化学,3,4,659,655,8591
2025,1142,北京语言大学,北京,西班牙语(涉外矿产资源人才实验班),不限,1,4,638,638,17832
2025,1142,北京语言大学,北京,法语(涉外化工人才实验班),不限,1,4,623,623,29391
2025,1142,北京语言大学,北京,阿拉伯语(涉外石油人才实验班),不限,1,4,632,632,21980
2025,1142,北京语言大学,北京,俄语(涉外油气勘查人才实验班),不限,1,4,619,619,32332
2025,1142,北京语言大学,北京,外国语言文学类(小语种),不限,16,4,629,618,33917
2025,1142,北京语言大学,北京,法语(涉外安全科学人才实验班),不限,1,4,630,630,23515
2025,1142,北京语言大学,北京,葡萄牙语(涉外智能化建造人才实验班),不限,1,4,621,621,31113
2025,1144,对外经济贸易大学,北京,阿拉伯语,不限,3,4,649,649,11767
2025,1144,对外经济贸易大学,北京,法语,不限,3,4,650,649,11647
2025,1144,对外经济贸易大学,北京,德语,不限,3,4,648,646,13181
2025,1144,对外经济贸易大学,北京,意大利语,不限,3,4,643,642,15333
2025,1144,对外经济贸易大学,北京,日语,不限,3,4,647,646,13387
2025,1144,对外经济贸易大学,北京,俄语,不限,3,4,647,646,13304
2025,1144,对外经济贸易大学,北京,西班牙语,不限,2,4,653,652,10306
2025,1144,对外经济贸易大学,北京,希腊语,不限,2,4,641,640,16712
2025,1145,国际关系学院,北京,国际经济与贸易(只招男生),不限,1,4,635,635,19922
2025,1145,国际关系学院,北京,法学(只招男生),不限,1,4,640,640,16635
2025,1145,国际关系学院,北京,国家安全学(只招男生),不限,1,4,637,637,18766
2025,1145,国际关系学院,北京,海外利益安全(只招男生),不限,1,4,640,640,16796
2025,1145,国际关系学院,北京,政治学、经济学与哲学(只招男生),思想政治&历史,1,4,635,635,20060
2025,1145,国际关系学院,北京,英语(只招男生),不限,1,4,632,632,21887
2025,1145,国际关系学院,北京,法语(只招男生),不限,1,4,632,632,22036
2025,1145,国际关系学院,北京,日语(只招男生),不限,1,4,625,625,27155
2025,1145,国际关系学院,北京,传播学(只招男生),不限,1,4,634,634,20122
2025,1145,国际关系学院,北京,应用心理学(只招男生),不限,1,4,634,634,20705
2025,1145,国际关系学院,北京,人工智能(只招男生),物理&化学,2,4,629,622,30193
2025,1145,国际关系学院,北京,数据科学与大数据技术(只招男生),物理&化学,1,4,638,638,17909
2025,1145,国际关系学院,北京,网络空间安全(只招男生),物理&化学,2,4,637,629,23998
2025,1145,国际关系学院,北京,国际经济与贸易(只招女生),不限,1,4,639,639,17204
2025,1145,国际关系学院,北京,法学(只招女生),不限,1,4,640,640,16606
2025,1145,国际关系学院,北京,国家安全学(只招女生),不限,1,4,643,643,14934
2025,1145,国际关系学院,北京,海外利益安全(只招女生),不限,1,4,644,644,14172
2025,1145,国际关系学院,北京,政治学、经济学与哲学(只招女生),思想政治&历史,1,4,638,638,17799
2025,1145,国际关系学院,北京,英语(只招女生),不限,1,4,637,637,18643
2025,1145,国际关系学院,北京,法语(只招女生),不限,1,4,639,639,17328
2025,1145,国际关系学院,北京,日语(只招女生),不限,1,4,638,638,18043
2025,1145,国际关系学院,北京,传播学(只招女生),不限,1,4,638,638,17637
2025,1145,国际关系学院,北京,应用心理学(只招女生),不限,1,4,642,642,15385
2025,1145,国际关系学院,北京,数据科学与大数据技术(只招女生),物理&化学,1,4,632,632,21787
2025,1147,清华大学,北京,马克思主义理论,思想政治,1,4,698,698,124
2025,1147,清华大学,北京,核工程与核技术(定向中核),物理&化学,3,4,691,690,454
2025,1152,外交学院,北京,英语(国际传播),不限,3,4,652,650,11181
2025,1152,外交学院,北京,翻译,不限,2,4,651,650,10868
2025,1152,外交学院,北京,法学,不限,1,4,651,651,10799
2025,1152,外交学院,北京,国际经济与贸易,物理,3,4,643,639,17276
2025,1152,外交学院,北京,金融学,物理,4,4,639,634,20201
2025,1152,外交学院,北京,国际事务与国际关系,思想政治&历史,4,4,652,651,10656
2025,1153,中国传媒大学,北京,普什图语(跨文化交流与国际事务方向),不限,2,4,633,632,22123
2025,1153,中国传媒大学,北京,德语(中德文化交流与国际事务方向),不限,2,4,637,636,19379
2025,1153,中国传媒大学,北京,意大利语(中意文化交流与国际事务方向),不限,2,4,640,635,19880
2025,1159,中国人民大学,北京,外国语言文学类,不限,5,4,680,678,1909
2025,1159,中国人民大学,北京,外国语言文学类(涉外法治创新人才班),不限,2,4,679,678,1851
2025,1159,中国人民大学,北京,中国共产党历史,思想政治,3,4,677,676,2273
2025,1159,中国人民大学,北京,马克思主义理论,思想政治,4,4,682,680,1481
2025,1203,南开大学,天津,外国语言文学类,不限,12,4,660,659,7264
2025,1232,天津师范大学,天津,马克思主义理论,思想政治&历史,2,4,613,611,40543
2025,2108,大连海事大学,辽宁·大连,航海技术,物理&化学,4,4,611,607,44552
2025,2108,大连海事大学,辽宁·大连,轮机工程(海上专业),物理&化学,3,4,618,610,40829
2025,2218,东北师范大学,吉林·长春,汉语言文学(师范),不限,5,4,649,644,14403
2025,2218,东北师范大学,吉林·长春,历史学(师范),历史,2,4,658,656,8443
2025,2218,东北师范大学,吉林·长春,英语(师范),不限,1,4,643,643,15027
2025,2218,东北师范大学,吉林·长春,化学(师范),物理&化学,1,4,654,654,9257
2025,2218,东北师范大学,吉林·长春,地理科学(师范),化学,2,4,639,625,27157
2025,3102,复旦大学,上海,马克思主义理论(望道班),思想政治,3,4,681,678,1772
2025,3102,复旦大学,上海,朝鲜语,不限,3,4,679,675,2351
2025,3105,华东师范大学,上海,汉语言文学(师范),不限,3,4,680,677,1993
2025,3105,华东师范大学,上海,英语(师范),不限,2,4,671,670,3527
2025,3105,华东师范大学,上海,历史学(师范),不限,4,4,668,667,4602
2025,3105,华东师范大学,上海,思想政治教育(师范),思想政治,4,4,670,667,4583
2025,3105,华东师范大学,上海,数学与应用数学(师范),物理&化学,6,4,670,668,4037
2025,3105,华东师范大学,上海,物理学(师范),物理&化学,5,4,668,665,5052
2025,3105,华东师范大学,上海,化学(师范),物理&化学,5,4,665,662,5896
2025,3105,华东师范大学,上海,生物科学(师范),物理&化学,4,4,662,660,6691
2025,3105,华东师范大学,上海,地理科学(师范),物理&化学,4,4,661,658,7739
2025,3106,华东政法大学,上海,侦查学(经济犯罪治理方向)(只招男生),思想政治,5,4,622,620,31745
2025,3106,华东政法大学,上海,侦查学(刑事调查方向)(只招男生),思想政治,3,4,621,618,33605
2025,3106,华东政法大学,上海,侦查学(经济犯罪治理方向)(只招女生),思想政治,1,4,642,642,15446
2025,3124,上海海关学院,上海,海关管理,不限,11,4,669,662,6205
2025,3124,上海海关学院,上海,海关检验检疫安全,物理,3,4,665,661,6267
2025,3124,上海海关学院,上海,海关稽查,不限,4,4,663,658,7334
2025,3125,上海海事大学,上海,航海技术,物理&化学,12,4,593,586,68273
2025,3125,上海海事大学,上海,轮机工程,物理&化学,6,4,587,584,70035
2025,3125,上海海事大学,上海,船舶电子电气工程,物理&化学,6,4,586,584,70886
2025,3151,上海外国语大学,上海,俄语,不限,5,4,644,641,16091
2025,3151,上海外国语大学,上海,俄语(工商管理双学位),不限,3,4,645,643,14964
2025,3151,上海外国语大学,上海,阿拉伯语,不限,7,4,647,643,14967
2025,3151,上海外国语大学,上海,日语(多元方向),不限,7,4,650,644,14468
2025,3151,上海外国语大学,上海,波斯语(伊朗学),不限,2,4,640,639,17079
2025,3151,上海外国语大学,上海,朝鲜语,不限,5,4,642,640,16673
2025,3151,上海外国语大学,上海,印度尼西亚语(印尼马来学),不限,2,4,641,640,16781
2025,3151,上海外国语大学,上海,泰语,不限,1,4,638,638,17764
2025,3151,上海外国语大学,上海,葡萄牙语,不限,2,4,647,645,13893
2025,3151,上海外国语大学,上海,意大利语,不限,3,4,644,642,15626
2025,3151,上海外国语大学,上海,哈萨克语,不限,1,4,642,642,15524
2025,3151,上海外国语大学,上海,希腊语,不限,2,4,643,641,15801
2025,3240,南京大学,江苏·南京,马克思主义理论,思想政治,3,4,665,665,5182
2025,3325,中国人民大学,苏州校区)(江苏·苏州,法语(中外合作办学),不限,3,4,659,657,8147
2025,3425,安徽师范大学,安徽·芜湖,马克思主义理论,思想政治,2,4,610,609,42112
2025,3524,集美大学,福建·厦门,航海技术,物理&化学,5,4,583,580,75852
2025,3524,集美大学,福建·厦门,轮机工程,物理&化学,5,4,568,562,97186
2025,3524,集美大学,福建·厦门,船舶电子电气工程,物理&化学,2,4,565,564,94357
2025,3627,江西师范大学,江西·南昌,马克思主义理论,思想政治&历史,1,4,605,605,46671
2025,3731,山东大学,山东·济南,马克思主义理论,思想政治,2,4,658,658,7712
2025,3760,烟台大学,山东·烟台,航海技术,物理&化学,2,4,539,526,141179
2025,3760,烟台大学,山东·烟台,轮机工程,物理&化学,2,4,526,524,143529
2025,3763,中国海洋大学,山东·青岛,法语,不限,4,4,645,642,15374
2025,3763,中国海洋大学,山东·青岛,朝鲜语,不限,2,4,639,639,17349
2025,3763,中国海洋大学,山东·青岛,德语,不限,2,4,641,641,16138
2025,3763,中国海洋大学,山东·青岛,日语,不限,2,4,641,640,16295
2025,4039,华中师范大学,湖北·武汉,心理学(师范),物理,1,4,655,655,8932
2025,4039,华中师范大学,湖北·武汉,思想政治教育(师范),思想政治,3,4,656,654,9463
2025,4039,华中师范大学,湖北·武汉,汉语言文学(师范),历史,4,4,660,657,8105
2025,4039,华中师范大学,湖北·武汉,英语(师范),不限,3,4,659,656,8485
2025,4039,华中师范大学,湖北·武汉,历史学(师范),历史,2,4,653,652,10358
2025,4039,华中师范大学,湖北·武汉,数学与应用数学(师范),物理&化学,3,4,652,646,12951
2025,4039,华中师范大学,湖北·武汉,物理学(师范),物理&化学,3,4,655,648,11806
2025,4039,华中师范大学,湖北·武汉,化学(师范),物理&化学,3,4,657,653,9885
2025,4039,华中师范大学,湖北·武汉,生物科学(师范),物理&化学,1,4,646,646,13306
2025,4039,华中师范大学,湖北·武汉,地理科学(师范),地理,2,4,655,654,9369
2025,4039,华中师范大学,湖北·武汉,科学教育(师范),物理,1,4,643,643,14592
2025,4055,武汉大学,湖北·武汉,马克思主义理论,思想政治,5,4,665,663,5719
2025,4072,武汉理工大学,湖北·武汉,轮机工程,物理&化学,2,4,619,613,38382
2025,4072,武汉理工大学,湖北·武汉,航海技术,物理&化学,2,4,616,613,37893
2025,4095,中南财经政法大学,湖北·武汉,公安学类(只招男生),思想政治,6,4,620,612,39391
2025,4418,广州航海学院,广东·广州,航海技术,物理&化学,4,4,538,530,136491
2025,4418,广州航海学院,广东·广州,轮机工程,物理&化学,4,4,522,501,171346
2025,4418,广州航海学院,广东·广州,船舶电子电气工程,物理&化学,3,4,523,504,167629
2025,4447,香港中文大学,深圳)(内地与港澳台地区合作办学)(广东·深圳,理科试验班,物理&化学,9,4,670,661,6463
2025,4447,香港中文大学,深圳)(内地与港澳台地区合作办学)(广东·深圳,人文科学试验班,不限,2,4,663,662,6188
2025,4447,香港中文大学,深圳)(内地与港澳台地区合作办学)(广东·深圳,经济管理试验班,不限,5,4,669,665,5188
2025,4529,北部湾大学,广西·钦州,航海技术,物理&化学,4,4,524,514,156305
2025,4529,北部湾大学,广西·钦州,轮机工程,物理&化学,3,4,523,518,151673
2025,4529,北部湾大学,广西·钦州,船舶电子电气工程,物理&化学,2,4,518,517,152337
2025,4613,海南热带海洋学院,海南·三亚,船舶电子电气工程,物理&化学,4,4,515,511,159861
2025,5003,四川外国语大学,重庆,俄语,不限,2,4,591,590,63870
2025,5003,四川外国语大学,重庆,德语,不限,2,4,593,592,61179
2025,5003,四川外国语大学,重庆,法语,不限,1,4,596,596,56583
2025,5003,四川外国语大学,重庆,法语(法语法学联合培养),不限,1,4,621,621,31031
2025,5003,四川外国语大学,重庆,日语,不限,2,4,596,591,62783
2025,5003,四川外国语大学,重庆,西班牙语,不限,1,4,594,594,58733
2025,5003,四川外国语大学,重庆,葡萄牙语,不限,1,4,589,589,64663
2025,5003,四川外国语大学,重庆,意大利语,不限,1,4,590,590,63733
2025,5003,四川外国语大学,重庆,越南语,不限,1,4,592,592,61323
2025,5003,四川外国语大学,重庆,泰语,不限,1,4,608,608,43455
2025,5005,西南大学,重庆,汉语言文学(师范),历史,3,4,659,659,7280
2025,5005,西南大学,重庆,英语(师范),不限,2,4,653,651,10715
2025,5005,西南大学,重庆,历史学(师范),历史,1,4,657,657,7886
2025,5005,西南大学,重庆,思想政治教育(师范),思想政治,3,4,655,651,10797
2025,5005,西南大学,重庆,心理学(师范),不限,1,4,654,654,9344
2025,5005,西南大学,重庆,化学(师范),物理&化学,1,4,643,643,15022
2025,5005,西南大学,重庆,物理学(师范),物理&化学,2,4,641,641,16185
2025,5005,西南大学,重庆,地理科学(师范),地理,1,4,655,655,9004
2025,5005,西南大学,重庆,数学与应用数学(师范),物理&化学,2,4,667,662,5898
2025,5007,西南政法大学,重庆,侦查学(只招男生),思想政治,6,4,617,595,58130
2025,5007,西南政法大学,重庆,侦查学(只招女生),思想政治,1,4,642,642,15405
2025,6108,陕西师范大学,陕西·西安,汉语言文学(师范),历史,3,4,659,658,7586
2025,6108,陕西师范大学,陕西·西安,英语(师范),不限,1,4,662,662,6028
2025,6108,陕西师范大学,陕西·西安,数学与应用数学(师范),物理&化学,6,4,660,654,9284
2025,6108,陕西师范大学,陕西·西安,物理学(师范),物理&化学,2,4,650,648,12243
2025,6108,陕西师范大学,陕西·西安,化学(师范),物理&化学,2,4,647,646,13066
2025,6127,西安交通大学,陕西·西安,马克思主义理论,思想政治,2,4,660,659,7000
2025,6139,西安外国语大学,陕西·西安,阿拉伯语,不限,4,4,594,590,63920
2025,6139,西安外国语大学,陕西·西安,日语,不限,2,4,592,589,64825
2025,6139,西安外国语大学,陕西·西安,朝鲜语,不限,4,4,592,588,65391
2025,6139,西安外国语大学,陕西·西安,土耳其语,不限,2,4,586,584,71221
2025,6139,西安外国语大学,陕西·西安,白俄罗斯语,不限,1,4,606,606,45844
2025,6509,新疆师范大学,新疆·乌鲁木齐,马克思主义理论,思想政治,2,4,579,578,78463
2025,8101,香港中文大学,香港,本科入学奖学金类,不限,2,4,683,683,1191
2025,8101,香港中文大学,香港,人文类,不限,4,4,668,663,5803
2025,8101,香港中文大学,香港,商科类,不限,4,4,664,661,6318
2025,8101,香港中文大学,香港,理科类,物理/化学/生物,4,4,664,661,6227
2025,8101,香港中文大学,香港,工科类,物理/化学/生物,5,4,663,661,6535
2025,8102,香港城市大学,香港,商学院,不限,3,4,656,652,10330
2025,8102,香港城市大学,香港,人文社会科学院,不限,1,4,650,650,11184
2025,8102,香港城市大学,香港,工学院,物理,3,4,650,643,14538
2025,8102,香港城市大学,香港,理学院,物理,1,4,640,640,16482
2025,8102,香港城市大学,香港,法律学院,不限,1,4,646,646,13203
2025,8102,香港城市大学,香港,能源及环境学院,物理,1,4,642,642,15557
2025,8102,香港城市大学,香港,计算学院,物理,2,4,647,644,14201
2025,8102,香港城市大学,香港,生物医学院(生物医学工程学系),物理,2,4,646,644,14002
2025,9150,陆军工程大学,人防)(江苏·南京,通信工程(全国人防通信领域工程师),物理&化学,1,4,632,632,22112
2025,9150,陆军工程大学,人防)(江苏·南京,土木工程(全国人防工程建筑结构设计与施工工程师),物理&化学,1,4,613,613,38659
2025,9150,陆军工程大学,人防)(江苏·南京,程师),物理&化学,1,4,613,613,38222
2025,9150,陆军工程大学,人防)(江苏·南京,建筑学(全国人防工程建筑设计工程师),物理,1,5,602,602,49769
2025,9150,陆军工程大学,人防)(江苏·南京,工程管理(全国人防建筑施工组织管理与监理工程师),物理,1,4,609,609,42117
