专业,代码,专业类代码或名称,可报录用人数,可报职位数,占本科可报总人数
法学,B030101,法学类,2793,2068,30.7%
知识产权,B030102,法学类,2234,1640,24.6%
监狱学,B030103,法学类,2002,1464,22.0%
纪检监察,B030108,法学类,1997,1480,22.0%
社区矫正,B030107,法学类,1974,1463,21.7%
司法警察学,B030106,法学类,1969,1460,21.7%
信用风险管理与法律防控,B030104,法学类,1958,1457,21.5%
国际经贸规则,B030105,法学类,1951,1450,21.5%
国际法,B030109,法学类,1943,1444,21.4%
司法鉴定学,B030110,法学类,1939,1438,21.3%
计算机科学与技术,B080901,计算机类,1160,887,12.8%
会计学,B120203,工商管理类,1084,910,11.9%
数据科学与大数据技术,B080910,计算机类,983,751,10.8%
软件工程,B080902,计算机类,973,731,10.7%
网络工程,B080903,计算机类,935,697,10.3%
信息安全,B080904,计算机类,925,691,10.2%
财务管理,B120204,工商管理类,924,763,10.2%
审计学,B120207,工商管理类,909,758,10.0%
城乡规划,B081002,建筑类,872,638,9.6%
土木工程,B081101,土木类,858,656,9.4%
网络空间安全,B080911,计算机类,846,626,9.3%
电子与计算机工程,B080909,计算机类,836,618,9.2%
智能科学与技术,B080907,计算机类,820,607,9.0%
区块链工程,B080917,计算机类,792,580,8.7%
物联网工程,B080905,计算机类,754,579,8.3%
汉语言文学,B050101,中国语言文学类,753,653,8.3%
空间信息与数字技术,B080908,计算机类,753,571,8.3%
数字媒体技术,B080906,计算机类,742,574,8.2%
保密技术,B080914,计算机类,725,558,8.0%
新媒体技术,B080912,计算机类,724,558,8.0%
电影制作,B080913,计算机类,717,551,7.9%
密码科学与技术,B080918,计算机类,717,552,7.9%
服务科学与工程,B080915,计算机类,714,549,7.9%
虚拟现实技术,B080916,计算机类,713,548,7.8%
建筑学,B081001,建筑类,639,461,7.0%
道路桥梁与渡河工程,B081106,土木类,606,452,6.7%
给排水科学与工程,B081103,土木类,581,444,6.4%
人工智能,B080717,电子信息类,571,408,6.3%
土木、水利与交通工程,B081110,土木类,556,418,6.1%
电子信息工程,B080701,电子信息类,555,398,6.1%
通信工程,B080703,电子信息类,552,400,6.1%
经济统计学,B020102,经济学类,547,442,6.0%
经济学,B020101,经济学类,536,448,5.9%
新闻学,B050301,新闻传播学类,534,449,5.9%
风景园林,B081003,建筑类,527,370,5.8%
信息工程,B080706,电子信息类,523,370,5.8%
建筑环境与能源应用工程,B081102,土木类,522,392,5.7%
城市设计,B081006,建筑类,521,368,5.7%
汉语言,B050102,中国语言文学类,520,450,5.7%
建筑电气与智能化,B081104,土木类,509,382,5.6%
铁道工程,B081108,土木类,503,368,5.5%
历史建筑保护工程,B081004,建筑类,502,350,5.5%
城市地下空间工程,B081105,土木类,502,374,5.5%
人居环境科学与技术,B081005,建筑类,501,350,5.5%
城市水系统工程,B081111,土木类,500,373,5.5%
土木、水利与海洋工程,B081109,土木类,499,372,5.5%
智能建造,B081107,土木类,498,371,5.5%
智能建造与智慧交通,B081112,土木类,498,371,5.5%
智慧建筑与建造,B081007,建筑类,496,344,5.5%
"电子信息科学
与技术",B080714,电子信息类,495,348,5.4%
工程管理,B120103,管理科学与工程类,481,374,5.3%
人力资源管理,B120206,工商管理类,480,398,5.3%
土地资源管理,B120404,公共管理类,479,381,5.3%
网络与新媒体,B050306,新闻传播学类,475,386,5.2%
秘书学,B050107,中国语言文学类,468,404,5.1%
侦查学,B030602,公安学类,449,287,4.9%
工商管理,B120201,工商管理类,448,365,4.9%
应用语言学,B050106,中国语言文学类,433,377,4.8%
文化产业管理,B120210,工商管理类,430,352,4.7%
资产评估,B120208,工商管理类,429,349,4.7%
数字经济,B020107,经济学类,426,353,4.7%
大数据管理与应用,B120107,管理科学与工程类,424,303,4.7%
国民经济管理,B020103,经济学类,420,349,4.6%
市场营销,B120202,工商管理类,419,341,4.6%
环境工程,B082602,环境科学与工程类,417,295,4.6%
财政学,B020201,财政学类,416,328,4.6%
汉语国际教育,B050103,中国语言文学类,416,360,4.6%
劳动关系,B120211,工商管理类,414,335,4.6%
中国语言与文化,B050108,中国语言文学类,412,358,4.5%
电子科学与技术,B080702,电子信息类,411,314,4.5%
传播学,B050304,新闻传播学类,410,339,4.5%
中国少数民族语言文学,B050104,中国语言文学类,409,355,4.5%
财务会计教育,B120213,工商管理类,408,333,4.5%
古典文献学,B050105,中国语言文学类,405,351,4.5%
手语翻译,B050109,中国语言文学类,405,351,4.5%
数字人文,B050110,中国语言文学类,405,351,4.5%
商务经济学,B020105,经济学类,404,333,4.4%
工程造价,B120105,管理科学与工程类,404,329,4.4%
光电信息科学与工程,B080705,电子信息类,399,305,4.4%
金融学,B020301,金融学类,395,315,4.3%
国际商务,B120205,工商管理类,395,320,4.3%
能源经济,B020106,经济学类,394,323,4.3%
物业管理,B120209,工商管理类,394,319,4.3%
资源与环境经济学,B020104,经济学类,393,322,4.3%
微电子科学与工程,B080704,电子信息类,392,300,4.3%
体育经济与管理,B120212,工商管理类,392,317,4.3%
创业管理,B120216,工商管理类,392,317,4.3%
集成电路设计与集成系统,B080710,电子信息类,391,297,4.3%
零售业管理,B120215,工商管理类,391,316,4.3%
电磁场与无线技术,B080712,电子信息类,390,294,4.3%
市场营销教育,B120214,工商管理类,390,315,4.3%
海关稽查,B120217,工商管理类,390,315,4.3%
电信工程及管理,B080715,电子信息类,387,294,4.3%
电波传播与天线,B080713,电子信息类,386,293,4.2%
经济工程,B020109,经济学类,385,314,4.2%
海洋信息工程,B080718,电子信息类,385,292,4.2%
电子封装技术,B080709,电子信息类,384,292,4.2%
应用电子技术教育,B080716,电子信息类,384,292,4.2%
劳动经济学,B020108,经济学类,383,312,4.2%
广播电视工程,B080707,电子信息类,383,291,4.2%
水声工程,B080708,电子信息类,383,291,4.2%
医学信息工程,B080711,电子信息类,383,291,4.2%
柔性电子学,B080719,电子信息类,383,291,4.2%
智能测控工程,B080720,电子信息类,383,291,4.2%
广播电视学,B050302,新闻传播学类,382,315,4.2%
机械设计制造及其自动化,B080202,机械类,380,272,4.2%
环境科学与工程,B082601,环境科学与工程类,375,267,4.1%
经济犯罪侦查,B030606,公安学类,370,246,4.1%
机械工程,B080201,机械类,368,258,4.0%
国际新闻与传播,B050309,新闻传播学类,366,299,4.0%
广告学,B050303,新闻传播学类,365,306,4.0%
公安情报学,B030610,公安学类,359,237,3.9%
食品质量与安全,B082802,食品科学与工程类,357,253,3.9%
犯罪学,B030611,公安学类,355,236,3.9%
技术侦查学,B030617,公安学类,355,236,3.9%
治安学,B030601,公安学类,354,238,3.9%
编辑出版学,B050305,新闻传播学类,354,300,3.9%
环境科学,B082603,环境科学与工程类,354,252,3.9%
环境生态工程,B082604,环境科学与工程类,354,246,3.9%
行政管理,B120402,公共管理类,353,296,3.9%
农业水利工程,B082405,农业工程类,352,231,3.9%
食品科学与工程,B082801,食品科学与工程类,349,249,3.8%
数字出版,B050307,新闻传播学类,348,294,3.8%
会展,B050310,新闻传播学类,348,294,3.8%
时尚传播,B050308,新闻传播学类,347,293,3.8%
禁毒学,B030604,公安学类,342,227,3.8%
水利水电工程,B081201,水利类,342,243,3.8%
国内安全保卫,B030614,公安学类,339,226,3.7%
农业工程,B082401,农业工程类,338,212,3.7%
警犬技术,B030605,公安学类,337,224,3.7%
消防指挥,B030608,公安学类,337,225,3.7%
警卫学,B030609,公安学类,337,225,3.7%
公安管理学,B030612,公安学类,337,225,3.7%
警务指挥与战术,B030615,公安学类,337,225,3.7%
海警执法,B030618,公安学类,336,223,3.7%
公安政治工作,B030619,公安学类,336,224,3.7%
涉外警务,B030613,公安学类,335,223,3.7%
反恐警务,B030621,公安学类,335,223,3.7%
统计学,B071101,统计学类,335,255,3.7%
公共事业管理,B120401,公共管理类,335,278,3.7%
边防管理,B030603,公安学类,334,222,3.7%
边防指挥,B030607,公安学类,334,222,3.7%
出入境管理,B030616,公安学类,334,222,3.7%
移民管理,B030620,公安学类,334,222,3.7%
消防政治工作,B030622,公安学类,334,222,3.7%
铁路警务,B030623,公安学类,334,222,3.7%
资源环境科学,B082606,环境科学与工程类,332,234,3.7%
应急技术与管理,B083002,安全科学与工程类,332,263,3.7%
税收学,B020202,财政学类,325,251,3.6%
人文地理与城乡规划,B070503,地理科学类,323,235,3.6%
经济与金融,B020307,金融学类,321,245,3.5%
机械电子工程,B080204,机械类,320,226,3.5%
测绘工程,B081301,测绘类,318,215,3.5%
土地整治工程,B082406,农业工程类,317,211,3.5%
环保设备工程,B082605,环境科学与工程类,317,226,3.5%
信息管理与信息系统,B120102,管理科学与工程类,316,251,3.5%
水质科学与技术,B082607,环境科学与工程类,315,225,3.5%
安全工程,B083001,安全科学与工程类,313,247,3.4%
金融工程,B020302,金融学类,312,242,3.4%
交通管理,B120407,公共管理类,312,246,3.4%
投资学,B020304,金融学类,305,237,3.4%
水务工程,B081204,水利类,305,209,3.4%
工程审计,B120109,管理科学与工程类,305,248,3.4%
劳动与社会保障,B120403,公共管理类,302,253,3.3%
智能制造工程,B080213,机械类,300,210,3.3%
城市管理,B120405,公共管理类,299,244,3.3%
信用管理,B020306,金融学类,297,228,3.3%
精算学,B020308,金融学类,296,228,3.3%
工业设计,B080205,机械类,296,206,3.3%
机械工艺技术,B080209,机械类,296,206,3.3%
应急装备技术与工程,B080219,机械类,296,207,3.3%
金融科技,B020310,金融学类,294,226,3.2%
新能源汽车工程,B080216,机械类,294,205,3.2%
过程装备与控制工程,B080206,机械类,293,204,3.2%
智能车辆工程,B080214,机械类,293,204,3.2%
金融数学,B020305,金融学类,292,225,3.2%
应用统计学,B071102,统计学类,292,223,3.2%
材料成型及控制工程,B080203,机械类,292,202,3.2%
车辆工程,B080207,机械类,292,204,3.2%
汽车服务工程,B080208,机械类,290,202,3.2%
智能交互设计,B080218,机械类,290,201,3.2%
农业机械化及其自动化,B082402,农业工程类,290,188,3.2%
互联网金融,B020309,金融学类,289,222,3.2%
增材制造工程,B080217,机械类,289,201,3.2%
交通工程,B081902,交通运输类,289,209,3.2%
国际税收,B020203,财政学类,288,222,3.2%
机电技术教育,B080211,机械类,288,200,3.2%
汽车维修工程教育,B080212,机械类,288,200,3.2%
仿生科学与工程,B080215,机械类,288,200,3.2%
水文与水资源工程,B081202,水利类,288,205,3.2%
保险学,B020303,金融学类,287,220,3.2%
微机电系统工程,B080210,机械类,287,199,3.2%
农业建筑环境与能源工程,B082404,农业工程类,286,185,3.1%
水利科学与工程,B081205,水利类,281,198,3.1%
农业电气化,B082403,农业工程类,281,183,3.1%
农业智能装备工程,B082407,农业工程类,281,185,3.1%
港口航道与海岸工程,B081203,水利类,280,187,3.1%
食品安全与检测,B082809,食品科学与工程类,270,196,3.0%
公共关系学,B120409,公共管理类,269,221,3.0%
自然资源登记与管理,B120417,公共管理类,268,220,2.9%
养老服务管理,B120414,公共管理类,264,217,2.9%
医疗保险,B120413,公共管理类,263,216,2.9%
健康服务与管理,B120410,公共管理类,261,214,2.9%
慈善管理,B120418,公共管理类,261,214,2.9%
海关管理,B120406,公共管理类,260,213,2.9%
海事管理,B120408,公共管理类,260,213,2.9%
海警后勤管理,B120411,公共管理类,260,213,2.9%
医疗产品管理,B120412,公共管理类,260,213,2.9%
海关检验检疫安全,B120415,公共管理类,260,213,2.9%
海外安全管理,B120416,公共管理类,260,213,2.9%
航空安防管理,B120419,公共管理类,260,213,2.9%
无障碍管理,B120420,公共管理类,260,213,2.9%
交通运输,B081901,交通运输类,259,189,2.8%
智慧水利,B081206,水利类,257,177,2.8%
数据科学,B071103,统计学类,251,185,2.8%
安全生产监管,B083004,安全科学与工程类,251,200,2.8%
农林经济管理,B120301,农业经济管理类,251,160,2.8%
粮食工程,B082803,食品科学与工程类,248,177,2.7%
食品营养与检验教育,B082807,食品科学与工程类,248,178,2.7%
应急管理,B120111,管理科学与工程类,247,202,2.7%
生物统计学,B071104,统计学类,246,180,2.7%
烹饪与营养教育,B082808,食品科学与工程类,246,176,2.7%
食品营养与健康,B082810,食品科学与工程类,245,175,2.7%
遥感科学与技术,B081302,测绘类,244,161,2.7%
乳品工程,B082804,食品科学与工程类,244,174,2.7%
酿酒工程,B082805,食品科学与工程类,244,174,2.7%
葡萄与葡萄酒工程,B082806,食品科学与工程类,244,174,2.7%
食用菌科学与工程,B082811,食品科学与工程类,244,174,2.7%
白酒酿造工程,B082812,食品科学与工程类,244,174,2.7%
地理空间信息工程,B081305,测绘类,241,160,2.7%
消防工程,B083102,公安技术类,241,160,2.7%
社会工作,B030302,社会学类,240,187,2.6%
农村区域发展,B120302,农业经济管理类,237,148,2.6%
导航工程,B081303,测绘类,232,152,2.6%
地理国情监测,B081304,测绘类,232,152,2.6%
交通管理工程,B083103,公安技术类,232,138,2.6%
政治学与行政学,B030201,政治学类,231,179,2.5%
安全防范工程,B083104,公安技术类,227,145,2.5%
网络安全与执法,B083108,公安技术类,226,138,2.5%
智慧交通,B081911,交通运输类,221,161,2.4%
电气工程及其自动化,B080601,电气类,220,172,2.4%
职业卫生工程,B083003,安全科学与工程类,220,174,2.4%
数据警务技术,B083110,公安技术类,220,135,2.4%
抢险救援指挥与技术,B083106,公安技术类,218,133,2.4%
管理科学,B120101,管理科学与工程类,218,173,2.4%
社会学,B030301,社会学类,217,164,2.4%
保密管理,B120106,管理科学与工程类,217,175,2.4%
刑事科学技术,B083101,公安技术类,216,131,2.4%
房地产开发与管理,B120104,管理科学与工程类,216,173,2.4%
交通设备与控制工程,B081906,交通运输类,212,150,2.3%
食品药品环境犯罪侦查技术,B083111,公安技术类,211,129,2.3%
公安视听技术,B083105,公安技术类,209,126,2.3%
计算金融,B120110,管理科学与工程类,206,165,2.3%
政治学、经济学与哲学,B030205,政治学类,205,152,2.3%
火灾勘查,B083107,公安技术类,205,125,2.3%
核生化消防,B083109,公安技术类,205,124,2.3%
邮政管理,B120108,管理科学与工程类,204,163,2.2%
思想政治教育,B030503,马克思主义理论类,202,166,2.2%
国际政治,B030202,政治学类,198,146,2.2%
信息与计算科学,B070102,数学类,198,134,2.2%
航海技术,B081903,交通运输类,198,141,2.2%
国际经济与贸易,B020401,经济与贸易类,197,157,2.2%
外交学,B030203,政治学类,197,145,2.2%
"国际事务与
国际关系",B030204,政治学类,197,145,2.2%
国际组织与全球治理,B030206,政治学类,196,144,2.2%
马克思主义理论,B030504,马克思主义理论类,196,160,2.2%
中国共产党历史,B030502,马克思主义理论类,195,159,2.1%
轮机工程,B081904,交通运输类,194,139,2.1%
乡村治理,B120303,农业经济管理类,194,128,2.1%
船舶电子电气工程,B081908,交通运输类,190,138,2.1%
智能运输工程,B081912,交通运输类,187,136,2.1%
社会政策,B030307,社会学类,186,136,2.0%
化学工程与工艺,B081401,化工与制药类,185,149,2.0%
旅游管理,B120901,旅游管理类,184,141,2.0%
药学,B101001,药学类,183,132,2.0%
科学社会主义,B030501,马克思主义理论类,182,146,2.0%
救助与打捞工程,B081907,交通运输类,182,131,2.0%
邮轮工程与管理,B081910,交通运输类,181,130,2.0%
工会学,B030505,马克思主义理论类,180,144,2.0%
飞行技术,B081905,交通运输类,180,129,2.0%
轨道交通电气与控制,B081909,交通运输类,180,129,2.0%
人类学,B030303,社会学类,175,128,1.9%
电气工程与智能控制,B080604,电气类,174,131,1.9%
农学,B090101,植物生产类,173,117,1.9%
地理信息科学,B070504,地理科学类,172,133,1.9%
药物分析,B101005,药学类,170,118,1.9%
林学,B090501,林学类,169,125,1.9%
贸易经济,B020402,经济与贸易类,167,126,1.8%
女性学,B030304,社会学类,167,127,1.8%
家政学,B030305,社会学类,166,126,1.8%
老年学,B030306,社会学类,166,126,1.8%
国际经济发展合作,B020403,经济与贸易类,164,126,1.8%
电机电器智能化,B080605,电气类,162,122,1.8%
智慧能源工程,B080608,电气类,162,121,1.8%
农业资源与环境,B090201,自然保护与环境生态类,162,109,1.8%
自然地理与资源环境,B070502,地理科学类,161,122,1.8%
制药工程,B081402,化工与制药类,161,122,1.8%
药物化学,B101006,药学类,161,112,1.8%
智能电网信息工程,B080602,电气类,160,119,1.8%
能源互联网工程,B080607,电气类,160,119,1.8%
自动化,B080801,自动化类,160,120,1.8%
药物制剂,B101002,药学类,160,112,1.8%
临床药学,B101003,药学类,159,110,1.7%
化妆品科学与技术,B101008,药学类,159,109,1.7%
光源与照明,B080603,电气类,157,118,1.7%
电缆工程,B080606,电气类,156,117,1.7%
电动载运工程,B080609,电气类,156,117,1.7%
海洋药学,B101007,药学类,156,107,1.7%
化工安全工程,B081406,化工与制药类,155,124,1.7%
药事管理,B101004,药学类,155,107,1.7%
数据计算及应用,B070104,数学类,154,106,1.7%
数学与应用数学,B070101,数学类,153,106,1.7%
园林,B090502,林学类,152,114,1.7%
森林保护,B090503,林学类,152,117,1.7%
机器人工程,B080803,自动化类,150,115,1.7%
智能装备与系统,B080806,自动化类,146,110,1.6%
数理基础科学,B070103,数学类,142,95,1.6%
工业智能,B080807,自动化类,142,109,1.6%
能源与动力工程,B080501,能源动力类,141,96,1.6%
应用化学,B070302,化学类,138,109,1.5%
能源化学工程,B081404,化工与制药类,137,107,1.5%
化学工程与工业生物工程,B081405,化工与制药类,137,107,1.5%
地理科学,B070501,地理科学类,136,99,1.5%
智能工程与创意设计,B080808,自动化类,136,103,1.5%
植物保护,B090103,植物生产类,136,97,1.5%
精细化工,B081408,化工与制药类,135,105,1.5%
轨道交通信号与控制,B080802,自动化类,134,101,1.5%
邮政工程,B080804,自动化类,134,101,1.5%
核电技术与控制工程,B080805,自动化类,134,101,1.5%
资源循环科学与工程,B081403,化工与制药类,134,104,1.5%
涂料工程,B081407,化工与制药类,134,104,1.5%
经济林,B090504,林学类,134,99,1.5%
智慧林业,B090505,林学类,130,95,1.4%
临床医学,B100301,临床医学类,129,101,1.4%
应用心理学,B071202,心理学类,128,99,1.4%
材料科学与工程,B080401,材料类,128,95,1.4%
心理学,B071201,心理学类,127,100,1.4%
植物科学与技术,B090104,植物生产类,127,89,1.4%
会展经济与管理,B120903,旅游管理类,126,98,1.4%
金属材料工程,B080405,材料类,125,92,1.4%
高分子材料与工程,B080407,材料类,125,92,1.4%
新能源材料与器件,B080414,材料类,125,92,1.4%
电子商务,B120801,电子商务类,125,99,1.4%
园艺,B090102,植物生产类,124,86,1.4%
预防医学,B100701,公共卫生与预防医学类,124,91,1.4%
旅游管理与服务教育,B120904,旅游管理类,124,98,1.4%
设施农业科学与工程,B090106,植物生产类,123,84,1.4%
水土保持与荒漠化防治,B090203,自然保护与环境生态类,122,83,1.3%
复合材料与工程,B080408,材料类,121,88,1.3%
智慧农业,B090112,植物生产类,121,83,1.3%
农药化肥,B090114,植物生产类,121,83,1.3%
材料化学,B080403,材料类,120,87,1.3%
冶金工程,B080404,材料类,120,87,1.3%
粉体材料科学与工程,B080409,材料类,120,87,1.3%
焊接技术与工程,B080411,材料类,120,87,1.3%
功能材料,B080412,材料类,120,87,1.3%
纳米材料与技术,B080413,材料类,120,87,1.3%
种子科学与工程,B090105,植物生产类,120,82,1.3%
茶学,B090107,植物生产类,120,82,1.3%
应用生物科学,B090109,植物生产类,120,81,1.3%
野生动物与自然保护区管理,B090202,自然保护与环境生态类,120,81,1.3%
土地科学与技术,B090205,自然保护与环境生态类,120,81,1.3%
化学生物学,B070303,化学类,119,90,1.3%
材料物理,B080402,材料类,119,86,1.3%
无机非金属材料工程,B080406,材料类,119,86,1.3%
宝石及材料工艺学,B080410,材料类,119,86,1.3%
材料设计科学与工程,B080415,材料类,119,86,1.3%
复合材料成型工程,B080416,材料类,119,86,1.3%
智能材料与结构,B080417,材料类,119,86,1.3%
光电信息材料与器件,B080418,材料类,119,86,1.3%
生物材料,B080419,材料类,119,86,1.3%
生物农药科学与工程,B090115,植物生产类,119,81,1.3%
湿地保护与恢复,B090206,自然保护与环境生态类,119,80,1.3%
酒店管理,B120902,旅游管理类,119,93,1.3%
化学,B070301,化学类,118,94,1.3%
新能源科学与工程,B080503,能源动力类,118,87,1.3%
烟草,B090108,植物生产类,118,80,1.3%
农艺教育,B090110,植物生产类,118,80,1.3%
园艺教育,B090111,植物生产类,118,80,1.3%
菌物科学与工程,B090113,植物生产类,118,80,1.3%
生物育种科学,B090116,植物生产类,118,80,1.3%
森林工程,B082501,林业工程类,117,77,1.3%
生物质科学与工程,B090204,自然保护与环境生态类,116,77,1.3%
国家公园建设与管理,B090207,自然保护与环境生态类,116,77,1.3%
生物制药,B082902,生物工程类,115,83,1.3%
木材科学与工程,B082502,林业工程类,114,74,1.3%
林产化工,B082503,林业工程类,113,73,1.2%
家具设计与工程,B082504,林业工程类,113,73,1.2%
木结构建筑与材料,B082505,林业工程类,113,73,1.2%
生物工程,B082901,生物工程类,113,78,1.2%
测控技术与仪器,B080301,仪器类,111,77,1.2%
能源与环境系统工程,B080502,能源动力类,111,80,1.2%
卫生监督,B100704,公共卫生与预防医学类,110,79,1.2%
分子科学与工程,B070304,化学类,109,85,1.2%
氢能科学与工程,B080506,能源动力类,109,77,1.2%
化学测量学与技术,B070306,化学类,108,84,1.2%
储能科学与工程,B080504,能源动力类,108,77,1.2%
能源服务工程,B080505,能源动力类,108,77,1.2%
可持续能源,B080507,能源动力类,108,77,1.2%
能源化学,B070305,化学类,106,83,1.2%
资源化学,B070307,化学类,106,83,1.2%
精密仪器,B080302,仪器类,106,73,1.2%
智能感知工程,B080303,仪器类,106,73,1.2%
资源勘查工程,B081503,地质类,104,77,1.1%
生物医学工程,B082701,生物医学工程类,104,76,1.1%
运动训练,B040202,体育学类,103,76,1.1%
勘查技术与工程,B081502,地质类,103,77,1.1%
电子商务及法律,B120802,电子商务类,102,81,1.1%
跨境电子商务,B120803,电子商务类,102,81,1.1%
地质工程,B081501,地质类,100,74,1.1%
采矿工程,B081601,矿业类,100,72,1.1%
食品卫生与营养学,B100702,公共卫生与预防医学类,100,73,1.1%
哲学,B010101,哲学类,98,89,1.1%
船舶与海洋工程,B082001,海洋工程类,98,70,1.1%
合成生物学,B082903,生物工程类,98,70,1.1%
档案学,B120502,图书情报与档案管理类,98,86,1.1%
地下水科学与工程,B081504,地质类,95,70,1.0%
旅游地学与规划工程,B081505,地质类,95,70,1.0%
智能地球探测,B081506,地质类,95,70,1.0%
资源环境大数据工程,B081507,地质类,95,70,1.0%
环境设计,B130503,设计学类,95,79,1.0%
海洋工程与技术,B082002,海洋工程类,92,64,1.0%
海洋资源开发技术,B082003,海洋工程类,90,62,1.0%
动物医学,B090401,动物医学类,90,63,1.0%
智能飞行器技术,B082110,航空航天类,89,60,1.0%
动物科学,B090301,动物生产类,89,57,1.0%
精神医学,B100305,临床医学类,89,67,1.0%
无人驾驶航空器系统工程,B082109,航空航天类,88,59,1.0%
物流管理,B120601,物流管理与工程类,88,72,1.0%
智慧海洋技术,B082005,海洋工程类,87,59,1.0%
飞行器控制与信息工程,B082108,航空航天类,87,58,1.0%
英语,B050201,外国语言文学类,86,76,0.9%
油气储运工程,B081604,矿业类,86,64,0.9%
飞行器适航技术,B082107,航空航天类,86,58,0.9%
飞行器制造工程,B082103,航空航天类,85,57,0.9%
水产养殖学,B090601,水产类,85,65,0.9%
妇幼保健医学,B100703,公共卫生与预防医学类,85,66,0.9%
矿物资源工程,B081605,矿业类,84,62,0.9%
海洋机器人,B082004,海洋工程类,84,57,0.9%
临床工程技术,B082703,生物医学工程类,84,60,0.9%
体育教育,B040201,体育学类,83,66,0.9%
假肢矫形工程,B082702,生物医学工程类,83,59,0.9%
康复工程,B082704,生物医学工程类,83,59,0.9%
海洋渔业科学与技术,B090602,水产类,83,62,0.9%
运动与公共健康,B100706,公共卫生与预防医学类,83,64,0.9%
全球健康学,B100705,公共卫生与预防医学类,82,63,0.9%
商务英语,B050262,外国语言文学类,81,71,0.9%
信息资源管理,B120503,图书情报与档案管理类,81,71,0.9%
体能训练,B040208,体育学类,80,62,0.9%
矿物加工工程,B081603,矿业类,80,58,0.9%
智能采矿工程,B081607,矿业类,80,58,0.9%
医学影像学,B100303,临床医学类,80,59,0.9%
教育学,B040101,教育学类,79,60,0.9%
武术与民族传统体育,B040204,体育学类,79,60,0.9%
石油工程,B081602,矿业类,79,57,0.9%
飞行器设计与工程,B082102,航空航天类,79,55,0.9%
物流工程,B120602,物流管理与工程类,79,67,0.9%
民族学,B030401,民族学类,78,49,0.9%
海洋油气工程,B081606,矿业类,78,56,0.9%
碳储科学与工程,B081608,矿业类,78,56,0.9%
经济动物学,B090304,动物生产类,78,47,0.9%
动植物检疫,B090403,动物医学类,78,56,0.9%
供应链管理,B120604,物流管理与工程类,78,66,0.9%
质量管理工程,B120703,工业工程类,78,63,0.9%
智慧牧业科学与工程,B090307,动物生产类,77,46,0.8%
儿科学,B100307,临床医学类,77,57,0.8%
教育技术学,B040104,教育学类,76,57,0.8%
化妆品技术与工程,B081805,轻工类,76,52,0.8%
蚕学,B090302,动物生产类,76,45,0.8%
蜂学,B090303,动物生产类,76,45,0.8%
马业科学,B090305,动物生产类,76,45,0.8%
饲料工程,B090306,动物生产类,76,45,0.8%
麻醉学,B100302,临床医学类,76,56,0.8%
眼视光医学,B100304,临床医学类,76,56,0.8%
放射医学,B100306,临床医学类,76,56,0.8%
图书馆学,B120501,图书情报与档案管理类,76,65,0.8%
运动康复,B040206,体育学类,75,57,0.8%
缅甸语,B050216,外国语言文学类,75,66,0.8%
工程力学,B080102,力学类,75,51,0.8%
航空航天工程,B082101,航空航天类,75,52,0.8%
飞行器动力工程,B082104,航空航天类,75,52,0.8%
飞行器环境与生命保障工程,B082105,航空航天类,75,52,0.8%
采购管理,B120603,物流管理与工程类,75,63,0.8%
越南语,B050223,外国语言文学类,74,66,0.8%
飞行器质量与可靠性,B082106,航空航天类,74,51,0.8%
空天智能电推进技术,B082111,航空航天类,74,51,0.8%
飞行器运维工程,B082112,航空航天类,74,51,0.8%
弹药工程与爆炸技术,B082204,兵器类,74,48,0.8%
特种能源技术与工程,B082205,兵器类,74,48,0.8%
标准化工程,B120702,工业工程类,74,60,0.8%
辐射防护与核安全,B082302,核工程类,73,50,0.8%
动物药学,B090402,动物医学类,73,51,0.8%
实验动物学,B090404,动物医学类,73,51,0.8%
中兽医学,B090405,动物医学类,73,51,0.8%
兽医公共卫生,B090406,动物医学类,73,51,0.8%
工业工程,B120701,工业工程类,73,59,0.8%
信息对抗技术,B082207,兵器类,72,45,0.8%
科学教育,B040102,教育学类,71,52,0.8%
艺术教育,B040105,教育学类,71,52,0.8%
轻化工程,B081801,轻工类,71,49,0.8%
包装工程,B081802,轻工类,71,49,0.8%
印刷工程,B081803,轻工类,71,49,0.8%
香料香精技术与工程,B081804,轻工类,71,49,0.8%
生物质能源与材料,B081806,轻工类,71,49,0.8%
中药学,B101101,中药学类,71,42,0.8%
人文教育,B040103,教育学类,70,51,0.8%
学前教育,B040106,教育学类,70,51,0.8%
小学教育,B040107,教育学类,70,51,0.8%
特殊教育,B040108,教育学类,70,51,0.8%
华文教育,B040109,教育学类,70,51,0.8%
教育康复学,B040110,教育学类,70,51,0.8%
卫生教育,B040111,教育学类,70,51,0.8%
认知科学与技术,B040112,教育学类,70,51,0.8%
融合教育,B040113,教育学类,70,51,0.8%
劳动教育,B040114,教育学类,70,51,0.8%
家庭教育,B040115,教育学类,70,51,0.8%
孤独症儿童教育,B040116,教育学类,70,51,0.8%
水生动物医学,B090604,水产类,70,51,0.8%
社会体育指导与管理,B040203,体育学类,69,56,0.8%
翻译,B050261,外国语言文学类,69,60,0.8%
纺织工程,B081701,纺织类,68,44,0.7%
非织造材料与工程,B081703,纺织类,68,44,0.7%
法语,B050204,外国语言文学类,67,58,0.7%
生物科学,B071001,生物科学类,67,44,0.7%
中药制药,B101105,中药学类,67,38,0.7%
逻辑学,B010102,哲学类,66,60,0.7%
阿拉伯语,B050206,外国语言文学类,66,58,0.7%
服装设计与工程,B081702,纺织类,66,44,0.7%
工程物理,B082303,核工程类,66,44,0.7%
未来机器人,B083201,交叉工程类,66,43,0.7%
法医学,B100201,法医学类,66,44,0.7%
理论与应用力学,B080101,力学类,65,43,0.7%
服装设计与工艺教育,B081704,纺织类,65,43,0.7%
丝绸设计与工程,B081705,纺织类,65,43,0.7%
核工程与核技术,B082301,核工程类,65,43,0.7%
水族科学与技术,B090603,水产类,65,46,0.7%
中草药栽培与鉴定,B101106,中药学类,65,37,0.7%
日语,B050207,外国语言文学类,64,56,0.7%
柬埔寨语,B050214,外国语言文学类,64,56,0.7%
泰语,B050220,外国语言文学类,64,55,0.7%
生物技术,B071002,生物科学类,64,45,0.7%
武器系统与工程,B082201,兵器类,64,42,0.7%
智能无人系统技术,B082208,兵器类,64,42,0.7%
核化工与核燃料工程,B082304,核工程类,64,42,0.7%
数字媒体艺术,B130508,设计学类,64,54,0.7%
体育旅游,B040212,体育学类,63,51,0.7%
西班牙语,B050205,外国语言文学类,63,55,0.7%
波斯语,B050208,外国语言文学类,63,54,0.7%
朝鲜语,B050209,外国语言文学类,63,55,0.7%
老挝语,B050215,外国语言文学类,63,55,0.7%
乌尔都语,B050221,外国语言文学类,63,55,0.7%
武器发射工程,B082202,兵器类,63,41,0.7%
探测制导与控制技术,B082203,兵器类,63,41,0.7%
装甲车辆工程,B082206,兵器类,63,41,0.7%
中药资源与开发,B101102,中药学类,63,36,0.7%
宗教学,B010103,哲学类,62,56,0.7%
运动人体科学,B040205,体育学类,62,50,0.7%
德语,B050203,外国语言文学类,62,54,0.7%
菲律宾语,B050210,外国语言文学类,62,54,0.7%
斯瓦希里语,B050225,外国语言文学类,62,54,0.7%
葡萄牙语,B050232,外国语言文学类,62,54,0.7%
藏药学,B101103,中药学类,62,35,0.7%
蒙药学,B101104,中药学类,62,35,0.7%
伦理学,B010104,哲学类,61,55,0.7%
休闲体育,B040207,体育学类,61,49,0.7%
电子竞技运动与管理,B040210,体育学类,61,49,0.7%
运动能力开发,B040213,体育学类,61,49,0.7%
俄语,B050202,外国语言文学类,61,53,0.7%
梵语巴利语,B050211,外国语言文学类,61,53,0.7%
印度尼西亚语,B050212,外国语言文学类,61,53,0.7%
印地语,B050213,外国语言文学类,61,53,0.7%
马来语,B050217,外国语言文学类,61,53,0.7%
蒙古语,B050218,外国语言文学类,61,53,0.7%
僧伽罗语,B050219,外国语言文学类,61,53,0.7%
希伯来语,B050222,外国语言文学类,61,53,0.7%
豪萨语,B050224,外国语言文学类,61,53,0.7%
阿尔巴尼亚语,B050226,外国语言文学类,61,53,0.7%
保加利亚语,B050227,外国语言文学类,61,53,0.7%
波兰语,B050228,外国语言文学类,61,53,0.7%
捷克语,B050229,外国语言文学类,61,53,0.7%
斯洛伐克语,B050230,外国语言文学类,61,53,0.7%
罗马尼亚语,B050231,外国语言文学类,61,53,0.7%
瑞典语,B050233,外国语言文学类,61,53,0.7%
塞尔维亚语,B050234,外国语言文学类,61,53,0.7%
土耳其语,B050235,外国语言文学类,61,53,0.7%
希腊语,B050236,外国语言文学类,61,53,0.7%
匈牙利语,B050237,外国语言文学类,61,53,0.7%
意大利语,B050238,外国语言文学类,61,53,0.7%
泰米尔语,B050239,外国语言文学类,61,53,0.7%
普什图语,B050240,外国语言文学类,61,53,0.7%
世界语,B050241,外国语言文学类,61,53,0.7%
孟加拉语,B050242,外国语言文学类,61,53,0.7%
尼泊尔语,B050243,外国语言文学类,61,53,0.7%
克罗地亚语,B050244,外国语言文学类,61,53,0.7%
荷兰语,B050245,外国语言文学类,61,53,0.7%
芬兰语,B050246,外国语言文学类,61,53,0.7%
乌克兰语,B050247,外国语言文学类,61,53,0.7%
挪威语,B050248,外国语言文学类,61,53,0.7%
丹麦语,B050249,外国语言文学类,61,53,0.7%
冰岛语,B050250,外国语言文学类,61,53,0.7%
爱尔兰语,B050251,外国语言文学类,61,53,0.7%
拉脱维亚语,B050252,外国语言文学类,61,53,0.7%
立陶宛语,B050253,外国语言文学类,61,53,0.7%
斯洛文尼亚语,B050254,外国语言文学类,61,53,0.7%
爱沙尼亚语,B050255,外国语言文学类,61,53,0.7%
马耳他语,B050256,外国语言文学类,61,53,0.7%
哈萨克语,B050257,外国语言文学类,61,53,0.7%
乌兹别克语,B050258,外国语言文学类,61,53,0.7%
祖鲁语,B050259,外国语言文学类,61,53,0.7%
拉丁语,B050260,外国语言文学类,61,53,0.7%
索马里语,B050263,外国语言文学类,61,53,0.7%
阿姆哈拉语,B050264,外国语言文学类,61,53,0.7%
吉尔吉斯语,B050265,外国语言文学类,61,53,0.7%
语言学,B050266,外国语言文学类,61,53,0.7%
生态学,B071004,生物科学类,61,43,0.7%
冰雪运动,B040209,体育学类,60,48,0.7%
智能体育工程,B040211,体育学类,60,48,0.7%
视觉传达设计,B130502,设计学类,60,54,0.7%
历史学,B060101,历史学类,58,53,0.6%
生物信息学,B071003,生物科学类,58,39,0.6%
海洋科学,B070701,海洋科学类,56,47,0.6%
整合科学,B071005,生物科学类,55,37,0.6%
神经科学,B071006,生物科学类,54,36,0.6%
海洋资源与环境,B070703,海洋科学类,53,46,0.6%
新媒体艺术,B130510,设计学类,52,47,0.6%
广播电视编导,B130305,戏剧与影视学类,51,45,0.6%
海洋技术,B070702,海洋科学类,48,39,0.5%
影视摄影与制作,B130311,戏剧与影视学类,48,44,0.5%
艺术设计学,B130501,设计学类,46,41,0.5%
产品设计,B130504,设计学类,45,39,0.5%
服装与服饰设计,B130505,设计学类,45,40,0.5%
地质学,B070901,地质学类,44,32,0.5%
基础医学,B100101,基础医学类,44,28,0.5%
中西医临床医学,B100901,中西医结合类,43,26,0.5%
播音与主持艺术,B130309,戏剧与影视学类,43,38,0.5%
公共艺术,B130506,设计学类,43,38,0.5%
艺术与科技,B130509,设计学类,43,38,0.5%
工艺美术,B130507,设计学类,42,37,0.5%
陶瓷艺术设计,B130511,设计学类,42,37,0.5%
包装设计,B130512,设计学类,41,36,0.5%
珠宝首饰设计与工艺,B130513,设计学类,41,36,0.5%
世界史,B060102,历史学类,39,36,0.4%
戏剧影视导演,B130306,戏剧与影视学类,39,35,0.4%
文物与博物馆学,B060104,历史学类,38,35,0.4%
文化遗产,B060107,历史学类,38,36,0.4%
草业科学,B090701,草学类,38,26,0.4%
草坪科学与工程,B090702,草学类,38,26,0.4%
文物保护技术,B060105,历史学类,37,35,0.4%
卫生检验与检疫,B100407,医学技术类,37,23,0.4%
物理学,B070201,物理学类,36,26,0.4%
大气科学,B070601,大气科学类,36,30,0.4%
应用物理学,B070202,物理学类,35,27,0.4%
系统科学与工程,B070205,物理学类,35,27,0.4%
军事海洋学,B070704,海洋科学类,35,29,0.4%
医学检验技术,B100401,医学技术类,35,23,0.4%
考古学,B060103,历史学类,34,32,0.4%
古文字学,B060108,历史学类,34,32,0.4%
"防灾减灾
科学与工程",B070803,地球物理学类,34,26,0.4%
中医学,B100801,中医学类,34,22,0.4%
外国语言与外国历史,B060106,历史学类,33,31,0.4%
科学史,B060109,历史学类,33,31,0.4%
量子信息科学,B070206,物理学类,33,25,0.4%
应用气象学,B070602,大气科学类,32,26,0.4%
生物医学,B100102,基础医学类,32,19,0.4%
生物医学科学,B100103,基础医学类,32,19,0.4%
医学实验技术,B100402,医学技术类,32,20,0.4%
动画,B130310,戏剧与影视学类,32,29,0.4%
地球化学,B070902,地质学类,31,23,0.3%
地球信息科学与技术,B070903,地质学类,31,23,0.3%
古生物学,B070904,地质学类,31,23,0.3%
核物理,B070203,物理学类,30,23,0.3%
声学,B070204,物理学类,30,23,0.3%
气象技术与工程,B070603,大气科学类,30,24,0.3%
康复治疗学,B100405,医学技术类,30,18,0.3%
针灸推拿学,B100802,中医学类,30,18,0.3%
影视技术,B130312,戏剧与影视学类,30,27,0.3%
地球系统科学,B070604,大气科学类,29,23,0.3%
康复物理治疗,B100409,医学技术类,29,17,0.3%
戏剧影视文学,B130304,戏剧与影视学类,29,26,0.3%
医学影像技术,B100403,医学技术类,28,16,0.3%
眼视光学,B100404,医学技术类,28,16,0.3%
口腔医学技术,B100406,医学技术类,28,16,0.3%
听力与言语康复学,B100408,医学技术类,28,16,0.3%
智能医学工程,B100410,医学技术类,28,16,0.3%
康复作业治疗,B100411,医学技术类,28,16,0.3%
生物医药数据科学,B100412,医学技术类,28,16,0.3%
智能影像工程,B100413,医学技术类,28,16,0.3%
医工学,B100414,医学技术类,28,16,0.3%
藏医学,B100803,中医学类,28,16,0.3%
蒙医学,B100804,中医学类,28,16,0.3%
维医学,B100805,中医学类,28,16,0.3%
壮医学,B100806,中医学类,28,16,0.3%
哈医学,B100807,中医学类,28,16,0.3%
傣医学,B100808,中医学类,28,16,0.3%
中医康复学,B100809,中医学类,28,16,0.3%
中医养生学,B100810,中医学类,28,16,0.3%
中医儿科学,B100811,中医学类,28,16,0.3%
回医学,B100812,中医学类,28,16,0.3%
中医骨伤科学,B100813,中医学类,28,16,0.3%
表演,B130301,戏剧与影视学类,28,25,0.3%
戏剧影视美术设计,B130307,戏剧与影视学类,28,25,0.3%
戏剧学,B130302,戏剧与影视学类,27,24,0.3%
电影学,B130303,戏剧与影视学类,27,24,0.3%
录音艺术,B130308,戏剧与影视学类,27,24,0.3%
戏剧教育,B130313,戏剧与影视学类,27,24,0.3%
曲艺,B130314,戏剧与影视学类,27,24,0.3%
音乐剧,B130315,戏剧与影视学类,27,24,0.3%
摄影,B130404,美术学类,25,23,0.3%
地球物理学,B070801,地球物理学类,22,16,0.2%
护理学,B100501,护理学类,21,8,0.2%
非物质文化遗产保护,B130103,艺术学理论类,21,20,0.2%
音乐表演,B130201,音乐与舞蹈学类,21,19,0.2%
天文学,B070401,天文学类,20,14,0.2%
空间科学与技术,B070802,地球物理学类,20,14,0.2%
行星科学,B070804,地球物理学类,20,14,0.2%
助产学,B100502,护理学类,20,7,0.2%
艺术管理,B130102,艺术学理论类,20,19,0.2%
口腔医学,B100601,口腔医学类,18,6,0.2%
音乐学,B130202,音乐与舞蹈学类,18,16,0.2%
舞蹈编导,B130206,音乐与舞蹈学类,18,16,0.2%
音乐教育,B130212,音乐与舞蹈学类,18,16,0.2%
舞蹈表演,B130204,音乐与舞蹈学类,17,15,0.2%
舞蹈教育,B130207,音乐与舞蹈学类,17,15,0.2%
音乐治疗,B130210,音乐与舞蹈学类,17,15,0.2%
美术学,B130401,美术学类,17,15,0.2%
文物保护与修复,B130408,美术学类,17,15,0.2%
跨媒体艺术,B130410,美术学类,17,15,0.2%
作曲与作曲技术理论,B130203,音乐与舞蹈学类,16,14,0.2%
舞蹈学,B130205,音乐与舞蹈学类,16,14,0.2%
航空服务艺术与管理,B130208,音乐与舞蹈学类,16,14,0.2%
流行音乐,B130209,音乐与舞蹈学类,16,14,0.2%
流行舞蹈,B130211,音乐与舞蹈学类,16,14,0.2%
艺术史论,B130101,艺术学理论类,15,14,0.2%
绘画,B130402,美术学类,15,13,0.2%
雕塑,B130403,美术学类,15,13,0.2%
书法学,B130405,美术学类,15,13,0.2%
中国画,B130406,美术学类,15,13,0.2%
实验艺术,B130407,美术学类,15,13,0.2%
漫画,B130409,美术学类,15,13,0.2%
纤维艺术,B130411,美术学类,15,13,0.2%
科技艺术,B130412,美术学类,15,13,0.2%
美术教育,B130413,美术学类,15,13,0.2%
