score,count,cum,source
694,11,62,原表
693,16,78,原表
692,14,92,原表
691,7,99,原表
690,12,111,原表
689,19,130,原表
688,17,147,原表
687,18,165,原表
686,24,189,原表
685,24,213,原表
684,27,240,原表
683,32,272,原表
682,25,297,原表
681,36,333,原表
680,38,371,原表
679,34,405,原表
678,41,446,原表
677,39,485,原表
676,58,543,原表
675,56,599,原表
674,56,655,原表
673,54,709,原表
672,69,778,原表
671,66,844,原表
670,58,902,原表
669,71,973,原表
668,78,1051,原表
667,72,1123,原表
666,96,1219,原表
665,85,1304,原表
664,82,1386,原表
663,101,1487,原表
662,106,1593,原表
661,116,1709,原表
660,108,1817,原表
659,122,1939,原表
658,118,2057,原表
657,117,2174,原表
656,106,2280,原表
655,110,2390,原表
654,123,2513,原表
653,148,2661,原表
652,161,2822,原表
651,142,2964,原表
650,167,3131,原表
649,157,3288,原表
648,184,3472,原表
647,155,3627,原表
646,197,3824,原表
645,185,4009,原表
644,203,4212,原表
643,201,4413,原表
642,217,4630,原表
641,206,4836,原表
640,255,5091,原表
639,213,5304,原表
638,226,5530,原表
637,256,5786,原表
636,242,6028,原表
635,243,6271,原表
634,223,6494,原表
633,238,6732,原表
632,230,6962,原表
631,284,7246,原表
630,280,7526,原表
629,293,7819,原表
628,263,8082,原表
627,291,8373,原表
626,270,8643,原表
625,276,8919,原表
624,339,9258,原表
623,346,9604,原表
622,335,9939,原表
621,360,10299,原表
620,322,10621,原表
619,345,10966,原表
618,328,11294,原表
617,368,11662,原表
616,349,12011,原表
615,384,12395,原表
614,357,12752,原表
613,385,13137,原表
612,400,13537,原表
611,397,13934,原表
610,421,14355,原表
609,377,14732,原表
608,419,15151,原表
607,424,15575,原表
606,472,16047,原表
605,474,16521,原表
604,469,16990,原表
603,463,17453,原表
602,461,17914,原表
601,469,18383,原表
600,493,18876,原表
599,496,19372,原表
598,526,19898,原表
597,524,20422,原表
596,474,20896,原表
595,500,21396,原表
594,555,21951,原表
593,502,22453,原表
592,523,22976,原表
591,527,23503,原表
590,562,24065,原表
589,575,24640,原表
588,564,25204,原表
587,571,25775,原表
586,594,26369,原表
585,583,26952,原表
584,625,27577,原表
583,582,28159,原表
582,585,28744,原表
581,627,29371,原表
580,642,30013,原表
579,639,30652,原表
578,589,31241,原表
577,661,31902,原表
576,624,32526,原表
575,639,33165,原表
574,666,33831,原表
573,665,34496,原表
572,729,35225,原表
571,716,35941,原表
570,700,36641,原表
569,713,37354,原表
568,718,38072,原表
567,717,38789,原表
566,699,39488,原表
565,732,40220,原表
564,698,40918,原表
563,735,41653,原表
562,745,42398,原表
561,724,43122,原表
560,806,43928,原表
559,791,44719,原表
558,792,45511,原表
557,762,46273,原表
556,812,47085,原表
555,837,47922,原表
554,796,48718,原表
553,832,49550,原表
552,820,50370,原表
551,824,51194,原表
550,861,52055,原表
549,809,52864,原表
548,844,53708,原表
547,849,54557,原表
546,889,55446,原表
545,854,56300,原表
544,921,57221,原表
543,865,58086,原表
542,859,58945,原表
541,894,59839,原表
540,902,60741,原表
539,957,61698,原表
538,929,62627,原表
537,984,63611,原表
536,900,64511,原表
535,954,65465,原表
534,961,66426,原表
533,943,67369,原表
532,970,68339,原表
531,982,69321,原表
530,1081,70402,原表
529,988,71390,原表
528,1069,72459,原表
527,1022,73481,原表
526,1043,74524,原表
525,1069,75593,原表
524,1031,76624,原表
523,1049,77673,原表
522,1028,78701,原表
521,1046,79747,原表
520,1020,80767,原表
519,1150,81917,原表
518,1056,82973,原表
517,1104,84077,原表
516,1108,85185,原表
515,1030,86215,原表
514,1156,87371,原表
513,1134,88505,原表
512,1085,89590,原表
511,1162,90752,原表
510,1143,91895,原表
509,1118,93013,原表
508,1164,94177,原表
507,1219,95396,原表
506,1186,96582,原表
505,1153,97735,原表
504,1146,98881,原表
503,1146,100027,原表
502,1251,101278,原表
501,1223,102501,原表
500,1248,103749,原表
499,1212,104961,原表
498,1255,106216,原表
497,1191,107407,原表
496,1211,108618,原表
495,1217,109835,原表
494,1226,111061,原表
493,1218,112279,原表
492,1265,113544,原表
491,1266,114810,原表
490,1361,116171,原表
489,1223,117394,原表
488,1252,118646,原表
487,1204,119850,原表
486,1286,121136,原表
485,1232,122368,原表
484,1237,123605,原表
483,1234,124839,原表
482,1234,126073,原表
481,1296,127369,原表
480,1226,128595,原表
479,1247,129842,原表
478,1227,131069,原表
477,1262,132331,原表
476,1285,133616,原表
475,1252,134868,原表
474,1250,136118,原表
473,1274,137392,原表
472,1293,138685,原表
471,1263,139948,原表
470,1262,141210,原表
469,1273,142483,原表
468,1277,143760,原表
467,1327,145087,原表
466,1230,146317,原表
465,1278,147595,原表
464,1255,148850,原表
463,1298,150148,原表
462,1236,151384,原表
461,1304,152688,原表
460,1270,153958,原表
459,1295,155253,原表
458,1266,156519,原表
457,1210,157729,原表
456,1228,158957,原表
455,1307,160264,原表
454,1214,161478,原表
453,1268,162746,原表
452,1163,163909,原表
451,1278,165187,原表
450,1146,166333,原表
449,1179,167512,原表
448,1293,168805,原表
447,1223,170028,原表
446,1263,171291,原表
445,1178,172469,原表
444,1223,173692,原表
443,1194,174886,原表
442,1203,176089,原表
441,1231,177320,原表
440,1219,178539,原表
439,1210,179749,原表
438,1206,180955,原表
437,1191,182146,原表
436,1178,183324,原表
435,1172,184496,原表
434,1176,185672,原表
433,1206,186878,原表
432,1144,188022,原表
431,1170,189192,原表
430,1127,190319,原表
429,1124,191443,原表
428,1132,192575,原表
427,1114,193689,原表
426,1127,194816,原表
425,1131,195947,原表
424,1059,197006,原表
423,1131,198137,原表
422,1077,199214,原表
421,1028,200242,原表
420,1082,201324,原表
419,1114,202438,原表
418,1104,203542,原表
417,1085,204627,原表
416,1050,205677,原表
415,975,206652,原表
414,1012,207664,原表
413,1005,208669,原表
412,1000,209669,原表
411,1002,210671,原表
410,1043,211714,原表
409,965,212679,原表
408,970,213649,原表
407,1041,214690,原表
406,975,215665,原表
405,982,216647,原表
404,956,217603,原表
403,955,218558,原表
402,900,219458,原表
401,891,220349,原表
400,891,221240,原表
399,903,222143,原表
398,932,223075,原表
397,920,223995,原表
396,869,224864,原表
395,894,225758,原表
394,840,226598,原表
393,896,227494,原表
392,935,228429,原表
391,812,229241,原表
390,813,230054,原表
389,862,230916,原表
388,805,231721,原表
387,828,232549,原表
386,841,233390,原表
385,816,234206,原表
384,785,234991,原表
383,791,235782,原表
382,775,236557,原表
381,796,237353,原表
380,790,238143,原表
379,769,238912,原表
378,814,239726,原表
377,759,240485,原表
376,789,241274,原表
375,756,242030,原表
374,757,242787,原表
373,735,243522,原表
372,678,244200,原表
371,684,244884,原表
370,710,245594,原表
369,736,246330,原表
368,687,247017,原表
367,680,247697,原表
366,696,248393,原表
365,700,249093,原表
364,685,249778,原表
363,646,250424,原表
362,648,251072,原表
361,655,251727,原表
360,639,252366,原表
359,612,252978,原表
358,646,253624,原表
357,631,254255,原表
356,613,254868,原表
355,616,255484,原表
354,600,256084,原表
353,602,256686,原表
352,632,257318,原表
351,599,257917,原表
350,610,258527,原表
349,559,259086,原表
348,577,259663,原表
347,570,260233,原表
346,565,260798,原表
345,574,261372,原表
344,561,261933,原表
343,543,262476,原表
342,521,262997,原表
341,530,263527,原表
340,525,264052,原表
339,548,264600,原表
338,464,265064,原表
337,497,265561,原表
336,510,266071,原表
335,498,266569,原表
334,497,267066,原表
333,490,267556,原表
332,460,268016,原表
331,486,268502,原表
330,502,269004,原表
329,458,269462,原表
328,479,269941,原表
327,441,270382,原表
326,441,270823,原表
325,405,271228,原表
324,430,271658,原表
323,422,272080,原表
322,429,272509,原表
321,453,272962,原表
320,430,273392,原表
319,426,273818,原表
318,430,274248,原表
317,382,274630,原表
316,373,275003,原表
315,378,275381,原表
314,405,275786,原表
313,373,276159,原表
312,426,276585,原表
311,402,276987,原表
310,371,277358,原表
309,422,277780,原表
308,351,278131,原表
307,373,278504,原表
306,369,278873,原表
305,348,279221,原表
304,338,279559,原表
303,357,279916,原表
302,354,280270,原表
301,321,280591,原表
300,348,280939,原表
299,327,281266,原表
298,367,281633,原表
297,313,281946,原表
296,326,282272,原表
295,298,282570,原表
294,307,282877,原表
293,299,283176,原表
292,290,283466,原表
291,284,283750,原表
290,311,284061,原表
289,297,284358,原表
288,316,284674,原表
287,286,284960,原表
286,311,285271,原表
285,266,285537,原表
284,276,285813,原表
283,271,286084,原表
282,272,286356,原表
281,264,286620,原表
280,271,286891,原表
279,267,287158,原表
278,265,287423,原表
277,261,287684,原表
276,253,287937,原表
275,287,288224,原表
274,256,288480,原表
273,244,288724,原表
272,241,288965,原表
271,237,289202,原表
270,246,289448,原表
269,215,289663,原表
268,230,289893,原表
267,246,290139,原表
266,221,290360,原表
265,227,290587,原表
264,203,290790,原表
263,190,290980,原表
262,192,291172,原表
261,224,291396,原表
260,203,291599,原表
259,210,291809,原表
258,201,292010,原表
257,177,292187,原表
256,197,292384,原表
255,186,292570,原表
254,192,292762,原表
253,151,292913,原表
252,155,293068,原表
251,185,293253,原表
250,188,293441,原表
249,164,293605,原表
248,169,293774,原表
247,165,293939,原表
246,150,294089,原表
245,148,294237,原表
244,150,294387,原表
243,135,294522,原表
242,135,294657,原表
241,135,294792,原表
240,128,294920,原表
239,134,295054,原表
238,149,295203,原表
237,131,295334,原表
236,149,295483,原表
235,106,295589,原表
234,125,295714,原表
233,116,295830,原表
232,121,295951,原表
231,93,296044,原表
230,94,296138,原表
229,97,296235,原表
228,100,296335,原表
227,104,296439,原表
226,98,296537,原表
225,75,296612,原表
224,83,296695,原表
223,86,296781,原表
222,65,296846,原表
221,58,296904,原表
220,57,296961,原表
219,55,297016,原表
218,74,297090,原表
217,67,297157,原表
216,76,297233,原表
215,50,297283,原表
214,43,297326,原表
213,54,297380,原表
212,42,297422,原表
211,47,297469,原表
210,52,297521,原表
209,45,297566,原表
208,32,297598,原表
207,35,297633,原表
206,29,297662,原表
205,31,297693,原表
204,39,297732,原表
203,30,297762,原表
202,27,297789,原表
201,27,297816,原表
200,23,297839,原表
199,26,297865,原表
198,18,297883,原表
197,20,297903,原表
196,26,297929,原表
195,23,297952,原表
194,20,297972,原表
193,24,297996,原表
192,8,298004,原表
191,23,298027,原表
190,13,298040,原表
189,12,298052,原表
188,9,298061,原表
187,19,298080,原表
186,7,298087,原表
185,10,298097,原表
184,11,298108,原表
183,13,298121,原表
182,10,298131,原表
181,8,298139,原表
180,13,298152,原表
179,16,298168,原表
178,11,298179,原表
177,14,298193,原表
176,10,298203,原表
175,12,298215,原表
174,9,298224,原表
173,9,298233,原表
172,11,298244,原表
171,10,298254,原表
170,7,298261,原表
169,7,298268,原表
168,7,298275,原表
167,5,298280,原表
166,7,298287,原表
165,6,298293,原表
164,5,298298,原表
163,3,298301,原表
162,8,298309,原表
161,8,298317,原表
160,7,298324,原表
159,8,298332,原表
158,5,298337,原表
157,11,298348,原表
156,3,298351,原表
155,3,298354,原表
154,6,298360,原表
153,7,298367,原表
152,3,298370,原表
151,4,298374,原表
150,4,298378,原表
149,2,298380,原表
148,2,298382,原表
147,5,298387,原表
146,2,298389,原表
145,3,298392,原表
144,7,298399,原表
143,6,298405,原表
142,5,298410,原表
141,1,298411,原表
140,1,298412,原表
139,2,298414,原表
137,7,298421,原表
136,2,298423,原表
135,5,298428,原表
134,5,298433,原表
133,3,298436,原表
132,3,298439,原表
131,3,298442,原表
129,1,298443,原表
128,2,298445,原表
127,1,298446,原表
126,1,298447,原表
125,1,298448,原表
124,1,298449,原表
123,1,298450,原表
121,3,298453,原表
120,1,298454,原表
119,1,298455,原表
118,4,298459,原表
117,4,298463,原表
116,3,298466,原表
115,2,298468,原表
113,2,298470,原表
112,1,298471,原表
111,4,298475,原表
109,3,298478,原表
107,1,298479,原表
104,1,298480,原表
103,5,298485,原表
102,1,298486,原表
101,3,298489,原表
100,1,298490,原表
100,1533,300023,原表
