code,name,group,major,plan,admit,score,rank,score_raw
1001,北京大学,002,,,,664,26,664.256136133
1001,北京大学,003,国家专项计划组,,,638,290,638.247126136
1002,中国人民大学,003,,,,652,92,652.252130137
1002,中国人民大学,004,,,,652,92,652.250132143
1002,中国人民大学,005,国家专项计划组,,,631,417,631.230115127
1002,中国人民大学,006,国家专项计划组,,,618,894,618.229118127
1003,清华大学,002,,,,666,20,666.262134141
1003,清华大学,003,国家专项计划组,,,642,214,642.244126130
1004,北京交通大学,001,,,,610,1270,610.237120110
1004,北京交通大学,002,,,,608,1392,608.223123128
1006,北京航空航天大学,001,,,,641,232,641.253129123
1007,北京理工大学,001,,,,628,502,628.228126135
1008,北京科技大学,001,,,,601,1835,601.224113117
1009,北方工业大学,001,,,,580,3874,580.217117124
1010,北京化工大学,001,,,,603,1691,603.236119124
1011,北京工商大学,001,,,,577,4245,577.199118120
1012,北京服装学院,001,,,,542,9965,542.196105109
1013,北京邮电大学,001,,,,611,1216,611.236127125
1014,北京印刷学院,001,,,,565,5870,565.199120114
1016,北京石油化工学院,001,,,,550,8406,550.213119104
1018,中国农业大学,001,,,,616,993,616.220131140
1018,中国农业大学,002,,,,595,2329,595.224118121
1018,中国农业大学,003,合作办学组,,,582,3632,582.213115125
1019,北京农学院,001,,,,545,9377,545.192111123
1020,北京林业大学,001,,,,596,2238,596.229116125
1020,北京林业大学,002,国家专项计划组,,,598,2074,598.226115114
1023,北京中医药大学,001,,,,594,2414,594.220110116
1024,北京师范大学,001,,,,639,274,639.252130130
1024,北京师范大学,002,国家专项计划组,,,609,1321,609.225122124
1025,首都师范大学,001,,,,596,2238,596.221131124
1026,首都体育学院,001,,,,543,9762,543.197100108
1027,北京外国语大学,002,,,,613,1127,613.230123140
1027,北京外国语大学,003,,,,613,1127,613.232120128
1027,北京外国语大学,004,国家专项计划组,,,573,4750,573.201116127
1028,北京第二外国语学院,001,,,,575,4499,575.194118126
1028,北京第二外国语学院,002,,,,587,3093,587.213117114
1029,北京语言大学,002,,,,585,3305,585.224114119
1029,北京语言大学,003,合作办学组,,,538,10833,538.204115092
1029,北京语言大学,004,,,,589,2890,589.212121122
1030,中国传媒大学,002,,,,604,1624,604.220119135
1030,中国传媒大学,003,,,,602,1770,602.208117126
1030,中国传媒大学,004,,,,601,1835,601.222116120
1030,中国传媒大学,005,合作办学组,,,582,3632,582.206121129
1030,中国传媒大学,006,国家专项计划组,,,575,4499,575.203119125
1031,中央财经大学,001,,,,624,649,624.226118127
1031,中央财经大学,002,国家专项计划组,,,582,3632,582.207110123
1032,对外经济贸易大学,002,,,,621,765,621.241122122
1032,对外经济贸易大学,003,国家专项计划组,,,599,1990,599.224116116
1033,北京物资学院,001,,,,551,8229,551.204105125
1033,北京物资学院,002,,,,533,11874,533.204111127
1034,首都经济贸易大学,001,,,,585,3305,585.203111126
1036,外交学院,004,国家专项计划组,,,596,2238,596.203114130
1038,国际关系学院,003,国家专项计划组,,,568,5429,568.213108113
1038,国际关系学院,004,国家专项计划组,,,585,3305,585.215114122
1039,北京体育大学,001,,,,586,3204,586.206117128
1039,北京体育大学,002,,,,587,3093,587.217119126
1039,北京体育大学,003,合作办学组,,,536,11238,536.187120128
1039,北京体育大学,004,,,,597,2164,597.232120115
1039,北京体育大学,005,国家专项计划组,,,554,7669,554.188097111
1042,中央美术学院,001,,,,577,4245,577.202117129
1042,中央美术学院,002,合作办学组,,,580,3874,580.205117125
1043,中央戏剧学院,001,,,,574,4632,574.205114125
1044,中国戏曲学院,001,,,,565,5870,565.193118117
1044,中国戏曲学院,002,,,,555,7471,555.214115112
1045,北京电影学院,001,,,,575,4499,575.205122117
1045,北京电影学院,002,,,,573,4750,573.195107126
1047,中央民族大学,001,,,,607,1446,607.224130126
1048,中国政法大学,001,,,,628,502,628.238130126
1048,中国政法大学,002,,,,620,807,620.232117133
1048,中国政法大学,003,国家专项计划组,,,623,681,623.237129128
1049,华北电力大学(北京),001,,,,598,2074,598.223116131
1054,中华女子学院,001,,,,543,9762,543.190114108
1054,中华女子学院,002,,,,536,11238,536.214114101
1055,北京信息科技大学,001,,,,583,3513,583.208109121
1056,中国矿业大学(北京),001,,,,594,2414,594.218111129
1057,中国石油大学(北京),001,,,,601,1835,601.215123129
1057,中国石油大学(北京),002,,,,604,1624,604.221117119
1058,中国地质大学(北京),001,,,,600,1918,600.218121126
1060,北京联合大学,001,,,,554,7669,554.220119119
1060,北京联合大学,002,,,,551,8229,551.191108113
1060,北京联合大学,003,,,,566,5712,566.208114115
1060,北京联合大学,004,,,,553,7852,553.207110113
1060,北京联合大学,005,,,,559,6769,559.201112113
1061,北京城市学院,001,,,,466,29883,466.151105106
1066,中国劳动关系学院,001,,,,550,8406,550.215126095
1074,首都师范大学科德学院,001,,,,452,33548,452.163098086
1075,北京金融科技学院,001,,,,443,35877,443.151095104
1078,北京邮电大学世纪学院,001,,,,455,32782,455.169101081
1079,北京工业大学耿丹学院,001,,,,444,35629,444.164089059
1084,民政职业大学,001,,,,517,15758,517.181110106
1086,北京第二外国语学院中瑞酒店管理,001,,,,467,29583,467.175104076
1095,南开大学,002,,,,639,274,639.251126131
1096,天津大学,001,,,,621,765,621.222113131
1097,天津科技大学,001,,,,560,6593,560.220117119
1098,天津工业大学,001,,,,583,3513,583.214123115
1099,中国民航大学,001,,,,576,4382,576.208105115
1099,中国民航大学,002,,,,582,3632,582.220113115
1100,天津理工大学,001,,,,552,8034,552.194113109
1101,天津农学院,001,,,,525,13773,525.206114090
1102,天津医科大学,001,,,,588,2994,588.229120121
1102,天津医科大学,002,,,,503,19461,503.174121104
1103,天津中医药大学,001,,,,555,7471,555.212112104
1104,天津师范大学,002,,,,555,7471,555.197111111
1104,天津师范大学,003,,,,577,4245,577.220117125
1104,天津师范大学,004,,,,534,11668,534.187118114
1104,天津师范大学,005,,,,578,4111,578.209115117
1104,天津师范大学,006,,,,581,3741,581.203119128
1105,天津职业技术师范大学,001,,,,525,13773,525.176102107
1105,天津职业技术师范大学,002,,,,547,8983,547.191100127
1106,天津外国语大学,001,,,,567,5570,567.188112130
1106,天津外国语大学,002,,,,554,7669,554.187101122
1106,天津外国语大学,003,,,,569,5289,569.214124120
1106,天津外国语大学,004,合作办学组,,,549,8599,549.198120110
1106,天津外国语大学,005,,,,570,5154,570.195116130
1107,天津商业大学,001,,,,556,7292,556.200104113
1107,天津商业大学,002,,,,557,7122,557.209117127
1107,天津商业大学,003,,,,545,9377,545.198106112
1107,天津商业大学,004,合作办学组,,,554,7669,554.193107122
1108,天津财经大学,001,,,,580,3874,580.216115123
1109,天津体育学院,001,,,,519,15260,519.194113095
1111,天津美术学院,001,,,,568,5429,568.222117107
1112,河北工业大学,001,,,,596,2238,596.213113128
1112,河北工业大学,002,,,,589,2890,589.226122114
1112,河北工业大学,003,,,,599,1990,599.221117126
1113,天津城建大学,001,,,,537,11024,537.202116090
1113,天津城建大学,002,,,,536,11238,536.180112119
1113,天津城建大学,003,,,,536,11238,536.195113092
1113,天津城建大学,004,,,,547,8983,547.188113095
1113,天津城建大学,005,合作办学组,,,501,20000,501.186106108
1113,天津城建大学,006,合作办学组,,,514,16518,514.180108121
1114,天津天狮学院,001,,,,443,35877,443.165103078
1131,天津外国语大学滨海外事学院,001,,,,483,25125,483.164090109
1131,天津外国语大学滨海外事学院,002,,,,471,28401,471.170111096
1131,天津外国语大学滨海外事学院,003,,,,512,17068,512.176103101
1131,天津外国语大学滨海外事学院,004,,,,479,26259,479.164108089
1131,天津外国语大学滨海外事学院,005,,,,465,30141,465.163097085
1133,天津商业大学宝德学院,001,,,,467,29583,467.168105084
1133,天津商业大学宝德学院,002,,,,469,29009,469.139092104
1133,天津商业大学宝德学院,003,,,,467,29583,467.166112068
1133,天津商业大学宝德学院,004,,,,451,33812,451.183100070
1134,天津医科大学临床医学院,001,,,,500,20270,500.170106097
1134,天津医科大学临床医学院,002,,,,469,29009,469.198101075
1141,天津理工大学中环信息学院,001,,,,471,28401,471.159103083
1142,北京科技大学天津学院,001,,,,475,27313,475.182103095
1142,北京科技大学天津学院,002,,,,477,26822,477.171097092
1147,天津仁爱学院,001,,,,468,29312,468.168096101
1147,天津仁爱学院,002,,,,443,35877,443.170108064
1147,天津仁爱学院,003,,,,483,25125,483.188101074
1148,天津财经大学珠江学院,001,,,,469,29009,469.179103081
1153,河北大学,001,,,,558,6960,558.197122128
1154,河北工程大学,001,,,,555,7471,555.194119107
1154,河北工程大学,002,,,,551,8229,551.203107095
1154,河北工程大学,003,,,,557,7122,557.201115121
1154,河北工程大学,004,,,,509,17830,509.166096124
1155,河北地质大学,001,,,,541,10171,541.194109117
1155,河北地质大学,002,合作办学组,,,531,12365,531.183112118
1156,华北电力大学(保定),001,,,,590,2792,590.219119128
1157,华北理工大学,001,,,,557,7122,557.205113119
1157,华北理工大学,002,,,,559,6769,559.210118131
1157,华北理工大学,003,,,,575,4499,575.227122117
1157,华北理工大学,004,,,,555,7471,555.205120109
1158,河北科技大学,001,,,,534,11668,534.192113112
1159,河北建筑工程学院,001,,,,485,24597,485.171097109
1162,河北医科大学,001,,,,540,10416,540.210110082
1165,河北师范大学,001,,,,565,5870,565.208117114
1165,河北师范大学,002,,,,560,6593,560.214109110
1165,河北师范大学,003,,,,535,11462,535.190115106
1165,河北师范大学,004,,,,574,4632,574.209124125
1165,河北师范大学,005,,,,547,8983,547.214112088
1166,保定学院,001,,,,519,15260,519.192117096
1166,保定学院,002,,,,506,18627,506.181103105
1167,河北民族师范学院,001,,,,520,15009,520.169110117
1168,唐山师范学院,001,,,,493,22260,493.181096095
1168,唐山师范学院,002,,,,504,19172,504.207114062
1169,廊坊师范学院,001,,,,537,11024,537.181118127
1169,廊坊师范学院,002,,,,548,8802,548.217114093
1170,衡水学院,001,,,,523,14261,523.184095112
1170,衡水学院,002,,,,506,18627,506.192115105
1171,石家庄学院,001,,,,530,12559,530.196114112
1171,石家庄学院,002,,,,525,13773,525.214122086
1171,石家庄学院,003,,,,519,15260,519.169105114
1173,邢台学院,001,,,,497,21083,497.176111105
1173,邢台学院,002,,,,484,24854,484.190104063
1173,邢台学院,003,,,,503,19461,503.154099110
1174,沧州师范学院,001,,,,517,15758,517.203107091
1175,石家庄铁道大学,001,,,,575,4499,575.196114123
1175,石家庄铁道大学,002,,,,585,3305,585.213129120
1175,石家庄铁道大学,003,,,,568,5429,568.200111114
1176,燕山大学,001,,,,572,4893,572.206119110
1176,燕山大学,002,,,,531,12365,531.187108128
1179,唐山学院,001,,,,538,10833,538.210107114
1179,唐山学院,002,,,,532,12120,532.211112089
1181,华北科技学院,001,,,,552,8034,552.205122113
1181,华北科技学院,002,,,,500,20270,500.176107094
1181,华北科技学院,003,,,,532,12120,532.178095120
1185,河北金融学院,001,,,,516,16018,516.180106108
1185,河北金融学院,002,,,,509,17830,509.173098109
1187,北华航天工业学院,001,,,,526,13534,526.214107077
1188,防灾科技学院,001,,,,526,13534,526.205111099
1188,防灾科技学院,002,,,,553,7852,553.199114101
1191,河北经贸大学,001,,,,555,7471,555.217117105
1191,河北经贸大学,002,,,,539,10614,539.194110112
1205,河北传媒学院,001,,,,472,28130,472.163092098
1218,河北科技学院,001,,,,464,30406,464.170101074
1218,河北科技学院,002,,,,448,34590,448.173102059
1228,河北外国语学院,001,,,,444,35629,444.169087072
1228,河北外国语学院,002,,,,,,
1230,华北理工大学轻工学院,001,,,,468,29312,468.178110076
1233,河北医科大学临床学院,001,,,,492,22562,492.178104104
1234,河北工程大学科信学院,001,,,,484,24854,484.178095075
1234,河北工程大学科信学院,002,,,,481,25705,481.160108109
1236,石家庄铁道大学四方学院,001,,,,498,20809,498.171098104
1237,河北地质大学华信学院,001,,,,465,30141,465.169095093
1243,保定理工学院,001,,,,447,34852,447.161101076
1244,燕京理工学院,001,,,,455,32782,455.125087107
1245,北京中医药大学东方学院,001,,,,462,30966,462.166101091
1245,北京中医药大学东方学院,002,,,,528,13016,528.186111098
1245,北京中医药大学东方学院,003,,,,497,21083,497.186120098
1251,沧州交通学院,001,,,,446,35120,446.174105085
1254,河北东方学院,001,,,,467,29583,467.182099088
1262,河北中医药大学,001,,,,607,1446,607.225114128
1262,河北中医药大学,002,,,,580,3874,580.209123129
1263,张家口学院,001,,,,502,19725,502.179108088
1263,张家口学院,002,,,,495,21664,495.149110113
1263,张家口学院,003,,,,486,24310,486.161102093
1263,张家口学院,004,,,,474,27610,474.182102082
1263,张家口学院,005,,,,503,19461,503.204113100
1281,河北石油职业技术大学,001,,,,478,26525,478.169106094
1282,河北科技工程职业技术大学,001,,,,478,26525,478.176104087
1283,河北工业职业技术大学,001,,,,496,21375,496.180102110
1284,东北大学秦皇岛分校,001,,,,605,1561,605.226127120
1284,东北大学秦皇岛分校,002,,,,596,2238,596.221114126
1284,东北大学秦皇岛分校,003,,,,600,1918,600.209116135
1287,河北环境工程学院,001,,,,486,24310,486.187102095
1290,内蒙古大学,001,,,,572,4893,572.214115121
1290,内蒙古大学,002,,,,570,5154,570.193111132
1290,内蒙古大学,003,,,,583,3513,583.209111133
1290,内蒙古大学,004,,,,582,3632,582.208111136
1290,内蒙古大学,005,,,,563,6156,563.220132112
1290,内蒙古大学,006,,,,582,3632,582.208112118
1291,内蒙古科技大学,001,,,,549,8599,549.200117115
1291,内蒙古科技大学,002,,,,551,8229,551.188109109
1295,内蒙古师范大学,001,,,,525,13773,525.188109116
1295,内蒙古师范大学,002,,,,513,16784,513.186124092
1296,内蒙古民族大学,001,,,,533,11874,533.210118087
1296,内蒙古民族大学,002,,,,538,10833,538.195119105
1297,赤峰学院,001,,,,489,23434,489.188099080
1298,内蒙古财经大学,001,,,,551,8229,551.202109112
1299,呼伦贝尔学院,001,,,,495,21664,495.179102098
1299,呼伦贝尔学院,002,,,,500,20270,500.161093088
1301,集宁师范学院,001,,,,502,19725,502.192110092
1301,集宁师范学院,002,,,,521,14758,521.194115117
1304,呼和浩特民族学院,001,,,,540,10416,540.204115083
1304,呼和浩特民族学院,002,,,,516,16018,516.177105119
1304,呼和浩特民族学院,003,,,,537,11024,537.197127102
1327,内蒙古大学创业学院,001,,,,497,21083,497.198108083
1328,内蒙古鸿德文理学院,001,,,,469,29009,469.160091108
1340,内蒙古艺术学院,001,,,,472,28130,472.190108080
1340,内蒙古艺术学院,002,,,,477,26822,477.161111083
1344,内蒙古科技大学包头师范学院,001,,,,493,22260,493.153107114
1344,内蒙古科技大学包头师范学院,002,,,,537,11024,537.182100127
1346,辽宁大学,001,,,,587,3093,587.218124112
1346,辽宁大学,002,,,,580,3874,580.208120113
1346,辽宁大学,003,,,,571,5027,571.226114102
1346,辽宁大学,004,,,,570,5154,570.195122123
1346,辽宁大学,005,合作办学组,,,574,4632,574.201117121
1346,辽宁大学,006,合作办学组,,,574,4632,574.197121128
1346,辽宁大学,007,合作办学组,,,583,3513,583.216122120
1346,辽宁大学,008,合作办学组,,,577,4245,577.221118114
1346,辽宁大学,009,合作办学组,,,565,5870,565.211106110
1347,大连理工大学,001,,,,599,1990,599.221114123
1348,沈阳工业大学,001,,,,566,5712,566.219118116
1350,沈阳理工大学,001,,,,529,12778,529.192099108
1350,沈阳理工大学,002,,,,536,11238,536.185105133
1351,东北大学,001,,,,610,1270,610.232120131
1351,东北大学,002,,,,600,1918,600.221117130
1351,东北大学,003,,,,614,1082,614.216119130
1353,辽宁工程技术大学,001,,,,545,9377,545.211117103
1356,大连交通大学,001,,,,566,5712,566.184110116
1356,大连交通大学,002,合作办学组,,,546,9173,546.187109111
1357,大连海事大学,001,,,,600,1918,600.221117122
1357,大连海事大学,002,,,,590,2792,590.219117128
1357,大连海事大学,003,合作办学组,,,589,2890,589.209116125
1357,大连海事大学,004,,,,595,2329,595.215113130
1358,大连工业大学,001,合作办学组,,,515,16281,515.178099111
1359,沈阳建筑大学,001,,,,546,9173,546.194110106
1362,大连海洋大学,001,,,,548,8802,548.226117100
1362,大连海洋大学,002,,,,538,10833,538.154106130
1366,辽宁中医药大学,001,,,,578,4111,578.207115118
1368,沈阳医学院,001,,,,516,16018,516.175100114
1369,辽宁师范大学,001,,,,548,8802,548.204110107
1369,辽宁师范大学,002,,,,553,7852,553.200123114
1369,辽宁师范大学,003,,,,527,13288,527.203107103
1369,辽宁师范大学,004,合作办学组,,,505,18892,505.186105110
1370,沈阳师范大学,001,,,,506,18627,506.177114093
1371,渤海大学,001,,,,550,8406,550.208114090
1372,鞍山师范学院,001,,,,536,11238,536.182097117
1372,鞍山师范学院,002,,,,531,12365,531.190115119
1372,鞍山师范学院,003,,,,507,18367,507.181095105
1372,鞍山师范学院,004,,,,514,16518,514.160114117
1372,鞍山师范学院,005,,,,513,16784,513.183110102
1372,鞍山师范学院,006,,,,509,17830,509.185119088
1373,朝阳师范学院,001,,,,493,22260,493.153100121
1374,大连外国语大学,001,,,,553,7852,553.209116124
1374,大连外国语大学,002,,,,564,6026,564.189112123
1374,大连外国语大学,003,,,,563,6156,563.184117123
1375,东北财经大学,001,,,,600,1918,600.232116122
1375,东北财经大学,002,合作办学组,,,555,7471,555.193104123
1375,东北财经大学,003,合作办学组,,,566,5712,566.208113113
1375,东北财经大学,004,合作办学组,,,565,5870,565.213121121
1375,东北财经大学,005,国家专项计划组,,,547,8983,547.206120111
1379,鲁迅美术学院,001,,,,494,21975,494.197107079
1384,辽宁对外经贸学院,001,,,,445,35357,445.154100072
1384,辽宁对外经贸学院,002,,,,454,33041,454.149100125
1386,沈阳大学,001,,,,535,11462,535.194114098
1391,大连大学,001,,,,566,5712,566.210118111
1391,大连大学,002,,,,554,7669,554.198108108
1391,大连大学,003,,,,544,9550,544.187103120
1392,辽宁科技学院,001,,,,496,21375,496.168112099
1392,辽宁科技学院,002,,,,513,16784,513.206115061
1396,辽东学院,001,,,,496,21375,496.166096107
1396,辽东学院,002,,,,514,16518,514.161104116
1397,大连民族大学,001,,,,548,8802,548.194114114
1397,大连民族大学,002,国家专项计划组,,,533,11874,533.209109111
1413,大连理工大学城市学院,001,,,,446,35120,446.134084098
1416,沈阳工学院,001,,,,450,34070,450.174100086
1417,大连工业大学艺术与信息工程学院,001,,,,443,35877,443.163109064
1418,大连科技学院,001,,,,444,35629,444.164092075
1419,沈阳城市建设学院,001,,,,443,35877,443.156099064
1420,大连医科大学中山学院,001,,,,458,32024,458.181109083
1422,辽宁师范大学海华学院,001,,,,454,33041,454.147105081
1422,辽宁师范大学海华学院,002,,,,479,26259,479.172103086
1423,辽宁理工学院,001,,,,455,32782,455.186097069
1424,大连财经学院,001,,,,459,31742,459.168101072
1425,沈阳城市学院,001,,,,450,34070,450.165099077
1427,大连艺术学院,001,,,,,,
1430,沈阳科技学院,001,,,,446,35120,446.147095085
1431,大连东软信息学院,001,,,,444,35629,444.151105088
1431,大连东软信息学院,002,,,,,,
1433,辽宁传媒学院,001,,,,444,35629,444.142095105
1463,吉林大学,002,,,,612,1173,612.230126134
1463,吉林大学,003,,,,596,2238,596.219116116
1463,吉林大学,004,,,,637,306,637.225121139
1463,吉林大学,005,,,,619,847,619.245123124
1463,吉林大学,006,国家专项计划组,,,587,3093,587.212117133
1464,延边大学,001,,,,567,5570,567.222117099
1464,延边大学,002,,,,564,6026,564.202113117
1464,延边大学,003,,,,564,6026,564.202105117
1464,延边大学,004,合作办学组,,,573,4750,573.207129121
1464,延边大学,005,,,,580,3874,580.205120118
1465,长春理工大学,001,,,,505,18892,505.187103078
1465,长春理工大学,002,,,,506,18627,506.167088120
1467,长春工业大学,001,,,,533,11874,533.185109110
1467,长春工业大学,002,,,,523,14261,523.184114104
1467,长春工业大学,003,,,,510,17574,510.175105093
1467,长春工业大学,004,,,,534,11668,534.168105135
1471,长春中医药大学,001,,,,579,3990,579.220111119
1472,东北师范大学,005,,,,598,2074,598.218111125
1472,东北师范大学,006,合作办学组,,,577,4245,577.221113116
1472,东北师范大学,007,合作办学组,,,548,8802,548.209124099
1472,东北师范大学,008,,,,603,1691,603.225125117
1472,东北师范大学,009,国家专项计划组,,,577,4245,577.217115114
1473,北华大学,001,,,,544,9550,544.193110110
1473,北华大学,002,,,,555,7471,555.205112112
1474,通化师范学院,001,,,,538,10833,538.196104128
1475,吉林师范大学,001,,,,540,10416,540.194113110
1475,吉林师范大学,002,,,,538,10833,538.196103108
1475,吉林师范大学,003,,,,536,11238,536.222112087
1475,吉林师范大学,004,合作办学组,,,482,25409,482.168102104
1475,吉林师范大学,005,,,,553,7852,553.199103117
1475,吉林师范大学,006,,,,550,8406,550.212109103
1476,吉林工程技术师范学院,001,,,,494,21975,494.165102087
1477,长春师范大学,001,,,,528,13016,528.183122104
1477,长春师范大学,002,,,,510,17574,510.180099106
1477,长春师范大学,003,,,,538,10833,538.190107124
1477,长春师范大学,004,合作办学组,,,486,24310,486.182114074
1477,长春师范大学,005,合作办学组,,,484,24854,484.173089110
1477,长春师范大学,006,,,,542,9965,542.210113082
1478,白城师范学院,001,,,,506,18627,506.190112109
1478,白城师范学院,002,,,,489,23434,489.181109097
1478,白城师范学院,003,,,,518,15516,518.183112093
1479,吉林财经大学,001,,,,545,9377,545.192125126
1479,吉林财经大学,002,合作办学组,,,543,9762,543.209116098
1481,吉林艺术学院,001,,,,484,24854,484.178106094
1481,吉林艺术学院,002,,,,472,28130,472.157098084
1483,吉林外国语大学,001,,,,445,35357,445.158107079
1483,吉林外国语大学,002,,,,474,27610,474.173116087
1483,吉林外国语大学,003,,,,446,35120,446.140087103
1483,吉林外国语大学,004,合作办学组,,,471,28401,471.162109092
1485,吉林工商学院,001,,,,494,21975,494.208105097
1487,长春工程学院,001,,,,511,17329,511.184107095
1488,吉林农业科技学院,001,,,,499,20534,499.182102086
1490,吉林警察学院,001,,,,518,15516,518.167114105
1490,吉林警察学院,002,,,,488,23730,488.181101082
1491,长春大学,001,,,,544,9550,544.198101115
1491,长春大学,002,合作办学组,,,492,22562,492.163108108
1491,长春大学,003,合作办学组,,,515,16281,515.193109098
1491,长春大学,004,合作办学组,,,524,14004,524.199106100
1491,长春大学,005,合作办学组,,,516,16018,516.193102114
1491,长春大学,006,合作办学组,,,494,21975,494.171111090
1500,长春光华学院,001,,,,443,35877,443.128100104
1501,长春工业大学人文信息学院,001,,,,443,35877,443.152106093
1502,长春电子科技学院,001,,,,455,32782,455.134101107
1503,长春财经学院,001,,,,446,35120,446.165085105
1505,长春建筑学院,001,,,,447,34852,447.174115068
1506,长春科技学院,001,,,,461,31197,461.166102075
1508,吉林师范大学博达学院,001,,,,475,27313,475.167104083
1508,吉林师范大学博达学院,002,,,,469,29009,469.169116086
1508,吉林师范大学博达学院,003,,,,456,32503,456.172106062
1509,长春大学旅游学院,001,,,,446,35120,446.167093090
1509,长春大学旅游学院,002,,,,,,
1510,长春人文学院,001,,,,446,35120,446.157084084
1511,吉林医药学院,001,,,,509,17830,509.191105087
1533,黑龙江大学,001,,,,551,8229,551.212123091
1533,黑龙江大学,002,,,,545,9377,545.195106110
1534,哈尔滨工业大学,001,,,,624,649,624.243124129
1536,哈尔滨工程大学,001,,,,588,2994,588.212123114
1536,哈尔滨工程大学,002,,,,594,2414,594.219118124
1537,黑龙江科技大学,001,,,,518,15516,518.184109099
1537,黑龙江科技大学,002,,,,525,13773,525.171111111
1537,黑龙江科技大学,003,,,,551,8229,551.201120111
1538,东北石油大学,001,,,,474,27610,474.144105081
1540,黑龙江八一农垦大学,001,,,,528,13016,528.189109099
1540,黑龙江八一农垦大学,002,,,,511,17329,511.183113098
1541,东北农业大学,001,,,,587,3093,587.213120112
1541,东北农业大学,002,,,,592,2592,592.210120123
1541,东北农业大学,003,,,,579,3990,579.221113131
1541,东北农业大学,004,,,,558,6960,558.191114113
1542,东北林业大学,001,,,,555,7471,555.215119097
1542,东北林业大学,002,,,,588,2994,588.200112130
1543,哈尔滨医科大学,001,,,,564,6026,564.227123097
1543,哈尔滨医科大学,002,,,,559,6769,559.202111117
1543,哈尔滨医科大学,003,,,,549,8599,549.217110098
1544,黑龙江中医药大学,001,,,,583,3513,583.213113118
1544,黑龙江中医药大学,002,,,,514,16518,514.191109115
1546,哈尔滨师范大学,001,,,,515,16281,515.207107101
1546,哈尔滨师范大学,002,,,,495,21664,495.189101091
1547,齐齐哈尔大学,001,,,,507,18367,507.199118073
1548,牡丹江师范学院,001,,,,511,17329,511.170098094
1548,牡丹江师范学院,002,,,,539,10614,539.196113098
1549,哈尔滨学院,001,,,,535,11462,535.198103099
1549,哈尔滨学院,002,,,,518,15516,518.182096102
1549,哈尔滨学院,003,,,,529,12778,529.194117108
1550,大庆师范学院,001,,,,528,13016,528.192116105
1550,大庆师范学院,002,,,,505,18892,505.194099114
1551,绥化学院,001,,,,523,14261,523.184098105
1551,绥化学院,002,,,,497,21083,497.185110099
1553,哈尔滨商业大学,001,,,,535,11462,535.210114080
1553,哈尔滨商业大学,002,,,,533,11874,533.198117086
1555,哈尔滨金融学院,001,,,,548,8802,548.197113118
1555,哈尔滨金融学院,002,,,,534,11668,534.172109128
1558,齐齐哈尔医学院,001,,,,494,21975,494.189118094
1559,黑龙江工业学院,001,,,,482,25409,482.181112098
1559,黑龙江工业学院,002,,,,487,24012,487.180114105
1559,黑龙江工业学院,003,,,,510,17574,510.182108080
1560,黑龙江东方学院,001,,,,469,29009,469.178101072
1562,哈尔滨信息工程学院,001,,,,444,35629,444.157092076
1563,黑龙江工程学院,001,,,,517,15758,517.193106090
1563,黑龙江工程学院,002,,,,502,19725,502.175117090
1573,齐齐哈尔工程学院,001,,,,444,35629,444.178107052
1579,黑龙江外国语学院,001,,,,457,32266,457.141093131
1580,黑龙江财经学院,001,,,,455,32782,455.182109066
1581,哈尔滨石油学院,001,,,,445,35357,445.164108082
1582,黑龙江工商学院,001,,,,443,35877,443.146082092
1583,哈尔滨远东理工学院,001,,,,453,33288,453.167122066
1585,哈尔滨剑桥学院,001,,,,446,35120,446.154094103
1586,黑龙江工程学院昆仑旅游学院,001,,,,445,35357,445.150096092
1587,哈尔滨广厦学院,001,,,,467,29583,467.159101085
1588,哈尔滨华德学院,001,,,,447,34852,447.152091074
1596,黑河学院,001,,,,498,20809,498.210106087
1617,复旦大学,001,,,,653,84,653.250128133
1617,复旦大学,002,国家专项计划组,,,612,1173,612.233127133
1618,同济大学,002,,,,639,274,639.241122129
1619,上海交通大学,001,,,,661,37,661.241121143
1620,华东理工大学,001,,,,612,1173,612.240130129
1620,华东理工大学,002,,,,598,2074,598.213109139
1621,上海理工大学,001,,,,572,4893,572.203118122
1622,上海海事大学,001,,,,581,3741,581.212117118
1623,东华大学,001,,,,601,1835,601.226121130
1623,东华大学,002,国家专项计划组,,,574,4632,574.216123104
1625,上海应用技术大学,001,,,,544,9550,544.189117122
1625,上海应用技术大学,002,,,,549,8599,549.198117115
1629,华东师范大学,005,,,,631,417,631.248126134
1630,上海师范大学,001,,,,560,6593,560.189114126
1630,上海师范大学,002,,,,559,6769,559.199108118
1630,上海师范大学,003,国家专项计划组,,,552,8034,552.196122107
1631,上海外国语大学,002,,,,625,611,625.243123126
1631,上海外国语大学,003,,,,607,1446,607.217126129
1632,上海财经大学,001,,,,623,681,623.238124136
1633,上海对外经贸大学,001,,,,589,2890,589.229124123
1636,华东政法大学,001,,,,609,1321,609.219116131
1637,上海体育大学,001,,,,562,6303,562.209110097
1637,上海体育大学,002,,,,560,6593,560.201118105
1640,上海大学,001,,,,613,1127,613.233119132
1640,上海大学,002,合作办学组,,,589,2890,589.232131117
1644,上海工程技术大学,001,,,,545,9377,545.167103140
1645,上海立信会计金融学院,001,,,,573,4750,573.211109111
1646,上海电机学院,001,合作办学组,,,529,12778,529.198106110
1648,上海杉达学院,001,,,,443,35877,443.162102067
1648,上海杉达学院,002,,,,452,33548,452.152096091
1649,上海政法学院,001,,,,588,2994,588.206105124
1650,上海第二工业大学,001,,,,554,7669,554.222125091
1651,上海商学院,001,,,,550,8406,550.187110117
1661,上海立达学院,001,,,,448,34590,448.183094058
1664,上海建桥学院,001,,,,445,35357,445.154106093
1664,上海建桥学院,002,合作办学组,,,453,33288,453.165112065
1670,上海中侨职业技术大学,001,,,,,,
1673,上海外国语大学贤达经济人文学院,001,,,,449,34344,449.170093078
1675,上海师范大学天华学院,001,,,,445,35357,445.144081094
1687,复旦大学医学院,001,,,,608,1392,608.231119132
1690,南京大学,001,,,,649,123,649.256131126
1691,苏州大学,001,,,,609,1321,609.227122117
1691,苏州大学,002,,,,612,1173,612.231122123
1691,苏州大学,003,,,,610,1270,610.232123125
1692,东南大学,002,,,,632,396,632.229126136
1692,东南大学,003,,,,628,502,628.242124130
1694,南京航空航天大学,001,,,,599,1990,599.221117122
1695,南京理工大学,001,,,,595,2329,595.212111125
1695,南京理工大学,002,,,,602,1770,602.220126126
1696,江苏科技大学,001,,,,575,4499,575.207105132
1696,江苏科技大学,002,,,,559,6769,559.210123104
1696,江苏科技大学,003,,,,531,12365,531.179102111
1697,中国矿业大学,001,,,,592,2592,592.233122115
1698,南京工业大学,001,,,,571,5027,571.215115105
1699,常州大学,001,,,,558,6960,558.194110130
1699,常州大学,002,,,,,,
1701,河海大学,001,,,,596,2238,596.220115121
1701,河海大学,002,,,,603,1691,603.222116129
1702,江南大学,001,,,,608,1392,608.220119120
1702,江南大学,002,,,,593,2505,593.222129115
1702,江南大学,003,,,,612,1173,612.240126116
1702,江南大学,004,合作办学组,,,582,3632,582.218121111
1703,南京林业大学,001,,,,581,3741,581.215125125
1704,江苏大学,001,,,,584,3411,584.208122131
1704,江苏大学,002,,,,591,2709,591.215108124
1705,南京信息工程大学,001,,,,589,2890,589.224116117
1705,南京信息工程大学,002,,,,593,2505,593.218115121
1707,南通大学,001,,,,557,7122,557.212118106
1707,南通大学,002,,,,560,6593,560.196115118
1709,南京农业大学,001,,,,583,3513,583.209115123
1709,南京农业大学,002,,,,591,2709,591.218113129
1713,中国药科大学,001,,,,594,2414,594.218119135
1714,南京师范大学,001,,,,591,2709,591.221114124
1715,江苏师范大学,001,,,,583,3513,583.218119114
1715,江苏师范大学,002,,,,570,5154,570.194119122
1716,淮阴师范学院,001,,,,504,19172,504.160103106
1717,盐城师范学院,001,,,,527,13288,527.206127089
1718,南京财经大学,001,,,,583,3513,583.214121144
1721,南京艺术学院,001,,,,551,8229,551.204116107
1722,苏州科技大学,001,,,,562,6303,562.186099132
1727,南京工业职业技术大学,001,,,,529,12778,529.169099122
1730,金陵科技学院,001,,,,535,11462,535.189113108
1731,淮阴工学院,001,,,,525,13773,525.193098097
1735,徐州工程学院,001,,,,545,9377,545.208109100
1735,徐州工程学院,002,,,,545,9377,545.190116121
1738,扬州大学,001,,,,574,4632,574.215120122
1738,扬州大学,002,,,,578,4111,578.205112133
1739,三江学院,001,,,,445,35357,445.160107063
1740,南京工程学院,001,,,,550,8406,550.183108117
1741,南京审计大学,001,,,,602,1770,602.241123120
1743,南京晓庄学院,001,,,,560,6593,560.196101112
1745,江苏理工学院,001,,,,540,10416,540.195116103
1747,江苏海洋大学,001,,,,550,8406,550.209124111
1747,江苏海洋大学,002,,,,555,7471,555.200113116
1747,江苏海洋大学,003,,,,543,9762,543.208114098
1747,江苏海洋大学,004,,,,546,9173,546.188115113
1747,江苏海洋大学,005,,,,561,6430,561.192110118
1751,南京特殊教育师范学院,001,,,,532,12120,532.192114089
1753,南通理工学院,001,,,,445,35357,445.149098098
1768,东南大学成贤学院,001,,,,476,27075,476.148106103
1798,无锡太湖学院,001,,,,457,32266,457.179103089
1799,中国矿业大学徐海学院,001,,,,474,27610,474.188097070
1799,中国矿业大学徐海学院,002,,,,469,29009,469.165100097
1800,南京理工大学紫金学院,001,,,,501,20000,501.183117101
1800,南京理工大学紫金学院,002,,,,490,23133,490.180106103
1801,南京航空航天大学金城学院,001,,,,475,27313,475.154110086
1801,南京航空航天大学金城学院,002,,,,476,27075,476.185097057
1801,南京航空航天大学金城学院,003,,,,488,23730,488.179107093
1802,南京传媒学院,001,,,,443,35877,443.144085089
1811,南京师范大学泰州学院,001,,,,474,27610,474.163109096
1812,南京工业大学浦江学院,001,,,,471,28401,471.189107078
1813,南京师范大学中北学院,001,,,,469,29009,469.172102070
1817,南京医科大学康达学院,001,,,,469,29009,469.177113076
1817,南京医科大学康达学院,002,,,,473,27891,473.193110114
1819,无锡学院,001,,,,558,6960,558.215114101
1820,苏州城市学院,001,,,,534,11668,534.204106087
1821,苏州大学应用技术学院,001,,,,461,31197,461.189118088
1822,苏州科技大学天平学院,001,,,,493,22260,493.170102111
1823,江苏大学京江学院,001,,,,477,26822,477.147108103
1824,扬州大学广陵学院,001,,,,479,26259,479.169105101
1824,扬州大学广陵学院,002,,,,478,26525,478.160104119
1825,江苏师范大学科文学院,001,,,,467,29583,467.162104095
1825,江苏师范大学科文学院,002,,,,470,28696,470.166102116
1825,江苏师范大学科文学院,003,,,,476,27075,476.175107099
1825,江苏师范大学科文学院,004,,,,475,27313,475.178105089
1825,江苏师范大学科文学院,005,,,,474,27610,474.173088079
1827,南京财经大学红山学院,001,,,,477,26822,477.190115070
1827,南京财经大学红山学院,002,,,,476,27075,476.144099109
1828,江苏科技大学苏州理工学院,001,,,,468,29312,468.142103107
1829,常州大学怀德学院,001,,,,454,33041,454.177098091
1831,南京审计大学金审学院,001,,,,507,18367,507.184117093
1833,宿迁学院,001,,,,532,12120,532.191113119
1843,江苏第二师范学院,001,,,,552,8034,552.190114121
1863,西交利物浦大学,001,合作办学组,,,567,5570,567.201120124
1865,中国人民大学(苏州校区),001,合作办学组,,,616,993,616.227115132
1869,浙江大学,002,,,,647,140,647.250128141
1869,浙江大学,003,国家专项计划组,,,609,1321,609.231117123
1870,杭州电子科技大学,001,,,,575,4499,575.204115125
1870,杭州电子科技大学,002,,,,578,4111,578.200118126
1872,浙江理工大学,001,,,,566,5712,566.213127112
1874,浙江农林大学,001,,,,565,5870,565.207108126
1874,浙江农林大学,002,,,,559,6769,559.195108116
1876,浙江中医药大学,001,,,,567,5570,567.195116132
1877,浙江师范大学,001,,,,571,5027,571.200107124
1877,浙江师范大学,002,合作办学组,,,478,26525,478.155098117
1879,湖州师范学院,001,,,,520,15009,520.181105105
1880,绍兴文理学院,001,,,,546,9173,546.207120095
1882,温州大学,001,,,,594,2414,594.209118138
1884,浙江工商大学,001,,,,597,2164,597.209118135
1886,中国美术学院,001,,,,589,2890,589.199124135
1890,浙江万里学院,001,,,,508,18101,508.202106073
1894,浙江财经大学,001,,,,583,3513,583.213123116
1894,浙江财经大学,002,,,,580,3874,580.218118131
1897,宁波大学,001,,,,574,4632,574.201110130
1897,宁波大学,002,,,,579,3990,579.200105125
1898,浙江传媒学院,001,,,,558,6960,558.190107121
1898,浙江传媒学院,002,,,,554,7669,554.197103104
1898,浙江传媒学院,003,,,,555,7471,555.204112127
1909,浙江越秀外国语学院,001,,,,443,35877,443.155091100
1909,浙江越秀外国语学院,002,,,,455,32782,455.147097082
1927,宁波财经学院,001,,,,444,35629,444.136091078
1939,浙江工业大学之江学院,001,,,,470,28696,470.168101094
1940,浙江师范大学行知学院,001,,,,480,26003,480.177099084
1941,宁波大学科学技术学院,001,,,,460,31489,460.159090071
1941,宁波大学科学技术学院,002,,,,495,21664,495.170098101
1951,浙江工商大学杭州商学院,001,,,,470,28696,470.190105089
1952,嘉兴南湖学院,001,,,,539,10614,539.204114092
1954,浙江财经大学东方学院,001,,,,465,30141,465.166104077
1965,上海财经大学浙江学院,001,,,,466,29883,466.193101054
1965,上海财经大学浙江学院,002,,,,477,26822,477.165109104
1967,浙江外国语学院,001,,,,543,9762,543.190106120
1967,浙江外国语学院,002,,,,550,8406,550.191114121
1976,宁波诺丁汉大学,001,合作办学组,,,548,8802,548.196106122
1976,宁波诺丁汉大学,002,合作办学组,,,588,2994,588.218116125
1977,温州肯恩大学,001,合作办学组,,,551,8229,551.182119117
1981,安徽大学,001,,,,577,4245,577.228120106
1983,合肥工业大学,001,,,,601,1835,601.231122125
1987,安徽农业大学,001,,,,556,7292,556.207118116
1993,阜阳师范大学,001,,,,541,10171,541.175106112
1993,阜阳师范大学,002,,,,531,12365,531.181096120
1994,安庆师范大学,001,,,,541,10171,541.198116117
1995,淮北师范大学,001,,,,541,10171,541.200106116
1995,淮北师范大学,002,,,,546,9173,546.190112104
1995,淮北师范大学,003,,,,538,10833,538.210114085
1995,淮北师范大学,004,,,,554,7669,554.199107110
1999,安徽财经大学,001,,,,562,6303,562.199111126
2005,安徽建筑大学,001,,,,511,17329,511.196118095
2009,合肥大学,001,,,,530,12559,530.207112067
2009,合肥大学,002,,,,538,10833,538.215110088
2015,亳州学院,001,,,,502,19725,502.179116096
2015,亳州学院,002,,,,507,18367,507.189107103
2074,合肥师范学院,001,,,,518,15516,518.199101099
2074,合肥师范学院,002,,,,535,11462,535.193117105
2074,合肥师范学院,003,,,,507,18367,507.180111111
2107,合肥工业大学(宣城校区),001,,,,587,3093,587.205115117
2107,合肥工业大学(宣城校区),002,,,,583,3513,583.225136110
2109,厦门大学,001,,,,630,448,630.231124136
2109,厦门大学,002,,,,628,502,628.242124127
2110,厦门大学(马来西亚分校),003,,,,585,3305,585.207117124
2111,华侨大学,001,,,,565,5870,565.217129100
2111,华侨大学,002,国家专项计划组,,,455,32782,455.175109094
2112,福州大学,001,,,,591,2709,591.224126123
2113,福建理工大学,001,,,,534,11668,534.168098118
2113,福建理工大学,002,,,,529,12778,529.172113109
2114,福建农林大学,001,,,,546,9173,546.202111105
2115,集美大学,001,,,,571,5027,571.225121107
2117,福建中医药大学,001,,,,540,10416,540.191099109
2117,福建中医药大学,002,,,,573,4750,573.219128115
2118,福建师范大学,001,,,,564,6026,564.210110103
2118,福建师范大学,002,,,,562,6303,562.211116105
2119,闽江学院,001,,,,535,11462,535.197116096
2120,武夷学院,001,,,,499,20534,499.178102098
2121,宁德师范学院,001,,,,524,14004,524.189108106
2123,闽南师范大学,001,,,,519,15260,519.200105087
2123,闽南师范大学,002,,,,510,17574,510.183103099
2123,闽南师范大学,003,,,,532,12120,532.193118110
2125,厦门理工学院,001,,,,543,9762,543.214109080
2125,厦门理工学院,002,,,,552,8034,552.190100115
2125,厦门理工学院,003,,,,543,9762,543.204114118
2126,三明学院,001,,,,507,18367,507.176097111
2126,三明学院,002,,,,503,19461,503.189102109
2127,龙岩学院,001,,,,511,17329,511.160110118
2127,龙岩学院,002,,,,504,19172,504.171097107
2128,福建商学院,001,,,,512,17068,512.191120083
2136,仰恩大学,001,,,,489,23434,489.189119069
2148,闽南理工学院,001,,,,449,34344,449.160101090
2152,闽南科技学院,001,,,,444,35629,444.155095074
2153,福州工商学院,001,,,,443,35877,443.175102091
2154,厦门工学院,001,,,,447,34852,447.142090094
2155,阳光学院,001,,,,448,34590,448.180113070
2156,厦门大学嘉庚学院,001,,,,494,21975,494.182105092
2156,厦门大学嘉庚学院,002,,,,489,23434,489.188113098
2157,福州大学至诚学院,001,,,,478,26525,478.183108064
2157,福州大学至诚学院,002,,,,473,27891,473.157111108
2158,集美大学诚毅学院,001,,,,481,25705,481.181114089
2158,集美大学诚毅学院,002,,,,480,26003,480.159106089
2159,福建师范大学协和学院,001,,,,459,31742,459.190109072
2159,福建师范大学协和学院,002,,,,471,28401,471.170107097
2160,福州外语外贸学院,001,,,,443,35877,443.156102078
2161,福建江夏学院,001,,,,534,11668,534.198110091
2164,泉州信息工程学院,001,,,,443,35877,443.169099070
2180,福建农林大学金山学院,001,,,,457,32266,457.153098077
2196,福建技术师范学院,001,,,,511,17329,511.189108101
2196,福建技术师范学院,002,,,,515,16281,515.195118086
2202,南昌大学,001,,,,585,3305,585.211117125
2202,南昌大学,002,,,,592,2592,592.196110123
2203,华东交通大学,001,,,,551,8229,551.198111094
2203,华东交通大学,002,,,,548,8802,548.189112119
2204,东华理工大学,001,,,,545,9377,545.198099103
2206,江西理工大学,001,,,,580,3874,580.193107131
2207,景德镇陶瓷大学,001,,,,541,10171,541.198117112
2207,景德镇陶瓷大学,002,,,,515,16281,515.174101118
2207,景德镇陶瓷大学,003,,,,551,8229,551.195098115
2207,景德镇陶瓷大学,004,,,,531,12365,531.181104122
2208,江西农业大学,001,,,,538,10833,538.176108114
2211,江西师范大学,002,,,,570,5154,570.201114120
2211,江西师范大学,003,,,,553,7852,553.212112108
2211,江西师范大学,004,,,,581,3741,581.217117124
2211,江西师范大学,005,,,,562,6303,562.191106121
2211,江西师范大学,006,,,,553,7852,553.188120128
2211,江西师范大学,007,,,,581,3741,581.219127116
2211,江西师范大学,008,,,,580,3874,580.234121094
2212,上饶师范学院,001,,,,514,16518,514.189105094
2213,宜春学院,001,,,,513,16784,513.198099089
2213,宜春学院,002,,,,506,18627,506.187106101
2213,宜春学院,003,,,,494,21975,494.180092094
2214,赣南师范大学,001,,,,524,14004,524.194099122
2214,赣南师范大学,002,,,,528,13016,528.180100100
2215,井冈山大学,001,,,,528,13016,528.203108085
2215,井冈山大学,002,,,,542,9965,542.199113116
2216,江西财经大学,001,,,,580,3874,580.220113092
2216,江西财经大学,002,,,,589,2890,589.216116119
2218,江西科技学院,001,,,,443,35877,443.157101072
2221,萍乡学院,001,,,,531,12365,531.193114104
2222,江西科技师范大学,001,,,,538,10833,538.217116086
2222,江西科技师范大学,002,,,,539,10614,539.188107108
2223,江西水利电力大学,001,,,,533,11874,533.191105115
2223,江西水利电力大学,002,,,,531,12365,531.179118133
2226,新余学院,001,,,,500,20270,500.145104129
2226,新余学院,002,,,,508,18101,508.187108091
2228,九江学院,001,,,,514,16518,514.186113114
2228,九江学院,002,,,,498,20809,498.195103109
2228,九江学院,003,,,,511,17329,511.181108082
2229,江西工程学院,001,,,,454,33041,454.148087109
2230,南昌理工学院,001,,,,453,33288,453.146096084
2230,南昌理工学院,002,,,,456,32503,456.154092100
2238,江西应用科技学院,001,,,,454,33041,454.168103067
2246,江西服装学院,001,,,,,,
2248,南昌职业大学,001,,,,446,35120,446.163109098
2249,南昌工学院,001,,,,473,27891,473.176110090
2249,南昌工学院,002,,,,468,29312,468.152100102
2257,南昌大学科学技术学院,001,,,,502,19725,502.166108116
2258,南昌大学共青学院,001,,,,479,26259,479.170098106
2258,南昌大学共青学院,002,,,,468,29312,468.159094104
2259,南昌交通学院,001,,,,456,32503,456.150099096
2259,南昌交通学院,002,,,,453,33288,453.171106088
2260,赣东学院,001,,,,518,15516,518.163120114
2261,南昌航空大学科技学院,001,,,,474,27610,474.162106084
2262,赣南科技学院,001,,,,509,17830,509.194114094
2263,景德镇艺术职业大学,001,,,,467,29583,467.156112085
2264,江西农业大学南昌商学院,001,,,,475,27313,475.164102091
2264,江西农业大学南昌商学院,002,,,,473,27891,473.182107088
2264,江西农业大学南昌商学院,003,,,,457,32266,457.153095095
2265,南昌医学院,001,,,,521,14758,521.172105106
2266,江西师范大学科学技术学院,001,,,,476,27075,476.167100095
2266,江西师范大学科学技术学院,002,,,,477,26822,477.168093095
2267,赣南师范大学科技学院,001,,,,494,21975,494.154106117
2268,南昌应用技术师范学院,001,,,,491,22825,491.177112099
2269,江西财经大学现代经济管理学院,001,,,,472,28130,472.175100077
2269,江西财经大学现代经济管理学院,002,,,,471,28401,471.194105095
2291,南昌师范学院,001,,,,516,16018,516.196109102
2322,山东大学,003,,,,620,807,620.219123128
2322,山东大学,004,,,,618,894,618.238120121
2322,山东大学,005,,,,619,847,619.236123127
2322,山东大学,006,,,,620,807,620.233121136
2323,中国海洋大学,002,,,,611,1216,611.226118132
2323,中国海洋大学,003,合作办学组,,,600,1918,600.215113135
2323,中国海洋大学,004,,,,617,941,617.226123129
2325,中国石油大学(华东),001,,,,598,2074,598.211109127
2327,济南大学,001,,,,546,9173,546.217122105
2327,济南大学,002,,,,576,4382,576.217116113
2328,青岛理工大学,001,,,,557,7122,557.206110104
2328,青岛理工大学,002,,,,566,5712,566.203115125
2329,山东建筑大学,001,,,,536,11238,536.202114103
2329,山东建筑大学,002,,,,530,12559,530.194112132
2330,齐鲁工业大学,001,,,,553,7852,553.204108107
2331,山东理工大学,001,,,,550,8406,550.198105116
2332,山东农业大学,001,,,,541,10171,541.191108112
2334,山东第二医科大学,001,,,,542,9965,542.199111118
2335,山东第一医科大学,001,,,,535,11462,535.192113122
2335,山东第一医科大学,002,,,,536,11238,536.199117100
2336,滨州医学院,001,,,,501,20000,501.178104092
2336,滨州医学院,003,,,,509,17830,509.192111096
2337,山东中医药大学,001,,,,517,15758,517.216121048
2341,山东师范大学,001,,,,558,6960,558.199106104
2341,山东师范大学,002,,,,588,2994,588.212112122
2342,曲阜师范大学,001,,,,553,7852,553.205113123
2342,曲阜师范大学,002,,,,563,6156,563.201113118
2343,聊城大学,001,,,,564,6026,564.205110117
2343,聊城大学,002,,,,552,8034,552.192111109
2345,山东航空学院,001,,,,534,11668,534.207107087
2346,鲁东大学,001,,,,531,12365,531.199116122
2347,临沂大学,001,,,,546,9173,546.185110115
2351,山东财经大学,001,,,,568,5429,568.199106122
2354,齐鲁医药学院,001,,,,505,18892,505.178115105
2354,齐鲁医药学院,002,,,,477,26822,477.177105069
2354,齐鲁医药学院,003,,,,469,29009,469.167112097
2356,青岛滨海学院,001,,,,443,35877,443.149093082
2356,青岛滨海学院,002,,,,450,34070,450.168098078
2357,枣庄学院,001,,,,523,14261,523.207113101
2357,枣庄学院,002,,,,494,21975,494.185110098
2357,枣庄学院,003,,,,526,13534,526.184106123
2359,青岛大学,001,,,,562,6303,562.220119104
2360,烟台大学,001,,,,582,3632,582.208117115
2360,烟台大学,002,,,,540,10416,540.199119113
2360,烟台大学,003,合作办学组,,,545,9377,545.188121124
2360,烟台大学,004,合作办学组,,,524,14004,524.182106113
2361,潍坊学院,001,,,,540,10416,540.195108112
2361,潍坊学院,002,,,,533,11874,533.198111128
2361,潍坊学院,003,,,,557,7122,557.188108118
2361,潍坊学院,004,,,,541,10171,541.182121110
2363,山东交通学院,001,,,,525,13773,525.193105108
2364,山东工商学院,001,,,,523,14261,523.190103091
2364,山东工商学院,002,,,,528,13016,528.188113113
2364,山东工商学院,003,合作办学组,,,492,22562,492.177115090
2373,山东女子学院,001,,,,522,14525,522.185108108
2373,山东女子学院,002,,,,532,12120,532.214114118
2373,山东女子学院,003,,,,521,14758,521.190109110
2373,山东女子学院,004,,,,519,15260,519.173105104
2374,烟台南山学院,001,,,,450,34070,450.155100093
2384,潍坊科技学院,001,,,,467,29583,467.173105090
2390,山东英才学院,001,,,,451,33812,451.165106087
2390,山东英才学院,002,,,,443,35877,443.154098087
2398,青岛恒星科技学院,001,,,,444,35629,444.168095069
2403,青岛黄海学院,001,,,,452,33548,452.189100058
2405,山东现代学院,001,,,,443,35877,443.147107090
2407,山东协和学院,001,,,,464,30406,464.182110076
2407,山东协和学院,002,,,,458,32024,458.175108074
2409,山东工程职业技术大学,001,,,,445,35357,445.160104067
2410,烟台理工学院,001,,,,483,25125,483.182097075
2411,青岛城市学院,001,,,,445,35357,445.182095087
2411,青岛城市学院,002,,,,474,27610,474.185110061
2411,青岛城市学院,003,,,,443,35877,443.151097093
2413,山东石油化工学院,001,,,,553,7852,553.198120124
2418,泰山科技学院,001,,,,455,32782,455.159103074
2423,山东华宇工学院,001,,,,445,35357,445.159096087
2430,青岛工学院,001,,,,454,33041,454.164105056
2430,青岛工学院,002,,,,466,29883,466.149100121
2432,齐鲁理工学院,001,,,,467,29583,467.159104078
2432,齐鲁理工学院,002,,,,453,33288,453.138106111
2434,潍坊理工学院,001,,,,497,21083,497.187098094
2435,聊城大学东昌学院,001,,,,476,27075,476.183112081
2436,烟台科技学院,001,,,,450,34070,450.166100077
2442,山东政法学院,001,,,,571,5027,571.220115120
2442,山东政法学院,002,,,,553,7852,553.204117119
2442,山东政法学院,003,,,,564,6026,564.192113117
2450,山东青年政治学院,001,,,,511,17329,511.195112084
2450,山东青年政治学院,002,,,,536,11238,536.199102107
2452,青岛电影学院,001,,,,,,
2452,青岛电影学院,002,,,,,,
2489,北京交通大学(威海校区),001,合作办学组,,,572,4893,572.231117099
2490,哈尔滨工业大学(威海),001,,,,620,807,620.236124129
2491,山东大学威海分校,001,,,,610,1270,610.232121127
2491,山东大学威海分校,002,,,,612,1173,612.228121137
2491,山东大学威海分校,003,国家专项计划组,,,589,2890,589.224118121
2494,郑州大学,001,,,,593,2505,593.225118130
2494,郑州大学,002,,,,593,2505,593.218132136
2495,河南理工大学,001,,,,555,7471,555.198106116
2495,河南理工大学,002,,,,540,10416,540.199116109
2496,郑州轻工业大学,001,,,,559,6769,559.212117112
2497,河南工业大学,001,,,,562,6303,562.197114130
2497,河南工业大学,002,,,,552,8034,552.169120133
2498,河南科技大学,001,,,,539,10614,539.179112121
2498,河南科技大学,002,,,,543,9762,543.208111104
2499,中原工学院,001,,,,522,14525,522.184101091
2500,河南农业大学,001,,,,540,10416,540.200107118
2500,河南农业大学,002,,,,538,10833,538.201110102
2501,河南科技学院,001,,,,507,18367,507.194097099
2502,河南牧业经济学院,001,,,,488,23730,488.182100085
2502,河南牧业经济学院,002,,,,479,26259,479.173091090
2503,河南中医药大学,001,,,,537,11024,537.209111091
2505,河南大学,001,,,,558,6960,558.197109114
2505,河南大学,002,合作办学组,,,517,15758,517.197109097
2505,河南大学,003,,,,580,3874,580.209120115
2505,河南大学,004,,,,584,3411,584.214114117
2506,河南师范大学,001,,,,563,6156,563.207116118
2508,周口师范学院,001,,,,495,21664,495.164098099
2509,安阳师范学院,001,,,,527,13288,527.188110116
2509,安阳师范学院,002,,,,529,12778,529.185104117
2510,许昌学院,001,,,,510,17574,510.188117081
2511,南阳师范学院,001,,,,517,15758,517.181101092
2511,南阳师范学院,002,,,,510,17574,510.188121102
2511,南阳师范学院,003,,,,526,13534,526.176104111
2512,洛阳师范学院,001,,,,522,14525,522.176112105
2513,商丘师范学院,001,,,,512,17068,512.183107094
2513,商丘师范学院,002,,,,500,20270,500.175108103
2513,商丘师范学院,003,,,,523,14261,523.180105107
2514,河南财经政法大学,001,,,,585,3305,585.211127119
2515,郑州航空工业管理学院,001,,,,529,12778,529.176107106
2520,黄淮学院,001,,,,521,14758,521.181107095
2520,黄淮学院,002,,,,517,15758,517.195098085
2521,平顶山学院,001,,,,521,14758,521.195104104
2522,郑州工程技术学院,001,,,,497,21083,497.167103104
2522,郑州工程技术学院,002,,,,524,14004,524.191103099
2524,洛阳理工学院,001,,,,522,14525,522.223117088
2525,新乡学院,001,,,,508,18101,508.170102103
2525,新乡学院,002,,,,498,20809,498.163102125
2525,新乡学院,003,,,,485,24597,485.175119085
2528,安阳工学院,001,,,,500,20270,500.179105082
2528,安阳工学院,002,,,,513,16784,513.190095095
2529,河南工程学院,001,,,,517,15758,517.200108110
2529,河南工程学院,002,,,,518,15516,518.191116119
2531,河南财政金融学院,001,,,,539,10614,539.191105106
2532,南阳理工学院,001,,,,540,10416,540.204112096
2532,南阳理工学院,002,,,,536,11238,536.199121113
2532,南阳理工学院,003,,,,533,11874,533.185101105
2532,南阳理工学院,004,,,,537,11024,537.192106105
2532,南阳理工学院,005,,,,525,13773,525.188110108
2533,河南城建学院,001,,,,488,23730,488.177108097
2537,黄河科技学院,001,,,,472,28130,472.160110072
2539,郑州师范学院,001,,,,510,17574,510.206116084
2546,郑州科技学院,001,,,,469,29009,469.180103073
2547,郑州工业应用技术学院,001,,,,464,30406,464.156106085
2555,郑州财经学院,001,,,,466,29883,466.199115076
2559,河南开封科技传媒学院,001,,,,474,27610,474.177098099
2561,信阳学院,001,,,,501,20000,501.180100087
2565,郑州工商学院,001,,,,484,24854,484.152100106
2566,郑州经贸学院,001,,,,490,23133,490.174102087
2586,郑州商学院,001,,,,472,28130,472.174103080
2603,郑州升达经贸管理学院,001,,,,473,27891,473.171101085
2603,郑州升达经贸管理学院,002,,,,466,29883,466.153108102
2631,郑州西亚斯学院,001,,,,472,28130,472.159097076
2631,郑州西亚斯学院,002,,,,466,29883,466.178108077
2673,武汉大学,001,,,,642,214,642.248125127
2673,武汉大学,002,,,,642,214,642.245131132
2673,武汉大学,003,国家专项计划组,,,607,1446,607.235123120
2675,武汉科技大学,001,,,,563,6156,563.226119094
2675,武汉科技大学,002,,,,571,5027,571.215116116
2676,长江大学,001,,,,567,5570,567.205123112
2676,长江大学,002,,,,574,4632,574.217119113
2678,中国地质大学(武汉),001,,,,597,2164,597.226119127
2678,中国地质大学(武汉),002,,,,604,1624,604.232129127
2679,武汉纺织大学,001,,,,564,6026,564.201117116
2680,武汉轻工大学,001,,,,556,7292,556.207118112
2680,武汉轻工大学,002,,,,553,7852,553.206112121
2680,武汉轻工大学,003,合作办学组,,,511,17329,511.172115127
2681,武汉理工大学,001,,,,593,2505,593.227115131
2681,武汉理工大学,002,,,,604,1624,604.215115135
2682,湖北工业大学,001,,,,553,7852,553.225119074
2683,华中农业大学,001,,,,588,2994,588.205116123
2684,湖北中医药大学,001,,,,578,4111,578.215110126
2684,湖北中医药大学,002,,,,540,10416,540.220124090
2684,湖北中医药大学,003,,,,542,9965,542.213120088
2685,华中师范大学,006,,,,605,1561,605.210124127
2685,华中师范大学,007,,,,606,1501,606.222114127
2685,华中师范大学,008,国家专项计划组,,,573,4750,573.212115116
2686,湖北大学,001,,,,587,3093,587.219121111
2686,湖北大学,002,,,,576,4382,576.215122124
2686,湖北大学,003,,,,584,3411,584.228115108
2686,湖北大学,004,,,,574,4632,574.206116119
2687,湖北师范大学,001,,,,558,6960,558.205111116
2687,湖北师范大学,002,,,,545,9377,545.202115114
2687,湖北师范大学,003,,,,566,5712,566.213122099
2688,黄冈师范学院,001,,,,540,10416,540.197108107
2688,黄冈师范学院,002,,,,526,13534,526.165106131
2689,湖北民族大学,001,,,,546,9173,546.194111114
2689,湖北民族大学,002,,,,548,8802,548.199112095
2689,湖北民族大学,003,,,,549,8599,549.184103109
2691,湖北文理学院,001,,,,545,9377,545.195104116
2691,湖北文理学院,002,,,,526,13534,526.192115125
2691,湖北文理学院,003,,,,511,17329,511.183114100
2692,中南财经政法大学,001,,,,609,1321,609.237125131
2692,中南财经政法大学,002,合作办学组,,,555,7471,555.188109124
2692,中南财经政法大学,003,国家专项计划组,,,589,2890,589.208109124
2693,武汉体育学院,001,,,,521,14758,521.167099111
2693,武汉体育学院,002,,,,525,13773,525.191105105
2695,中南民族大学,001,,,,579,3990,579.225115121
2696,湖北汽车工业学院,001,,,,519,15260,519.196099073
2697,湖北工程学院,001,,,,515,16281,515.200110107
2697,湖北工程学院,002,,,,523,14261,523.189118123
2698,武汉职业技术大学,001,,,,502,19725,502.185098095
2699,湖北理工学院,001,,,,521,14758,521.195104104
2699,湖北理工学院,002,,,,516,16018,516.186101112
2700,湖北科技学院,001,,,,520,15009,520.200110099
2700,湖北科技学院,002,,,,516,16018,516.196105091
2701,湖北医药学院,001,,,,510,17574,510.188110094
2704,江汉大学,001,,,,563,6156,563.202104103
2710,荆楚理工学院,001,,,,508,18101,508.174109113
2712,湖北经济学院,001,,,,543,9762,543.198105104
2712,湖北经济学院,002,合作办学组,,,503,19461,503.160099104
2712,湖北经济学院,003,,,,539,10614,539.194108119
2713,武汉商学院,001,,,,552,8034,552.189102121
2713,武汉商学院,002,,,,525,13773,525.191100100
2717,汉口学院,001,,,,449,34344,449.162108070
2721,武昌首义学院,001,,,,472,28130,472.184105101
2721,武昌首义学院,002,,,,461,31197,461.144089115
2722,武昌理工学院,001,,,,449,34344,449.154083087
2725,武汉生物工程学院,001,,,,478,26525,478.185118092
2748,武汉晴川学院,001,,,,448,34590,448.176088042
2749,湖北大学知行学院,001,,,,471,28401,471.205103073
2749,湖北大学知行学院,002,,,,475,27313,475.168103084
2750,武汉城市学院,001,,,,471,28401,471.186114084
2751,三峡大学科技学院,001,,,,481,25705,481.175110095
2752,武汉文理学院,001,,,,471,28401,471.189102073
2752,武汉文理学院,002,,,,471,28401,471.156102100
2752,武汉文理学院,003,,,,470,28696,470.166109079
2753,湖北工业大学工程技术学院,001,,,,469,29009,469.145100081
2754,武汉工程大学邮电与信息工程学院,001,,,,460,31489,460.161093066
2755,武汉纺织大学外经贸学院,001,,,,462,30966,462.178100071
2756,武昌工学院,001,,,,462,30966,462.156095088
2757,武汉工商学院,001,,,,473,27891,473.146095108
2757,武汉工商学院,002,,,,467,29583,467.168118086
2759,长江大学文理学院,001,,,,475,27313,475.184107081
2760,湖北商贸学院,001,,,,453,33288,453.180104054
2760,湖北商贸学院,002,,,,458,32024,458.151092115
2763,湖北恩施学院,001,,,,478,26525,478.167101107
2764,湖北经济学院法商学院,001,,,,500,20270,500.181107097
2765,武汉体育学院体育科技学院,001,,,,444,35629,444.150100103
2767,湖北文理学院理工学院,001,,,,475,27313,475.175090088
2768,湖北工程学院新技术学院,001,,,,477,26822,477.169095096
2769,文华学院,001,,,,462,30966,462.170102081
2774,武汉学院,001,,,,472,28130,472.166114114
2774,武汉学院,002,,,,456,32503,456.157088105
2776,武汉华夏理工学院,001,,,,486,24310,486.178103068
2776,武汉华夏理工学院,002,,,,456,32503,456.138095109
2785,武汉设计工程学院,001,,,,450,34070,450.178106064
2787,湖北第二师范学院,001,,,,542,9965,542.194109107
2807,湖北三峡航空学院,001,,,,462,30966,462.195105048
2807,湖北三峡航空学院,002,,,,456,32503,456.160101097
2812,湘潭大学,001,,,,581,3741,581.216120123
2812,湘潭大学,002,,,,590,2792,590.230125122
2813,吉首大学,001,,,,543,9762,543.218114086
2814,湖南大学,001,,,,618,894,618.233117134
2814,湖南大学,002,国家专项计划组,,,598,2074,598.228121110
2815,中南大学,001,,,,613,1127,613.232117128
2815,中南大学,002,国家专项计划组,,,600,1918,600.222124121
2816,湖南科技大学,001,,,,552,8034,552.204111118
2816,湖南科技大学,002,,,,541,10171,541.199113102
2816,湖南科技大学,003,,,,549,8599,549.190110107
2817,长沙理工大学,001,,,,584,3411,584.227122109
2818,湖南农业大学,001,,,,545,9377,545.199106106
2819,中南林业科技大学,001,,,,554,7669,554.194118115
2821,湖南师范大学,001,,,,595,2329,595.215124134
2821,湖南师范大学,002,,,,595,2329,595.212115118
2822,湖南理工学院,001,,,,524,14004,524.202117082
2822,湖南理工学院,002,,,,541,10171,541.195112089
2823,湘南学院,001,,,,510,17574,510.186111119
2824,衡阳师范学院,001,,,,516,16018,516.198116082
2825,邵阳学院,001,,,,515,16281,515.205119102
2825,邵阳学院,002,,,,510,17574,510.180107106
2826,怀化学院,001,,,,508,18101,508.170114093
2827,湖南文理学院,001,,,,524,14004,524.187118109
2827,湖南文理学院,002,,,,524,14004,524.179111108
2828,湖南科技学院,001,,,,498,20809,498.174105092
2828,湖南科技学院,002,,,,504,19172,504.181112096
2828,湖南科技学院,003,,,,493,22260,493.165090112
2829,湖南人文科技学院,001,,,,517,15758,517.195112063
2829,湖南人文科技学院,002,,,,511,17329,511.176103109
2829,湖南人文科技学院,003,,,,526,13534,526.201108099
2830,湖南工商大学,001,,,,562,6303,562.222119113
2831,南华大学,001,,,,567,5570,567.204117112
2837,长沙学院,001,,,,526,13534,526.186110106
2838,湖南工程学院,001,,,,557,7122,557.189116116
2839,湖南城市学院,001,,,,516,16018,516.200114118
2839,湖南城市学院,002,,,,516,16018,516.178103128
2839,湖南城市学院,003,,,,528,13016,528.175101103
2841,湖南财政经济学院,001,,,,543,9762,543.200106111
2843,湖南工业大学,001,,,,556,7292,556.229118091
2844,湖南女子学院,001,,,,490,23133,490.172110095
2844,湖南女子学院,002,,,,516,16018,516.169112116
2853,湖南涉外经济学院,001,,,,446,35120,446.154106071
2853,湖南涉外经济学院,002,,,,,,
2870,湘潭理工学院,001,,,,453,33288,453.166103097
2871,长沙工业学院,001,,,,523,14261,523.189116102
2872,湖南农业大学东方科技学院,001,,,,479,26259,479.173111091
2873,中南林业科技大学涉外学院,001,,,,477,26822,477.158097096
2874,常德学院,001,,,,474,27610,474.178099093
2874,常德学院,002,,,,477,26822,477.166112098
2874,常德学院,003,,,,489,23434,489.172111083
2875,岳阳学院,001,,,,464,30406,464.171092066
2875,岳阳学院,002,,,,478,26525,478.172114094
2903,长沙师范学院,001,,,,523,14261,523.191101093
2903,长沙师范学院,002,,,,544,9550,544.203105124
2906,湖南应用技术学院,001,,,,455,32782,455.196107069
2911,湖南交通工程学院,001,,,,475,27313,475.190097073
2965,中山大学,001,,,,630,448,630.235121130
2965,中山大学,002,国家专项计划组,,,602,1770,602.219121126
2966,暨南大学,001,,,,593,2505,593.224120118
2966,暨南大学,002,,,,602,1770,602.221116135
2966,暨南大学,003,,,,602,1770,602.215123137
2966,暨南大学,004,国家专项计划组,,,575,4499,575.202102117
2967,汕头大学,001,,,,572,4893,572.193121127
2968,华南理工大学,001,,,,613,1127,613.226125132
2973,广州中医药大学,001,,,,571,5027,571.198121125
2973,广州中医药大学,002,,,,558,6960,558.203115124
2973,广州中医药大学,003,,,,572,4893,572.203104121
2975,华南师范大学,001,,,,594,2414,594.222116118
2978,韩山师范学院,001,,,,511,17329,511.213120075
2978,韩山师范学院,002,,,,521,14758,521.208107113
2978,韩山师范学院,003,,,,518,15516,518.209112071
2979,岭南师范学院,001,,,,531,12365,531.189102114
2981,嘉应学院,001,,,,494,21975,494.187106091
2985,广东技术师范大学,001,,,,536,11238,536.188106124
2986,深圳大学,001,,,,600,1918,600.226114118
2987,广东财经大学,001,,,,582,3632,582.215116124
2994,广州大学,001,,,,578,4111,578.218127112
2994,广州大学,002,,,,588,2994,588.219113109
3001,五邑大学,001,,,,564,6026,564.217117110
3002,广东金融学院,001,,,,555,7471,555.200108102
3005,东莞理工学院,001,,,,539,10614,539.177108121
3006,广东工业大学,001,,,,564,6026,564.206119121
3007,广东外语外贸大学,001,,,,576,4382,576.215121101
3007,广东外语外贸大学,002,,,,577,4245,577.206116128
3008,佛山大学,001,,,,532,12120,532.202117086
3013,南方医科大学,001,,,,576,4382,576.199126129
3024,广州城市理工学院,001,,,,449,34344,449.180112064
3026,广州南方学院,001,,,,443,35877,443.171098085
3026,广州南方学院,002,,,,,,
3030,华南农业大学珠江学院,001,,,,454,33041,454.181107078
3051,广州华立学院,001,,,,443,35877,443.185096048
3053,广州商学院,001,,,,447,34852,447.164109076
3055,珠海科技学院,001,,,,467,29583,467.157107094
3063,广州工商学院,001,,,,,,
3068,广东科技学院,001,,,,,,
3069,广东理工学院,001,,,,,,
3070,广东工商职业技术大学,001,,,,448,34590,448.153084077
3070,广东工商职业技术大学,002,,,,454,33041,454.140103077
3072,东莞城市学院,001,,,,443,35877,443.165106064
3073,广州新华学院,001,,,,444,35629,444.158097087
3125,北师香港浸会大学,001,合作办学组,,,555,7471,555.208115108
3130,哈尔滨工业大学(深圳),001,,,,620,807,620.226116133
3131,北京师范大学(珠海校区),005,,,,633,374,633.231133136
3135,桂林电子科技大学,001,,,,556,7292,556.214120115
3136,桂林理工大学,001,,,,535,11462,535.192106113
3138,右江民族医学院,001,,,,511,17329,511.181115107
3139,广西中医药大学,001,,,,574,4632,574.196109131
3141,广西师范大学,001,,,,507,18367,507.167109094
3141,广西师范大学,002,,,,525,13773,525.181113102
3141,广西师范大学,003,,,,548,8802,548.219123079
3142,南宁师范大学,001,,,,515,16281,515.197119097
3142,南宁师范大学,002,,,,521,14758,521.195099107
3142,南宁师范大学,003,,,,543,9762,543.204103109
3143,广西民族师范学院,001,,,,490,23133,490.180096088
3145,玉林师范学院,001,,,,506,18627,506.183113102
3145,玉林师范学院,002,,,,490,23133,490.175107066
3145,玉林师范学院,003,,,,511,17329,511.180098085
3146,广西艺术学院,001,,,,470,28696,470.163102071
3147,广西民族大学,001,,,,523,14261,523.209112089
3147,广西民族大学,002,,,,528,13016,528.181100115
3147,广西民族大学,003,,,,497,21083,497.192108100
3147,广西民族大学,004,合作办学组,,,524,14004,524.198104089
3147,广西民族大学,005,,,,539,10614,539.197118094
3151,梧州学院,001,,,,497,21083,497.194116093
3151,梧州学院,002,,,,493,22260,493.183111099
3154,广西警察学院,001,,,,535,11462,535.194102099
3155,广西财经学院,001,,,,549,8599,549.209119107
3161,桂林航天工业学院,001,,,,505,18892,505.174099095
3162,桂林旅游学院,001,,,,505,18892,505.171111096
3163,贺州学院,001,,,,494,21975,494.162109097
3163,贺州学院,002,,,,476,27075,476.172100094
3163,贺州学院,003,,,,507,18367,507.177108099
3176,柳州工学院,001,,,,444,35629,444.159103064
3178,桂林学院,001,,,,456,32503,456.178105073
3178,桂林学院,002,,,,452,33548,452.167103073
3178,桂林学院,003,,,,454,33041,454.174102067
3181,桂林信息科技学院,001,,,,445,35357,445.180100079
3181,桂林信息科技学院,002,,,,,,
3182,南宁理工学院,001,,,,446,35120,446.175104073
3186,广西外国语学院,001,,,,443,35877,443.144104088
3189,广西城市职业大学,001,,,,443,35877,443.171102073
3225,海南大学,001,,,,585,3305,585.200110126
3225,海南大学,002,,,,573,4750,573.203111120
3225,海南大学,003,,,,584,3411,584.217130121
3225,海南大学,004,合作办学组,,,556,7292,556.198119114
3225,海南大学,005,,,,591,2709,591.216125118
3225,海南大学,006,,,,583,3513,583.205122127
3226,海南热带海洋学院,001,,,,503,19461,503.182100081
3226,海南热带海洋学院,002,,,,516,16018,516.188116097
3226,海南热带海洋学院,003,合作办学组,,,471,28401,471.170105107
3226,海南热带海洋学院,004,,,,501,20000,501.171097100
3227,海南师范大学,001,,,,546,9173,546.197122117
3227,海南师范大学,002,,,,558,6960,558.209113108
3227,海南师范大学,003,,,,550,8406,550.215112106
3230,海口经济学院,001,,,,459,31742,459.190101052
3230,海口经济学院,002,,,,444,35629,444.125091105
3235,琼台师范学院,001,,,,507,18367,507.166095095
3235,琼台师范学院,002,,,,511,17329,511.190105097
3235,琼台师范学院,003,,,,507,18367,507.188107096
3235,琼台师范学院,004,合作办学组,,,466,29883,466.181104071
3238,三亚学院,001,,,,449,34344,449.136089098
3238,三亚学院,002,,,,,,
3238,三亚学院,003,,,,,,
3238,三亚学院,004,,,,459,31742,459.170100107
3240,海南科技职业大学,001,,,,461,31197,461.152095087
3251,重庆大学,001,,,,623,681,623.242124132
3253,重庆交通大学,001,,,,562,6303,562.211123109
3255,西南大学,009,,,,602,1770,602.235119140
3255,西南大学,010,,,,582,3632,582.220129119
3255,西南大学,011,合作办学组,,,592,2592,592.218117123
3255,西南大学,012,,,,608,1392,608.226126125
3256,重庆师范大学,001,,,,554,7669,554.212115114
3256,重庆师范大学,002,,,,571,5027,571.212112115
3257,重庆文理学院,001,,,,539,10614,539.184110104
3257,重庆文理学院,002,,,,509,17830,509.206112104
3258,重庆三峡学院,001,,,,539,10614,539.178113127
3258,重庆三峡学院,002,,,,543,9762,543.190105123
3259,长江师范学院,001,,,,539,10614,539.188114109
3260,四川外国语大学,002,,,,562,6303,562.192103117
3260,四川外国语大学,003,,,,562,6303,562.195121113
3260,四川外国语大学,004,,,,556,7292,556.205108119
3261,西南政法大学,002,,,,606,1501,606.229118125
3262,四川美术学院,001,,,,533,11874,533.195115094
3264,重庆科技大学,001,,,,545,9377,545.210109079
3265,重庆理工大学,001,,,,548,8802,548.196125115
3265,重庆理工大学,002,,,,550,8406,550.192105128
3266,重庆工商大学,001,,,,566,5712,566.206117126
3266,重庆工商大学,002,合作办学组,,,546,9173,546.189115117
3271,重庆机电职业技术大学,001,,,,482,25409,482.178098089
3282,重庆人文科技学院,001,,,,491,22825,491.182107100
3282,重庆人文科技学院,002,,,,476,27075,476.184102099
3282,重庆人文科技学院,003,,,,479,26259,479.177104100
3282,重庆人文科技学院,004,,,,462,30966,462.164092085
3283,重庆外语外事学院,001,,,,471,28401,471.154096103
3283,重庆外语外事学院,002,,,,471,28401,471.165107124
3284,重庆对外经贸学院,001,,,,477,26822,477.159098096
3285,重庆财经学院,001,,,,489,23434,489.150095097
3286,重庆工商大学派斯学院,001,,,,474,27610,474.166092096
3286,重庆工商大学派斯学院,002,,,,463,30681,463.171114071
3287,重庆移通学院,001,,,,460,31489,460.156106084
3310,重庆第二师范学院,001,,,,532,12120,532.199115092
3310,重庆第二师范学院,002,,,,539,10614,539.190107128
3325,西南大学(荣昌校区),001,,,,588,2994,588.193114137
3325,西南大学(荣昌校区),002,国家专项计划组,,,568,5429,568.220117102
3327,四川大学,001,,,,623,681,623.236123128
3327,四川大学,002,国家专项计划组,,,583,3513,583.204121126
3328,西南交通大学,001,,,,592,2592,592.219122131
3328,西南交通大学,002,,,,597,2164,597.229126111
3329,电子科技大学,001,,,,609,1321,609.233128130
3330,西南石油大学,001,,,,588,2994,588.228124107
3330,西南石油大学,002,,,,575,4499,575.209117120
3330,西南石油大学,003,,,,583,3513,583.234119117
3331,成都理工大学,001,,,,578,4111,578.217123107
3331,成都理工大学,002,,,,563,6156,563.189114124
3331,成都理工大学,003,,,,577,4245,577.213124109
3331,成都理工大学,004,,,,575,4499,575.215122117
3331,成都理工大学,005,合作办学组,,,550,8406,550.177115126
3332,西南科技大学,001,,,,560,6593,560.195106125
3333,成都信息工程大学,001,,,,560,6593,560.192103119
3333,成都信息工程大学,002,,,,560,6593,560.224124118
3333,成都信息工程大学,003,,,,542,9965,542.206117102
3334,四川轻化工大学,001,,,,531,12365,531.192113084
3334,四川轻化工大学,002,,,,543,9762,543.195108107
3335,西华大学,001,,,,550,8406,550.202118129
3335,西华大学,002,,,,557,7122,557.207107109
3335,西华大学,003,,,,542,9965,542.191115111
3336,中国民用航空飞行学院,001,,,,543,9762,543.211114109
3336,中国民用航空飞行学院,002,,,,564,6026,564.222116096
3336,中国民用航空飞行学院,003,,,,574,4632,574.198112110
3340,成都中医药大学,001,,,,594,2414,594.231122115
3340,成都中医药大学,002,,,,585,3305,585.212119120
3342,四川师范大学,001,,,,561,6430,561.197101120
3342,四川师范大学,002,,,,574,4632,574.205116119
3342,四川师范大学,003,,,,571,5027,571.202116125
3342,四川师范大学,004,,,,570,5154,570.207112117
3343,西华师范大学,001,,,,531,12365,531.185100109
3343,西华师范大学,002,,,,553,7852,553.217109100
3344,绵阳师范学院,001,,,,536,11238,536.206113096
3344,绵阳师范学院,002,,,,538,10833,538.189103126
3345,内江师范学院,001,,,,527,13288,527.192119103
3346,宜宾学院,001,,,,519,15260,519.198112088
3347,四川文理学院,001,,,,509,17830,509.180098106
3347,四川文理学院,002,,,,518,15516,518.216124070
3347,四川文理学院,003,,,,512,17068,512.188103104
3349,乐山师范学院,001,,,,530,12559,530.227114094
3350,西南财经大学,001,,,,601,1835,601.224118133
3350,西南财经大学,002,国家专项计划组,,,600,1918,600.228116128
3350,西南财经大学,003,国家专项计划组,,,573,4750,573.191099126
3351,成都体育学院,001,,,,558,6960,558.194116132
3352,四川音乐学院,001,,,,524,14004,524.185110098
3353,西南民族大学,001,,,,559,6769,559.187109124
3354,成都大学,001,,,,552,8034,552.198110125
3354,成都大学,002,,,,555,7471,555.207111114
3354,成都大学,003,,,,548,8802,548.204113106
3354,成都大学,004,,,,564,6026,564.208108119
3355,成都工业学院,001,,,,532,12120,532.188110116
3356,攀枝花学院,001,,,,500,20270,500.186109110
3357,四川旅游学院,001,,,,525,13773,525.184108118
3357,四川旅游学院,002,,,,511,17329,511.184099087
3365,成都东软学院,001,,,,455,32782,455.165094102
3379,吉利学院,001,,,,450,34070,450.160087087
3390,电子科技大学成都学院,001,,,,494,21975,494.177114103
3391,成都理工大学工程技术学院,001,,,,487,24012,487.188105085
3392,四川传媒学院,001,,,,449,34344,449.172091078
3392,四川传媒学院,002,,,,468,29312,468.154105091
3393,成都银杏酒店管理学院,001,,,,454,33041,454.170111047
3394,成都文理学院,001,,,,491,22825,491.174099104
3395,四川工商学院,001,,,,480,26003,480.164108100
3396,成都外国语学院,001,,,,456,32503,456.150102105
3402,四川工业科技学院,001,,,,458,32024,458.173092087
3403,成都锦城学院,001,,,,477,26822,477.171087088
3409,西南财经大学天府学院,001,,,,479,26259,479.159106103
3409,西南财经大学天府学院,002,,,,488,23730,488.173096082
3409,西南财经大学天府学院,003,,,,474,27610,474.174091064
3409,西南财经大学天府学院,004,,,,,,
3410,四川大学锦江学院,001,,,,486,24310,486.180115059
3411,四川文化艺术学院,001,,,,459,31742,459.158094101
3419,西南交通大学希望学院,001,,,,490,23133,490.175101083
3422,成都师范学院,001,,,,558,6960,558.212108107
3425,四川电影电视学院,001,,,,479,26259,479.169106081
3470,贵州大学,001,,,,583,3513,583.225122110
3474,贵州师范大学,001,,,,538,10833,538.205114098
3474,贵州师范大学,002,,,,562,6303,562.185102119
3474,贵州师范大学,003,,,,498,20809,498.168096103
3474,贵州师范大学,004,,,,540,10416,540.181111127
3474,贵州师范大学,005,,,,535,11462,535.164115116
3474,贵州师范大学,006,,,,521,14758,521.169107103
3474,贵州师范大学,007,,,,462,30966,462.189105082
3474,贵州师范大学,008,,,,552,8034,552.202120108
3477,兴义民族师范学院,001,,,,521,14758,521.199108085
3477,兴义民族师范学院,002,,,,514,16518,514.186102111
3481,黔南民族师范学院,001,,,,515,16281,515.178095092
3481,黔南民族师范学院,002,,,,525,13773,525.210113101
3481,黔南民族师范学院,003,,,,479,26259,479.178099097
3483,贵州民族大学,001,,,,533,11874,533.186108120
3483,贵州民族大学,002,,,,551,8229,551.197114109
3483,贵州民族大学,003,,,,536,11238,536.197107103
3483,贵州民族大学,004,,,,542,9965,542.211116102
3483,贵州民族大学,005,,,,513,16784,513.191101099
3483,贵州民族大学,006,,,,559,6769,559.209119104
3502,贵州黔南经济学院,001,,,,469,29009,469.184103075
3503,贵州黔南科技学院,001,,,,463,30681,463.174103082
3514,贵州师范学院,001,,,,513,16784,513.199108093
3551,云南大学,001,,,,572,4893,572.211111130
3551,云南大学,002,,,,588,2994,588.222113110
3551,云南大学,003,,,,595,2329,595.236132113
3552,昆明理工大学,001,,,,545,9377,545.197105106
3552,昆明理工大学,002,,,,538,10833,538.193097109
3553,云南农业大学,001,,,,534,11668,534.192116104
3553,云南农业大学,002,合作办学组,,,506,18627,506.177113098
3556,大理大学,001,,,,530,12559,530.206117079
3556,大理大学,002,,,,541,10171,541.188101108
3557,云南中医药大学,001,,,,571,5027,571.218116112
3558,云南师范大学,001,,,,533,11874,533.203123079
3558,云南师范大学,002,,,,519,15260,519.191105108
3558,云南师范大学,003,合作办学组,,,540,10416,540.189114110
3559,昭通学院,001,,,,499,20534,499.177103073
3560,曲靖师范学院,001,,,,528,13016,528.194124097
3561,普洱学院,001,,,,499,20534,499.167104122
3562,保山学院,001,,,,511,17329,511.180106109
3562,保山学院,002,,,,509,17830,509.192097094
3563,红河学院,001,,,,513,16784,513.194118092
3563,红河学院,002,,,,511,17329,511.191099074
3564,云南财经大学,001,,,,538,10833,538.222122094
3564,云南财经大学,002,,,,549,8599,549.212111103
3565,云南艺术学院,001,,,,489,23434,489.168112120
3566,云南民族大学,001,,,,554,7669,554.185115114
3566,云南民族大学,002,,,,550,8406,550.213115110
3566,云南民族大学,003,,,,547,8983,547.200104111
3567,玉溪师范学院,001,,,,528,13016,528.206112103
3569,云南警官学院,002,,,,534,11668,534.200109084
3570,昆明学院,001,,,,500,20270,500.188099090
3571,文山学院,001,,,,507,18367,507.180113102
3581,云南经济管理学院,001,,,,474,27610,474.169099097
3587,滇池学院,001,,,,450,34070,450.178108072
3587,滇池学院,002,,,,455,32782,455.144105087
3588,丽江文化旅游学院,001,,,,449,34344,449.171100072
3589,昆明城市学院,001,,,,470,28696,470.171098094
3589,昆明城市学院,002,,,,463,30681,463.165099068
3590,昆明医科大学海源学院,001,,,,492,22562,492.188121092
3591,昆明传媒学院,001,,,,455,32782,455.151090084
3592,昆明文理学院,001,,,,450,34070,450.175099096
3592,昆明文理学院,002,,,,443,35877,443.163099093
3593,昆明理工大学津桥学院,001,,,,464,30406,464.176114080
3644,西藏农牧学院,001,,,,504,19172,504.190107083
3645,西藏大学,001,,,,562,6303,562.195101131
3645,西藏大学,002,,,,548,8802,548.204109118
3645,西藏大学,003,,,,559,6769,559.206119107
3645,西藏大学,004,,,,552,8034,552.196118104
3645,西藏大学,005,,,,567,5570,567.201123127
3645,西藏大学,006,,,,553,7852,553.197120128
3645,西藏大学,007,,,,549,8599,549.220112093
3646,西藏民族大学,001,,,,542,9965,542.187109110
3646,西藏民族大学,002,,,,552,8034,552.197107132
3646,西藏民族大学,003,,,,546,9173,546.187111118
3646,西藏民族大学,004,,,,555,7471,555.198114129
3646,西藏民族大学,005,,,,560,6593,560.215110109
3646,西藏民族大学,006,,,,543,9762,543.203118106
3646,西藏民族大学,007,,,,554,7669,554.214125088
3649,拉萨师范学院,001,,,,478,26525,478.153096096
3652,西北大学,001,,,,611,1216,611.220115125
3652,西北大学,002,,,,597,2164,597.215118130
3653,西安交通大学,002,,,,631,417,631.230127129
3654,西北工业大学,001,,,,615,1033,615.224122141
3655,西安理工大学,001,,,,540,10416,540.214117095
3655,西安理工大学,002,,,,573,4750,573.200109125
3656,西安电子科技大学,001,,,,598,2074,598.215119121
3657,西安工业大学,001,,,,563,6156,563.203111116
3658,西安建筑科技大学,001,,,,581,3741,581.208116124
3660,西安石油大学,001,,,,569,5289,569.223112116
3660,西安石油大学,002,,,,560,6593,560.206121118
3661,陕西科技大学,001,,,,568,5429,568.224114126
3661,陕西科技大学,002,,,,571,5027,571.195114123
3662,西安工程大学,001,,,,561,6430,561.197110117
3663,长安大学,001,,,,584,3411,584.193111143
3663,长安大学,002,,,,604,1624,604.220115131
3664,西北农林科技大学,001,,,,596,2238,596.217126129
3664,西北农林科技大学,002,,,,602,1770,602.210117134
3666,陕西师范大学,008,,,,614,1082,614.241125108
3666,陕西师范大学,009,,,,606,1501,606.230123122
3666,陕西师范大学,010,,,,614,1082,614.216117130
3666,陕西师范大学,011,国家专项计划组,,,580,3874,580.220114123
3666,陕西师范大学,012,国家专项计划组,,,607,1446,607.228120124
3667,延安大学,001,,,,541,10171,541.182110133
3668,陕西理工大学,001,,,,541,10171,541.202106101
3668,陕西理工大学,002,,,,553,7852,553.206117096
3669,宝鸡文理学院,001,,,,517,15758,517.166110110
3670,咸阳师范学院,001,,,,542,9965,542.218113109
3670,咸阳师范学院,002,合作办学组,,,479,26259,479.181102078
3670,咸阳师范学院,003,,,,548,8802,548.187109130
3671,渭南师范学院,001,,,,510,17574,510.190105096
3671,渭南师范学院,002,,,,534,11668,534.191101108
3671,渭南师范学院,003,合作办学组,,,477,26822,477.177112103
3672,西安外国语大学,001,,,,566,5712,566.195110129
3672,西安外国语大学,002,,,,557,7122,557.213117093
3672,西安外国语大学,003,,,,582,3632,582.214116120
3673,西北政法大学,002,,,,605,1561,605.216122134
3673,西北政法大学,003,,,,556,7292,556.204113114
3673,西北政法大学,004,,,,597,2164,597.207114135
3674,西安体育学院,001,,,,514,16518,514.167111095
3675,西安音乐学院,001,,,,534,11668,534.209128088
3679,西安文理学院,001,,,,524,14004,524.192101095
3680,榆林学院,001,,,,519,15260,519.190101107
3681,商洛学院,001,,,,516,16018,516.213115104
3682,安康学院,001,,,,505,18892,505.153105126
3682,安康学院,002,,,,517,15758,517.193121092
3683,西安培华学院,001,,,,470,28696,470.189105071
3683,西安培华学院,002,,,,445,35357,445.160093067
3683,西安培华学院,003,,,,470,28696,470.185105088
3684,西安财经大学,001,,,,560,6593,560.211111114
3685,西安邮电大学,001,,,,573,4750,573.200107119
3685,西安邮电大学,002,,,,570,5154,570.204114137
3686,西安航空学院,001,,,,534,11668,534.199114104
3688,西安医学院,001,,,,522,14525,522.187115105
3688,西安医学院,002,,,,527,13288,527.194114107
3688,西安医学院,003,,,,532,12120,532.185093121
3690,西安欧亚学院,001,,,,443,35877,443.146097103
3691,西安外事学院,001,,,,447,34852,447.151115084
3691,西安外事学院,002,,,,452,33548,452.180101074
3692,西安翻译学院,001,,,,443,35877,443.186111055
3693,西京学院,001,,,,470,28696,470.192103086
3693,西京学院,002,,,,466,29883,466.180112069
3699,西安思源学院,001,,,,443,35877,443.161098079
3699,西安思源学院,002,,,,445,35357,445.143090094
3699,西安思源学院,003,,,,445,35357,445.153105061
3701,陕西国际商贸学院,001,,,,443,35877,443.177110060
3701,陕西国际商贸学院,002,,,,446,35120,446.149099102
3703,陕西服装工程学院,001,,,,443,35877,443.178112078
3707,西安交通工程学院,001,,,,447,34852,447.153100091
3709,西安交通大学城市学院,001,,,,475,27313,475.170099079
3710,西北大学现代学院,001,,,,443,35877,443.160116062
3711,西安建筑科技大学华清学院,001,,,,467,29583,467.180117071
3711,西安建筑科技大学华清学院,002,,,,451,33812,451.168099105
3712,西安财经大学行知学院,001,,,,470,28696,470.188105098
3713,陕西科技大学镐京学院,001,,,,443,35877,443.159103089
3714,西安工商学院,001,,,,443,35877,443.145094074
3719,西安汽车职业大学,001,,,,443,35877,443.160097102
3722,西安明德理工学院,001,,,,457,32266,457.165093089
3735,西安信息职业大学,001,,,,445,35357,445.159100069
3739,西安科技大学高新学院,001,,,,443,35877,443.195103055
3742,陕西学前师范学院,001,,,,524,14004,524.204112101
3742,陕西学前师范学院,002,,,,522,14525,522.186102115
3742,陕西学前师范学院,003,,,,520,15009,520.195108113
3742,陕西学前师范学院,004,,,,536,11238,536.201107112
3757,兰州大学,001,,,,603,1691,603.229122123
3757,兰州大学,002,,,,614,1082,614.227114128
3759,兰州交通大学,001,,,,547,8983,547.205119106
3759,兰州交通大学,002,,,,549,8599,549.203110114
3760,甘肃农业大学,001,,,,514,16518,514.191110088
3762,西北师范大学,001,,,,535,11462,535.182101119
3762,西北师范大学,002,,,,553,7852,553.188104119
3762,西北师范大学,003,,,,546,9173,546.217117110
3762,西北师范大学,004,,,,575,4499,575.224115125
3762,西北师范大学,005,,,,564,6026,564.200111132
3763,兰州城市学院,001,,,,500,20270,500.170116095
3764,陇东学院,001,,,,511,17329,511.189106078
3764,陇东学院,002,,,,,,
3764,陇东学院,003,,,,500,20270,500.180098098
3765,天水师范大学,001,,,,507,18367,507.186106101
3766,河西学院,001,,,,502,19725,502.183108094
3767,兰州财经大学,001,,,,518,15516,518.170108116
3767,兰州财经大学,002,,,,525,13773,525.200107106
3767,兰州财经大学,003,合作办学组,,,512,17068,512.180112098
3767,兰州财经大学,004,,,,537,11024,537.220118081
3768,西北民族大学,001,,,,557,7122,557.192109124
3768,西北民族大学,002,,,,511,17329,511.173106110
3768,西北民族大学,003,,,,535,11462,535.194109109
3768,西北民族大学,004,,,,508,18101,508.168115091
3768,西北民族大学,005,,,,531,12365,531.192101119
3768,西北民族大学,006,,,,568,5429,568.203116117
3768,西北民族大学,007,国家专项计划组,,,551,8229,551.196111107
3770,甘肃政法大学,001,,,,580,3874,580.210121124
3771,甘肃民族师范学院,001,,,,515,16281,515.182116099
3771,甘肃民族师范学院,002,,,,497,21083,497.177096094
3771,甘肃民族师范学院,003,,,,510,17574,510.172105112
3772,兰州文理学院,001,,,,524,14004,524.192105105
3774,陇南师范学院,001,,,,496,21375,496.166093100
3778,酒泉职业技术大学,001,,,,487,24012,487.170102102
3785,兰州博文科技学院,001,,,,474,27610,474.170107077
3807,兰州石化职业技术大学,001,,,,500,20270,500.184106094
3812,青海师范大学,001,,,,536,11238,536.206109102
3812,青海师范大学,002,,,,545,9377,545.208119095
3813,青海民族大学,001,,,,532,12120,532.198115121
3813,青海民族大学,002,,,,512,17068,512.185112097
3813,青海民族大学,003,,,,540,10416,540.193112125
3824,宁夏大学,001,,,,579,3990,579.206119124
3824,宁夏大学,002,,,,579,3990,579.216110114
3824,宁夏大学,003,,,,574,4632,574.192118117
3824,宁夏大学,004,,,,561,6430,561.216115121
3826,宁夏师范大学,001,,,,536,11238,536.192108128
3826,宁夏师范大学,002,,,,519,15260,519.190117091
3826,宁夏师范大学,003,,,,509,17830,509.186113087
3827,北方民族大学,001,,,,547,8983,547.193107108
3827,北方民族大学,002,,,,551,8229,551.216117085
3828,宁夏理工学院,001,,,,446,35120,446.151083095
3837,银川能源学院,001,,,,455,32782,455.161088077
3837,银川能源学院,002,,,,,,
3838,银川科技学院,001,,,,443,35877,443.165093070
3846,新疆大学,001,,,,587,3093,587.222118112
3846,新疆大学,002,,,,556,7292,556.198105116
3846,新疆大学,003,,,,581,3741,581.201120123
3847,塔里木大学,001,,,,530,12559,530.214113075
3848,新疆农业大学,001,合作办学组,,,486,24310,486.166106091
3849,石河子大学,001,,,,561,6430,561.217117104
3849,石河子大学,002,,,,561,6430,561.200117110
3851,新疆师范大学,001,,,,523,14261,523.192110096
3852,喀什大学,001,,,,505,18892,505.179107101
3852,喀什大学,002,,,,511,17329,511.187111091
3852,喀什大学,003,,,,525,13773,525.191112087
3852,喀什大学,004,,,,517,15758,517.206123083
3853,伊犁师范大学,001,,,,487,24012,487.175101088
3854,新疆和田学院,001,,,,491,22825,491.196116064
3854,新疆和田学院,002,,,,503,19461,503.197103084
3855,新疆财经大学,001,,,,501,20000,501.195114083
3855,新疆财经大学,002,,,,536,11238,536.185109125
3855,新疆财经大学,003,,,,535,11462,535.191118117
3858,新疆农业职业技术大学,001,,,,503,19461,503.177109080
3859,昌吉学院,001,,,,518,15516,518.181111108
3867,新疆警察学院,001,,,,528,13016,528.193114105
3872,新疆理工学院,001,,,,507,18367,507.192106103
3873,新疆第二医学院,001,,,,486,24310,486.188095072
3876,新疆政法学院,001,,,,524,14004,524.209116113
3876,新疆政法学院,002,,,,517,15758,517.204110087
3878,新疆天山职业技术大学,001,,,,472,28130,472.164102080
3878,新疆天山职业技术大学,002,,,,460,31489,460.153099103
3878,新疆天山职业技术大学,003,,,,447,34852,447.156095082
3879,新疆交通职业技术大学,001,,,,489,23434,489.176102090
3911,中国石油大学(北京)克拉玛依校区,001,,,,579,3990,579.219118123
3911,中国石油大学(北京)克拉玛依校区,002,,,,580,3874,580.221115124
6000,山西大学,001,,,,586,3204,586.216115124
6000,山西大学,002,,,,561,6430,561.203114111
6000,山西大学,003,,,,541,10171,541.200114110
6000,山西大学,004,,,,546,9173,546.189117095
6000,山西大学,005,,,,568,5429,568.210122117
6000,山西大学,007,国家专项计划组,,,552,8034,552.193119105
6000,山西大学,008,国家专项计划组,,,546,9173,546.198106120
6000,山西大学,009,地方专项计划组,,,554,7669,554.208119106
6000,山西大学,010,地方专项计划组,,,550,8406,550.204108110
6000,山西大学,011,定向组,,,590,2792,590.237123114
6000,山西大学,012,定向组,,,598,2074,598.235123119
6000,山西大学,013,定向组,,,,,
6000,山西大学,014,定向组,,,535,11462,535.190112113
6000,山西大学,015,定向组,,,585,3305,585.221113124
6000,山西大学,016,定向组,,,574,4632,574.221120104
6000,山西大学,017,定向组,,,549,8599,549.201121106
6000,山西大学,018,定向组,,,580,3874,580.208109126
6000,山西大学,019,定向组,,,556,7292,556.193114117
6000,山西大学,020,定向组,,,597,2164,597.227114129
6000,山西大学,021,定向组,,,580,3874,580.214127113
6000,山西大学,022,定向组,,,580,3874,580.211117123
6000,山西大学,023,定向组,,,598,2074,598.234119112
6000,山西大学,024,定向组,,,591,2709,591.217114122
6000,山西大学,025,定向组,,,568,5429,568.212114120
6000,山西大学,026,定向组,,,609,1321,609.231129112
6000,山西大学,027,定向组,,,586,3204,586.215117122
6000,山西大学,028,定向组,,,610,1270,610.217115135
6000,山西大学,029,定向组,,,595,2329,595.223118122
6000,山西大学,030,定向组,,,570,5154,570.206117123
6001,山西大学(大同校区),006,,,,563,6156,563.211124117
6002,太原科技大学,001,,,,517,15758,517.199105103
6002,太原科技大学,002,,,,523,14261,523.201101107
6002,太原科技大学,003,国家专项计划组,,,566,5712,566.225113108
6002,太原科技大学,004,地方专项计划组,,,572,4893,572.211121121
6003,中北大学,001,,,,524,14004,524.193105092
6003,中北大学,002,国家专项计划组,,,530,12559,530.174111120
6003,中北大学,003,地方专项计划组,,,534,11668,534.192108098
6004,太原理工大学,001,,,,580,3874,580.224114115
6004,太原理工大学,002,,,,571,5027,571.205107129
6004,太原理工大学,003,,,,580,3874,580.199109123
6004,太原理工大学,004,国家专项计划组,,,571,5027,571.218112117
6004,太原理工大学,005,国家专项计划组,,,540,10416,540.207116123
6004,太原理工大学,006,国家专项计划组,,,575,4499,575.213118118
6004,太原理工大学,007,地方专项计划组,,,565,5870,565.209114116
6004,太原理工大学,008,地方专项计划组,,,554,7669,554.176109128
6004,太原理工大学,009,地方专项计划组,,,579,3990,579.195109126
6005,山西农业大学,001,,,,512,17068,512.194097093
6005,山西农业大学,002,,,,532,12120,532.195120089
6005,山西农业大学,003,,,,516,16018,516.176095102
6005,山西农业大学,004,国家专项计划组,,,543,9762,543.202117108
6006,山西医科大学,001,,,,519,15260,519.178111087
6006,山西医科大学,002,,,,525,13773,525.202103107
6007,长治医学院,001,,,,558,6960,558.202109118
6007,长治医学院,002,,,,492,22562,492.167101100
6007,长治医学院,003,,,,522,14525,522.195115109
6008,山西师范大学,037,,,,527,13288,527.200116091
6008,山西师范大学,038,,,,484,24854,484.163106104
6008,山西师范大学,039,,,,558,6960,558.201119110
6008,山西师范大学,040,,,,543,9762,543.231118108
6008,山西师范大学,041,国家专项计划组,,,533,11874,533.195117109
6008,山西师范大学,042,国家专项计划组,,,551,8229,551.198112117
6008,山西师范大学,043,地方专项计划组,,,534,11668,534.208114108
6008,山西师范大学,044,地方专项计划组,,,548,8802,548.193112112
6008,山西师范大学,045,地方专项计划组,,,541,10171,541.190119100
6009,太原师范学院,023,,,,510,17574,510.176103096
6009,太原师范学院,024,,,,546,9173,546.179105116
6009,太原师范学院,025,,,,523,14261,523.188111104
6009,太原师范学院,026,,,,521,14758,521.179106100
6009,太原师范学院,027,,,,514,16518,514.184115110
6009,太原师范学院,028,,,,533,11874,533.185100119
6009,太原师范学院,029,,,,500,20270,500.173098101
6009,太原师范学院,030,,,,549,8599,549.211118110
6009,太原师范学院,031,,,,545,9377,545.206112107
6009,太原师范学院,032,,,,528,13016,528.172103118
6009,太原师范学院,033,国家专项计划组,,,510,17574,510.170106102
6009,太原师范学院,034,国家专项计划组,,,536,11238,536.191108100
6009,太原师范学院,035,地方专项计划组,,,512,17068,512.187100106
6009,太原师范学院,036,地方专项计划组,,,530,12559,530.183105096
6009,太原师范学院,037,定向组,,,538,10833,538.181099118
6010,山西大同大学,001,,,,506,18627,506.184105082
6010,山西大同大学,002,,,,509,17830,509.178100101
6010,山西大同大学,003,,,,543,9762,543.209107093
6010,山西大同大学,004,,,,501,20000,501.163109107
6010,山西大同大学,005,,,,503,19461,503.186110098
6010,山西大同大学,006,,,,501,20000,501.174108099
6010,山西大同大学,007,,,,468,29312,468.195110068
6010,山西大同大学,008,,,,498,20809,498.192100096
6010,山西大同大学,009,,,,540,10416,540.202120111
6010,山西大同大学,010,国家专项计划组,,,529,12778,529.162110113
6010,山西大同大学,011,地方专项计划组,,,498,20809,498.185105088
6010,山西大同大学,012,定向组,,,525,13773,525.178107095
6011,晋中学院,001,,,,485,24597,485.157107115
6011,晋中学院,002,,,,514,16518,514.194107095
6011,晋中学院,003,地方专项计划组,,,483,25125,483.161114090
6011,晋中学院,004,地方专项计划组,,,507,18367,507.181104104
6012,长治学院,001,,,,481,25705,481.181109072
6012,长治学院,002,,,,482,25409,482.175096099
6012,长治学院,003,,,,513,16784,513.192117112
6012,长治学院,004,地方专项计划组,,,479,26259,479.174098077
6013,运城学院,001,,,,479,26259,479.156097085
6013,运城学院,002,,,,496,21375,496.192106084
6013,运城学院,003,,,,515,16281,515.196109101
6013,运城学院,004,地方专项计划组,,,478,26525,478.184095075
6013,运城学院,005,地方专项计划组,,,493,22260,493.194101091
6014,忻州师范学院,031,,,,491,22825,491.189103096
6014,忻州师范学院,032,,,,499,20534,499.179102107
6014,忻州师范学院,033,,,,531,12365,531.185117108
6014,忻州师范学院,034,,,,494,21975,494.174098091
6014,忻州师范学院,035,地方专项计划组,,,488,23730,488.182102083
6014,忻州师范学院,036,地方专项计划组,,,481,25705,481.155091110
6014,忻州师范学院,037,地方专项计划组,,,516,16018,516.196111084
6014,忻州师范学院,038,地方专项计划组,,,502,19725,502.190099089
6015,山西财经大学,001,,,,517,15758,517.201104087
6015,山西财经大学,002,合作办学组,,,496,21375,496.187112111
6015,山西财经大学,003,,,,526,13534,526.185106101
6015,山西财经大学,004,国家专项计划组,,,522,14525,522.181108118
6015,山西财经大学,005,地方专项计划组,,,516,16018,516.199107092
6016,山西中医药大学,002,,,,591,2709,591.238129112
6016,山西中医药大学,003,,,,547,8983,547.199111118
6016,山西中医药大学,004,,,,537,11024,537.191104112
6016,山西中医药大学,005,,,,540,10416,540.188111116
6016,山西中医药大学,006,国家专项计划组,,,541,10171,541.195106102
6016,山西中医药大学,007,国家专项计划组,,,516,16018,516.199104104
6016,山西中医药大学,008,地方专项计划组,,,548,8802,548.194115105
6016,山西中医药大学,009,地方专项计划组,,,511,17329,511.182107108
6017,吕梁学院,001,,,,478,26525,478.170107090
6017,吕梁学院,002,,,,488,23730,488.175095082
6017,吕梁学院,003,,,,480,26003,480.183107097
6017,吕梁学院,004,,,,511,17329,511.179094115
6017,吕梁学院,005,,,,477,26822,477.181097075
6017,吕梁学院,006,地方专项计划组,,,474,27610,474.178094074
6017,吕梁学院,007,地方专项计划组,,,473,27891,473.182093100
6017,吕梁学院,008,地方专项计划组,,,505,18892,505.193107083
6018,太原学院,001,,,,489,23434,489.157092100
6020,山西警察学院,003,,,,518,15516,518.180104111
6028,山西应用科技学院,001,,,,448,34590,448.159101073
6028,山西应用科技学院,002,,,,443,35877,443.130078084
6040,山西工学院,001,,,,485,24597,485.179108070
6041,晋中信息学院,001,,,,466,29883,466.152104070
6041,晋中信息学院,002,,,,460,31489,460.166109063
6042,山西电子科技学院,001,,,,492,22562,492.206112080
6042,山西电子科技学院,002,,,,503,19461,503.177105086
6043,山西晋中理工学院,001,,,,454,33041,454.173103086
6045,山西科技学院,001,,,,492,22562,492.160098084
6045,山西科技学院,002,,,,490,23133,490.173110114
6046,晋中健康学院,001,,,,449,34344,449.167100086
6048,山西工商学院,001,,,,447,34852,447.169106089
6048,山西工商学院,002,,,,475,27313,475.172102085
6053,山西文化旅游职业大学,001,,,,477,26822,477.172104102
6063,太原工业学院,001,,,,499,20534,499.186103108
6063,太原工业学院,002,地方专项计划组,,,480,26003,480.176116074
6067,运城职业技术大学,001,,,,472,28130,472.158108075
6067,运城职业技术大学,002,,,,450,34070,450.156101092
6073,山西传媒学院,001,,,,485,24597,485.173112098
6077,山西工程技术学院,001,,,,477,26822,477.178112074
6077,山西工程技术学院,002,,,,496,21375,496.174101092
6086,山西工程科技职业大学,001,,,,479,26259,479.184102064
6086,山西工程科技职业大学,002,,,,505,18892,505.192114074
