id,code,major_code,name,utility,rank_2022,rank_2023,rank_2024,rank_2025,rank_2026,note
,0020,,杭州师范大学·汉语言文学(师范),82.3,,,,,32063,杭州市|专业9(中文:兴趣强、写作是长处)|前景6.5(中文师范:语文教师需求稳定但竞争大)|城市8|学校7.5
,0025,,浙江外国语学院·汉语言文学(师范),79.7,49207,54718,50067,56805,61188,杭州市|专业9(中文:兴趣强、写作是长处)|前景6.5(中文师范:语文教师需求稳定但竞争大)|城市8|学校5.5
,0007,,浙江工商大学·汉语言文学,79.4,24956,25670,22388,24434,30303,"杭州市|专业9(中文:兴趣强、写作是长处)|前景6(中文:去向分散,需自己积累)|城市8|学校7.5"
,0016,,浙江财经大学·汉语言文学,79.4,,31163,30072,32905,39061,"杭州市|专业9(中文:兴趣强、写作是长处)|前景6(中文:去向分散,需自己积累)|城市8|学校7.5"
,0007,,浙江工商大学·哲学,78.9,38911,42921,38615,39654,45678,"杭州市|专业10(哲学:兴趣最强)|前景4(哲学:去向窄,多读研或转行)|城市8|学校7.5"
,0013,,中国计量大学·汉语言文学,78.7,47139,48362,41496,45254,50199,"杭州市|专业9(中文:兴趣强、写作是长处)|前景6(中文:去向分散,需自己积累)|城市8|学校7"
,0018,,浙大城市学院·汉语言文学,78.1,58874,60998,52318,55278,59195,"杭州市|专业9(中文:兴趣强、写作是长处)|前景6(中文:去向分散,需自己积累)|城市8|学校6.5"
,0027,,浙江传媒学院·汉语言文学(网络文学与创意写作),78.1,57962,59157,,54639,59284,"杭州市|专业9(中文:兴趣强、写作是长处)|前景6(中文:去向分散,需自己积累)|城市8|学校6.5"
,0027,,浙江传媒学院·汉语言文学,78.1,60659,63702,54619,60272,64533,"杭州市|专业9(中文:兴趣强、写作是长处)|前景6(中文:去向分散,需自己积累)|城市8|学校6.5"
,0024,,温州大学·汉语言文学(师范),77.7,27356,30876,30466,35545,44867,温州市|专业9(中文:兴趣强、写作是长处)|前景6.5(中文师范:语文教师需求稳定但竞争大)|城市7|学校6.5
,0011,,浙江农林大学·汉语言文学,77.4,53310,52394,44162,47437,52185,"杭州市|专业9(中文:兴趣强、写作是长处)|前景6(中文:去向分散,需自己积累)|城市8|学校6"
,0015,,浙江科技大学·汉语言文学,76.8,64971,66909,55561,60592,65347,"杭州市|专业9(中文:兴趣强、写作是长处)|前景6(中文:去向分散,需自己积累)|城市8|学校5.5"
,0020,,杭州师范大学·历史学(师范),76.4,18028,22789,22473,26092,38543,杭州市|专业9(历史学:兴趣强)|前景5.5(历史师范)|城市8|学校7.5
,0021,,湖州师范大学·汉语言文学(胡瑗班)(师范),76.4,,,,36979,44434,湖州市|专业9(中文:兴趣强、写作是长处)|前景6.5(中文师范:语文教师需求稳定但竞争大)|城市7|学校5.5
,0021,,湖州师范大学·汉语言文学(师范),76.4,,55844,51169,61346,68609,湖州市|专业9(中文:兴趣强、写作是长处)|前景6.5(中文师范:语文教师需求稳定但竞争大)|城市7|学校5.5
,0028,,宁波工程学院·汉语言文学,75.4,75163,76980,64913,71672,77021,"宁波市|专业9(中文:兴趣强、写作是长处)|前景6(中文:去向分散,需自己积累)|城市8|学校4.5"
,0024,,温州大学·汉语言文学(步青科学实验班),74.8,,,,36674,44880,"温州市|专业9(中文:兴趣强、写作是长处)|前景6(中文:去向分散,需自己积累)|城市7|学校6.5"
,0024,,温州大学·汉语言文学(创意中文实验班),74.8,37569,37540,,38763,46254,"温州市|专业9(中文:兴趣强、写作是长处)|前景6(中文:去向分散,需自己积累)|城市7|学校6.5"
,0017,,嘉兴大学·汉语言文学,73.5,67649,68179,56852,62629,69512,"嘉兴市|专业9(中文:兴趣强、写作是长处)|前景6(中文:去向分散,需自己积累)|城市7|学校5.5"
,0005,,宁波大学·历史学,72.5,24964,28838,27750,30561,37544,"宁波市|专业9(历史学:兴趣强)|前景4.5(历史学:去向窄,读研比例高)|城市8|学校9"
,0010,,浙江海洋大学·汉语言文学(师范),72.5,54011,57516,49576,54663,61516,舟山市|专业9(中文:兴趣强、写作是长处)|前景6.5(中文师范:语文教师需求稳定但竞争大)|城市6|学校5
,0125,,嘉兴南湖学院·汉语言文学,72.1,84479,80935,66857,72513,79523,"嘉兴市|专业9(中文:兴趣强、写作是长处)|前景6(中文:去向分散,需自己积累)|城市7|学校4.5"
,0123,,温州理工学院·汉语言文学,72.1,,86955,71240,75636,80484,"温州市|专业9(中文:兴趣强、写作是长处)|前景6(中文:去向分散,需自己积累)|城市7|学校4.5"
,0122,,绍兴理工学院·汉语言文学,72.1,,,,,84116,"绍兴市|专业9(中文:兴趣强、写作是长处)|前景6(中文:去向分散,需自己积累)|城市7|学校4.5"
,0024,,温州大学·历史学(师范),71.8,31245,36027,33894,40020,48894,温州市|专业9(历史学:兴趣强)|前景5.5(历史师范)|城市7|学校6.5
,0023,,台州学院·汉语言文学(师范),71.8,58375,63020,56526,66610,74402,台州市|专业9(中文:兴趣强、写作是长处)|前景6.5(中文师范:语文教师需求稳定但竞争大)|城市6|学校4.5
,0038,,丽水学院·汉语言文学(师范),71.8,66734,72349,62733,72301,76738,丽水市|专业9(中文:兴趣强、写作是长处)|前景6.5(中文师范:语文教师需求稳定但竞争大)|城市6|学校4.5
,0029,,衢州学院·汉语言文学(师范),71.8,65862,70586,61618,70447,78355,衢州市|专业9(中文:兴趣强、写作是长处)|前景6.5(中文师范:语文教师需求稳定但竞争大)|城市6|学校4.5
,0007,,浙江工商大学·历史学,70.5,25984,29717,29183,32101,39425,"杭州市|专业9(历史学:兴趣强)|前景4.5(历史学:去向窄,读研比例高)|城市8|学校7.5"
,0021,,湖州师范大学·历史学(师范),70.5,47993,56751,52767,64593,71766,湖州市|专业9(历史学:兴趣强)|前景5.5(历史师范)|城市7|学校5.5
,0018,,浙大城市学院·历史学,69.2,,,56403,60394,64704,"杭州市|专业9(历史学:兴趣强)|前景4.5(历史学:去向窄,读研比例高)|城市8|学校6.5"
,0023,,台州学院·汉语言文学,68.9,66647,69320,60073,68599,75984,"台州市|专业9(中文:兴趣强、写作是长处)|前景6(中文:去向分散,需自己积累)|城市6|学校4.5"
,0038,,丽水学院·汉语言文学,68.9,,,64695,72220,78096,"丽水市|专业9(中文:兴趣强、写作是长处)|前景6(中文:去向分散,需自己积累)|城市6|学校4.5"
,0010,,浙江海洋大学·历史学(师范),66.6,53203,59122,52095,57782,64870,舟山市|专业9(历史学:兴趣强)|前景5.5(历史师范)|城市6|学校5
,0023,,台州学院·历史学(师范),65.9,60203,66960,60245,73596,81067,台州市|专业9(历史学:兴趣强)|前景5.5(历史师范)|城市6|学校4.5
,0016,,浙江财经大学·法学,62.5,,30595,28369,28749,30596,"杭州市|专业7(法学:思辨与写作可用,本人愿意了解)|前景7(就业面较宽;法考门槛)|城市8|学校7.5"
,0006,,杭州电子科技大学·法学,62.5,32000,31655,27890,27642,32031,"杭州市|专业7(法学:思辨与写作可用,本人愿意了解)|前景7(就业面较宽;法考门槛)|城市8|学校7.5"
,0020,,杭州师范大学·法学,62.5,27579,25533,23919,26660,33214,"杭州市|专业7(法学:思辨与写作可用,本人愿意了解)|前景7(就业面较宽;法考门槛)|城市8|学校7.5"
,0008,,浙江理工大学·法学,61.8,33933,33499,30115,30877,35776,"杭州市|专业7(法学:思辨与写作可用,本人愿意了解)|前景7(就业面较宽;法考门槛)|城市8|学校7"
,0013,,中国计量大学·法学,61.8,,44113,36844,36230,40380,"杭州市|专业7(法学:思辨与写作可用,本人愿意了解)|前景7(就业面较宽;法考门槛)|城市8|学校7"
,0018,,浙大城市学院·法学(数智法治实验班),61.2,,,,,50278,"杭州市|专业7(法学:思辨与写作可用,本人愿意了解)|前景7(就业面较宽;法考门槛)|城市8|学校6.5"
,0018,,浙大城市学院·法学,61.2,58999,59728,49634,51373,54681,"杭州市|专业7(法学:思辨与写作可用,本人愿意了解)|前景7(就业面较宽;法考门槛)|城市8|学校6.5"
,0011,,浙江农林大学·法学,60.5,52849,49214,40436,41515,45770,"杭州市|专业7(法学:思辨与写作可用,本人愿意了解)|前景7(就业面较宽;法考门槛)|城市8|学校6"
,0004,,浙江师范大学·法学,59.9,,28875,25620,27433,34351,"金华市|专业7(法学:思辨与写作可用,本人愿意了解)|前景7(就业面较宽;法考门槛)|城市7|学校8"
,0019,,浙大宁波理工学院·法学,59.9,71107,71734,61078,65501,69566,"宁波市|专业7(法学:思辨与写作可用,本人愿意了解)|前景7(就业面较宽;法考门槛)|城市8|学校5.5"
,0020,,杭州师范大学·思想政治教育(师范),59.5,20825,25115,24051,27206,36797,杭州市|专业7(思政师范:与政治、历史相关)|前景6.5(中学思政教师;受学龄人口影响较小学轻)|城市8|学校7.5
,0024,,温州大学·法学,57.9,50667,46986,39405,40416,45710,"温州市|专业7(法学:思辨与写作可用,本人愿意了解)|前景7(就业面较宽;法考门槛)|城市7|学校6.5"
,0017,,嘉兴大学·法学,56.6,68650,65704,54706,57379,62579,"嘉兴市|专业7(法学:思辨与写作可用,本人愿意了解)|前景7(就业面较宽;法考门槛)|城市7|学校5.5"
,0125,,嘉兴南湖学院·法学,55.3,85962,79162,65244,68516,72159,"嘉兴市|专业7(法学:思辨与写作可用,本人愿意了解)|前景7(就业面较宽;法考门槛)|城市7|学校4.5"
,0123,,温州理工学院·法学,55.3,84988,82676,68425,71983,75090,"温州市|专业7(法学:思辨与写作可用,本人愿意了解)|前景7(就业面较宽;法考门槛)|城市7|学校4.5"
,0122,,绍兴理工学院·法学,55.3,105821,106915,89999,75838,78204,"绍兴市|专业7(法学:思辨与写作可用,本人愿意了解)|前景7(就业面较宽;法考门槛)|城市7|学校4.5"
,0024,,温州大学·思想政治教育(师范),54.9,31033,35423,33314,39768,47625,温州市|专业7(思政师范:与政治、历史相关)|前景6.5(中学思政教师;受学龄人口影响较小学轻)|城市7|学校6.5
,0021,,湖州师范大学·思想政治教育(师范),53.6,38681,47428,47289,56618,63971,湖州市|专业7(思政师范:与政治、历史相关)|前景6.5(中学思政教师;受学龄人口影响较小学轻)|城市7|学校5.5
,0023,,台州学院·思想政治教育(师范),49.0,61135,66453,60047,73032,79612,台州市|专业7(思政师范:与政治、历史相关)|前景6.5(中学思政教师;受学龄人口影响较小学轻)|城市6|学校4.5
,0038,,丽水学院·思想政治教育(师范),49.0,64727,71421,63300,73767,81148,丽水市|专业7(思政师范:与政治、历史相关)|前景6.5(中学思政教师;受学龄人口影响较小学轻)|城市6|学校4.5
,0005,,宁波大学·传播学,41.2,24841,30533,29063,31287,34874,"宁波市|专业6(新闻传播:写作相关,本人兴趣一般)|前景5(新闻传播:行业变化大)|城市8|学校9"
,0003,,浙江工业大学·新闻传播学类,39.9,24087,29654,28230,28994,32301,"杭州市|专业6(新闻传播:写作相关,本人兴趣一般)|前景5(新闻传播:行业变化大)|城市8|学校8"
,0007,,浙江工商大学·新闻传播学类,39.3,31472,36462,31847,33764,37663,"杭州市|专业6(新闻传播:写作相关,本人兴趣一般)|前景5(新闻传播:行业变化大)|城市8|学校7.5"
,0016,,浙江财经大学·新闻传播学类,39.3,36561,42896,41303,45778,49115,"杭州市|专业6(新闻传播:写作相关,本人兴趣一般)|前景5(新闻传播:行业变化大)|城市8|学校7.5"
,0008,,浙江理工大学·新闻传播学类,38.6,39375,43935,41321,46176,51167,"杭州市|专业6(新闻传播:写作相关,本人兴趣一般)|前景5(新闻传播:行业变化大)|城市8|学校7"
,0027,,浙江传媒学院·广播电视学(视听传播卓越人才班),37.9,,,,51382,56856,"杭州市|专业6(新闻传播:写作相关,本人兴趣一般)|前景5(新闻传播:行业变化大)|城市8|学校6.5"
,0027,,浙江传媒学院·新闻学,37.9,40455,49836,46555,52472,58589,"杭州市|专业6(新闻传播:写作相关,本人兴趣一般)|前景5(新闻传播:行业变化大)|城市8|学校6.5"
,0027,,浙江传媒学院·传播学,37.9,43349,51550,48298,53653,59128,"杭州市|专业6(新闻传播:写作相关,本人兴趣一般)|前景5(新闻传播:行业变化大)|城市8|学校6.5"
,0018,,浙大城市学院·新闻学,37.9,,66883,59794,63684,65117,"杭州市|专业6(新闻传播:写作相关,本人兴趣一般)|前景5(新闻传播:行业变化大)|城市8|学校6.5"
,0019,,浙大宁波理工学院·新闻学,36.6,75895,84570,71538,77521,81451,"宁波市|专业6(新闻传播:写作相关,本人兴趣一般)|前景5(新闻传播:行业变化大)|城市8|学校5.5"
,0010,,浙江海洋大学·汉语言文学(高级文秘方向),35.3,59493,62166,,55498,60985,"舟山市|专业6(中文(文秘方向):偏事务)|前景6(中文:去向分散,需自己积累)|城市6|学校5"
,0021,,湖州师范大学·新闻学,33.3,63017,69392,60494,68738,72931,"湖州市|专业6(新闻传播:写作相关,本人兴趣一般)|前景5(新闻传播:行业变化大)|城市7|学校5.5"
,0122,,绍兴理工学院·传播学,32.0,,,,,86172,"绍兴市|专业6(新闻传播:写作相关,本人兴趣一般)|前景5(新闻传播:行业变化大)|城市7|学校4.5"
,0005,,宁波大学·小学教育(师范),12.5,20622,24834,26759,30805,38482,"宁波市|专业4(小学教育:父母期望,本人兴趣低)|前景4(小学学龄人口下降)|城市8|学校9"
,0020,,杭州师范大学·小学教育(师范),10.5,15271,22199,25829,,42506,"杭州市|专业4(小学教育:父母期望,本人兴趣低)|前景4(小学学龄人口下降)|城市8|学校7.5"
,0025,,浙江外国语学院·小学教育(师范),7.9,51165,57621,56182,68576,76399,"杭州市|专业4(小学教育:父母期望,本人兴趣低)|前景4(小学学龄人口下降)|城市8|学校5.5"
,0004,,浙江师范大学·小学教育(师范),7.9,11955,16867,19907,24174,34831,"金华市|专业4(小学教育:父母期望,本人兴趣低)|前景4(小学学龄人口下降)|城市7|学校8"
,0024,,温州大学·小学教育(师范),5.9,29634,35189,35977,44229,55719,"温州市|专业4(小学教育:父母期望,本人兴趣低)|前景4(小学学龄人口下降)|城市7|学校6.5"
,0021,,湖州师范大学·小学教育(师范),4.6,35243,45560,49333,65585,72188,"湖州市|专业4(小学教育:父母期望,本人兴趣低)|前景4(小学学龄人口下降)|城市7|学校5.5"
,0017,,嘉兴大学·小学教育(师范),4.6,61108,67464,60006,69674,75429,"嘉兴市|专业4(小学教育:父母期望,本人兴趣低)|前景4(小学学龄人口下降)|城市7|学校5.5"
,0010,,浙江海洋大学·小学教育(师范),0.7,48815,55683,51866,59733,68288,"舟山市|专业4(小学教育:父母期望,本人兴趣低)|前景4(小学学龄人口下降)|城市6|学校5"
,0029,,衢州学院·小学教育(师范),0.0,63945,70365,64480,71757,80329,"衢州市|专业4(小学教育:父母期望,本人兴趣低)|前景4(小学学龄人口下降)|城市6|学校4.5"
,0038,,丽水学院·小学教育(师范),0.0,63736,73151,66636,78348,84414,"丽水市|专业4(小学教育:父母期望,本人兴趣低)|前景4(小学学龄人口下降)|城市6|学校4.5"
,0023,,台州学院·小学教育(师范),0.0,55785,63114,59934,76859,85993,"台州市|专业4(小学教育:父母期望,本人兴趣低)|前景4(小学学龄人口下降)|城市6|学校4.5"
