province,pop_2016,birth_rate_2016,pop_2023,birth_rate_2023
北京,2173,9.32,2186,5.63
天津,1562,7.37,1364,4.47
河北,7470,12.42,7393,5.54
山西,3682,10.29,3466,6.13
内蒙古,2520,9.03,2396,5.0
辽宁,4378,6.6,4182,4.06
吉林,2733,5.55,2339,3.76
黑龙江,3799,6.12,3062,2.92
上海,2420,9.0,2487,3.95
江苏,7999,9.76,8526,4.81
浙江,5590,11.22,6627,5.8
安徽,6196,13.02,6121,6.45
福建,3874,14.5,4183,6.81
江西,4592,13.45,4515,6.52
山东,9947,17.89,10123,6.01
河南,9532,13.26,9815,7.06
湖北,5885,12.04,5838,5.48
湖南,6822,13.57,6568,6.0
广东,10999,11.85,12706,8.12
广西,4838,13.82,5027,8.04
海南,917,14.57,1043,9.28
重庆,3048,11.77,3191,5.58
四川,8262,10.48,8368,6.32
贵州,3555,13.43,3865,10.65
云南,4771,13.16,4673,8.22
西藏,331,15.79,365,13.72
陕西,3813,10.64,3952,6.83
甘肃,2610,12.18,2465,7.71
青海,593,14.7,594,9.25
宁夏,675,13.69,729,10.02
新疆,2398,15.34,2598,7.1
