province,year,subject,min_score,max_score,cumulative_count_at_min_score,total_exam_takers_confirmed,includes_bonus_points,coverage_scope,source_url,table_member,processing_method,accessed_date,notes
上海市,2024,不分科类,403,619,41594,,unknown,普通高考考生成绩分布表；官方表明确限定为本科录取控制分数线上考生，不分科类,https://www.shmeea.edu.cn/page/02200/20240623/18612.html,yfyd_2024.csv,本地整理表读官方考生成绩分布表累计列；最低公布分数高于本科控制线的，本记录仅代表该表所列分数段覆盖,2026-09-30,累计列按分数降序非递减；最低分累计值仅为本地表公布分数范围的覆盖量，不代表全体人数
上海市,2025,不分科类,402,623,49276,,unknown,普通高考考生成绩分布表；官方表明确限定为本科录取控制分数线上考生，不分科类,https://www.shmeea.edu.cn/page/09000/20250623/19549.html,yfyd_2025.csv,本地整理表读官方考生成绩分布表累计列；最低公布分数高于本科控制线的，本记录仅代表该表所列分数段覆盖,2026-09-30,累计列按分数降序非递减；最低分累计值仅为本地表公布分数范围的覆盖量，不代表全体人数
上海市,2026,不分科类,403,616,51853,,unknown,普通高考考生成绩分布表；官方表明确限定为本科录取控制分数线上考生，不分科类,https://www.shmeea.edu.cn/page/02200/20260623/20375.html,yfyd_2026.csv,本地整理表读官方考生成绩分布表累计列；最低公布分数高于本科控制线的，本记录仅代表该表所列分数段覆盖,2026-09-30,累计列按分数降序非递减；最低分累计值仅为本地表公布分数范围的覆盖量，不代表全体人数
广东省,2022,历史,100,,272196,,unknown,广东普通类历史/物理；统计表公布分数≥100的分数段累计覆盖,https://eea.gd.gov.cn/attachment/0/492/492287/3986282.pdf,普通类（历史）分数段统计表,从官方一分一段表读取分数≥100累计值；保留表内下限覆盖口径,2026-09-30,仅表内分数≥100累计覆盖人数；总报考人数未由附件确认；加分口径未据现有说明确认
广东省,2022,物理,100,,399216,,unknown,广东普通类历史/物理；统计表公布分数≥100的分数段累计覆盖,https://eea.gd.gov.cn/attachment/0/492/492285/3986282.pdf,普通类（物理）分数段统计表,从官方一分一段表读取分数≥100累计值；保留表内下限覆盖口径,2026-09-30,仅表内分数≥100累计覆盖人数；总报考人数未由附件确认；加分口径未据现有说明确认
广东省,2025,历史,100,,292200,,yes,广东普通类历史/物理；统计表公布分数≥100的分数段累计覆盖,https://eea.gd.gov.cn/attachment/0/583/583759/4734449.zip,ZIP第1项：普通类（历史）分数段统计表（含本、专科层次加分）,从官方一分一段表读取分数≥100累计值；保留表内下限覆盖口径,2026-09-30,仅表内分数≥100累计覆盖人数；总报考人数未由附件确认；加分口径未据现有说明确认
广东省,2025,物理,100,,440208,,yes,广东普通类历史/物理；统计表公布分数≥100的分数段累计覆盖,https://eea.gd.gov.cn/attachment/0/583/583759/4734449.zip,ZIP第2项：普通类（物理）分数段统计表（含本、专科层次加分）,从官方一分一段表读取分数≥100累计值；保留表内下限覆盖口径,2026-09-30,仅表内分数≥100累计覆盖人数；总报考人数未由附件确认；加分口径未据现有说明确认
江苏省,2023,物理等科目类,448,687,173523,,unknown,普通高考物理等科目类逐分段统计表；省份科类明确，未证实覆盖低于表内下限者,https://www.jseea.cn/webfile/index/index_zkxx/2023-06-24/7078350479809318912.html,yfyd_physics_2023.csv,本地整理表读官方逐分段人数与累计列；仅将最低公布分数行累计数记录为表内覆盖量，行内source保留原核验标记,2026-09-30,累计列按分数降序非递减；最低分累计值仅为本地表公布分数范围的覆盖量，不代表全体人数
江苏省,2024,物理等科目类,462,689,187958,,unknown,普通高考物理等科目类逐分段统计表；省份科类明确，未证实覆盖低于表内下限者,https://www.jseea.cn/webfile/index/index_zkxx/2024-06-24/7210960924591525888.html,yfyd_physics_2024.csv,本地整理表读官方逐分段人数与累计列；仅将最低公布分数行累计数记录为表内覆盖量，行内source保留原核验标记,2026-09-30,累计列按分数降序非递减；最低分累计值仅为本地表公布分数范围的覆盖量，不代表全体人数
江苏省,2025,物理等科目类,463,683,205975,,unknown,普通高考物理等科目类逐分段统计表；省份科类明确，未证实覆盖低于表内下限者,https://www.jseea.cn/webfile/index/index_zkxx/2025-06-24/7343234265133355008.html,yfyd_physics_2025.csv,本地整理表读官方逐分段人数与累计列；仅将最低公布分数行累计数记录为表内覆盖量，行内source保留原核验标记,2026-09-30,累计列按分数降序非递减；最低分累计值仅为本地表公布分数范围的覆盖量，不代表全体人数
江苏省,2026,物理等科目类,456,689,217438,,unknown,普通高考物理等科目类逐分段统计表；省份科类明确，未证实覆盖低于表内下限者,https://www.jseea.cn/webfile/index/index_zkxx/2026-06-24/7475494421979467776.html,yfyd_physics_2026.csv,本地整理表读官方逐分段人数与累计列；仅将最低公布分数行累计数记录为表内覆盖量，行内source保留原核验标记,2026-09-30,累计列按分数降序非递减；最低分累计值仅为本地表公布分数范围的覆盖量，不代表全体人数
河北省,2021,物理,281,691,210880,,unknown,普通高考物理科目组合考生成绩统计；省份科类明确，未证实覆盖低于表内下限者,http://www.hebeea.edu.cn/c/2021-07-24/488945.html,yfyd_physics_2021.csv,本地整理表由官方扫描PDF OCR识别并按累计关系重建；累计人数取最低公布分数行,2026-09-30,累计列按分数降序非递减；最低分累计值仅为本地表公布分数范围的覆盖量，不代表全体人数
河北省,2022,物理,140,680,297622,,unknown,普通高考物理科目组合考生成绩统计；省份科类明确，未证实覆盖低于表内下限者,http://www.hebeea.edu.cn/c/2022-07-25/488817.html,yfyd_physics_2022.csv,本地整理表由官方扫描PDF OCR识别并按累计关系重建；累计人数取最低公布分数行,2026-09-30,累计列按分数降序非递减；最低分累计值仅为本地表公布分数范围的覆盖量，不代表全体人数
河北省,2023,物理,140,691,335207,,unknown,普通高考物理科目组合考生成绩统计；省份科类明确，未证实覆盖低于表内下限者,http://www.hebeea.edu.cn/c/2023-07-25/489286.html,yfyd_physics_2023.csv,本地整理表由官方扫描PDF OCR识别并按累计关系重建；累计人数取最低公布分数行,2026-09-30,累计列按分数降序非递减；最低分累计值仅为本地表公布分数范围的覆盖量，不代表全体人数
河北省,2024,物理,140,689,384426,,unknown,普通高考物理科目组合考生成绩统计；省份科类明确，未证实覆盖低于表内下限者,http://www.hebeea.edu.cn/c/2024-07-22/489446.html,yfyd_physics_2024.csv,本地整理表由官方扫描PDF OCR识别并按累计关系重建；累计人数取最低公布分数行,2026-09-30,累计列按分数降序非递减；最低分累计值仅为本地表公布分数范围的覆盖量，不代表全体人数
河北省,2025,物理,140,693,363040,,unknown,普通高考物理科目组合考生成绩统计；省份科类明确，未证实覆盖低于表内下限者,http://www.hebeea.edu.cn/c/2025-07-23/489213.html,yfyd_physics_2025.csv,本地整理表由官方扫描PDF OCR识别并按累计关系重建；累计人数取最低公布分数行,2026-09-30,累计列按分数降序非递减；最低分累计值仅为本地表公布分数范围的覆盖量，不代表全体人数
河北省,2026,物理,140,701,350991,,unknown,普通高考物理科目组合考生成绩统计；省份科类明确，未证实覆盖低于表内下限者,http://www.hebeea.edu.cn/c/2026-07-22/493236.html,yfyd_physics_2026.csv,本地整理表由官方扫描PDF OCR识别并按累计关系重建；累计人数取最低公布分数行,2026-09-30,累计列按分数降序非递减；最低分累计值仅为本地表公布分数范围的覆盖量，不代表全体人数
湖南省,2023,首选物理,100,688,276412,,national_only,普通高考首选物理科目组合档分一分段统计；省份科类明确，未证实覆盖低于表内下限者,https://www.hneeb.cn/hnxxg/741/742/content_3941.html,yfyd_physics_2023.csv,本地整理表读官方网页一分段统计表的累计列；以最低公布分数行累计数记录表内覆盖量；2023选用“含全国性加分”版本,2026-09-30,累计列按分数降序非递减；最低分累计值仅为本地表公布分数范围的覆盖量，不代表全体人数；表末另有重复标为100的“100分以下”汇总档，覆盖数取首个精确100分档累计值，不计低于100分者
湖南省,2024,首选物理,100,692,312459,,unknown,普通高考首选物理科目组合档分一分段统计；省份科类明确，未证实覆盖低于表内下限者,https://www.hneeb.cn/hnxxg/741/742/content_4207.html,yfyd_physics_2024.csv,本地整理表读官方网页一分段统计表的累计列；以最低公布分数行累计数记录表内覆盖量；2023选用“含全国性加分”版本,2026-09-30,累计列按分数降序非递减；最低分累计值仅为本地表公布分数范围的覆盖量，不代表全体人数；表末另有重复标为100的“100分以下”汇总档，覆盖数取首个精确100分档累计值，不计低于100分者
湖南省,2025,首选物理,100,689,318823,,unknown,普通高考首选物理科目组合档分一分段统计；省份科类明确，未证实覆盖低于表内下限者,https://www.hneeb.cn/hnxxg/741/742/content_4434.html,yfyd_physics_2025.csv,本地整理表读官方网页一分段统计表的累计列；以最低公布分数行累计数记录表内覆盖量；2023选用“含全国性加分”版本,2026-09-30,累计列按分数降序非递减；最低分累计值仅为本地表公布分数范围的覆盖量，不代表全体人数；表末另有重复标为100的“100分以下”汇总档，覆盖数取首个精确100分档累计值，不计低于100分者
湖南省,2026,首选物理,100,694,298490,,unknown,普通高考首选物理科目组合档分一分段统计；省份科类明确，未证实覆盖低于表内下限者,https://jyt.hunan.gov.cn/jyt/sjyt/hnsjyksy/web/ksyzkzx/202606/t20260625_34013125.html,yfyd_physics_2026.csv,本地整理表读官方网页一分段统计表的累计列；以最低公布分数行累计数记录表内覆盖量；2023选用“含全国性加分”版本,2026-09-30,累计列按分数降序非递减；最低分累计值仅为本地表公布分数范围的覆盖量，不代表全体人数；表末另有重复标为100的“100分以下”汇总档，覆盖数取首个精确100分档累计值，不计低于100分者
黑龙江省,2024,物理类,130,705,122383,,no,普通高考物理类文化课考生，分科类；官方说明一分段统计不含照顾政策分，表内下限以下覆盖未证实,https://www.lzk.hl.cn/gkpd/gkxx/202406/t20240625_19065.htm,yfyd_physics_2024.csv,本地整理表读官方《普通高考物理类文化课一分段统计表》累计列；以最低公布分数行累计数记录表内覆盖量,2026-09-30,累计列按分数降序非递减；最低分累计值仅为本地表公布分数范围的覆盖量，不代表全体人数
黑龙江省,2025,物理类,130,694,117407,,no,普通高考物理类文化课考生，分科类；官方说明一分段统计不含照顾政策分，表内下限以下覆盖未证实,https://www.lzk.hl.cn/gkpd/gkxx/202506/W020250624501230928278.xls,yfyd_physics_2025.csv,本地整理表读官方《普通高考物理类文化课一分段统计表》累计列；以最低公布分数行累计数记录表内覆盖量,2026-09-30,累计列按分数降序非递减；最低分累计值仅为本地表公布分数范围的覆盖量，不代表全体人数
黑龙江省,2026,物理类,150,700,109811,,no,普通高考物理类文化课考生，分科类；官方说明一分段统计不含照顾政策分，表内下限以下覆盖未证实,https://jyt.hlj.gov.cn/jyt/c110476/202606/c00_31952462.shtml,yfyd_physics_2026.csv,本地整理表读官方《普通高考物理类文化课一分段统计表》累计列；以最低公布分数行累计数记录表内覆盖量,2026-09-30,累计列按分数降序非递减；最低分累计值仅为本地表公布分数范围的覆盖量，不代表全体人数
