year,province,subject,batch,school,school_code,group,group_name,selection_requirements,major,plan_2025,plan_note,group_score_2025,group_rank_2025,group_admit_2025,major_min_score_2024,major_min_rank_2024,major_avg_rank_2024,major_min_rank_2023,major_min_rank_2022,school_source_url,exam_source_url,method_note
2025,广东,物理,本科批,华南农业大学,10564,210,经济管理组,物理，不限,会计学(数智财务管理创新班),34,,566,59597,312,580,37145,33487,39020,37640,https://zsb.scau.edu.cn/gd/list.htm,https://eea.gd.gov.cn/ptgk/content/post_4746781.html,华南农业大学招生办页面提取：专业组/选科/专业/2025计划；该页面“2024年录取情况”专业最低分与位次，2023/22只发布专业最低位次；以组号连接广东省2025物理类投档表，以学校代码10564及组号连接；国际班/中外合作在广东投档表以括号名称分别列示，仍归属于同校组号。招生计划对照存在调整差异，保留两来源各自原值。
2025,广东,物理,本科批,华南农业大学,10564,210,经济管理组,物理，不限,会计学(ACCA创新实验班),39,,566,59597,312,573,43887,39745,48831,41339,https://zsb.scau.edu.cn/gd/list.htm,https://eea.gd.gov.cn/ptgk/content/post_4746781.html,华南农业大学招生办页面提取：专业组/选科/专业/2025计划；该页面“2024年录取情况”专业最低分与位次，2023/22只发布专业最低位次；以组号连接广东省2025物理类投档表，以学校代码10564及组号连接；国际班/中外合作在广东投档表以括号名称分别列示，仍归属于同校组号。招生计划对照存在调整差异，保留两来源各自原值。
2025,广东,物理,本科批,华南农业大学,10564,210,经济管理组,物理，不限,工商管理(+AI创新班),10,,566,59597,312,575,41857,39745,42512,37547,https://zsb.scau.edu.cn/gd/list.htm,https://eea.gd.gov.cn/ptgk/content/post_4746781.html,华南农业大学招生办页面提取：专业组/选科/专业/2025计划；该页面“2024年录取情况”专业最低分与位次，2023/22只发布专业最低位次；以组号连接广东省2025物理类投档表，以学校代码10564及组号连接；国际班/中外合作在广东投档表以括号名称分别列示，仍归属于同校组号。招生计划对照存在调整差异，保留两来源各自原值。
2025,广东,物理,本科批,华南农业大学,10564,210,经济管理组,物理，不限,农林经济管理(丁颖创新班),20,,566,59597,312,575,42286,38836,48173,36023,https://zsb.scau.edu.cn/gd/list.htm,https://eea.gd.gov.cn/ptgk/content/post_4746781.html,华南农业大学招生办页面提取：专业组/选科/专业/2025计划；该页面“2024年录取情况”专业最低分与位次，2023/22只发布专业最低位次；以组号连接广东省2025物理类投档表，以学校代码10564及组号连接；国际班/中外合作在广东投档表以括号名称分别列示，仍归属于同校组号。招生计划对照存在调整差异，保留两来源各自原值。
2025,广东,物理,本科批,华南农业大学,10564,210,经济管理组,物理，不限,农林经济管理(乡村振兴),20,,566,59597,312,570,47602,45727,59284,40691,https://zsb.scau.edu.cn/gd/list.htm,https://eea.gd.gov.cn/ptgk/content/post_4746781.html,华南农业大学招生办页面提取：专业组/选科/专业/2025计划；该页面“2024年录取情况”专业最低分与位次，2023/22只发布专业最低位次；以组号连接广东省2025物理类投档表，以学校代码10564及组号连接；国际班/中外合作在广东投档表以括号名称分别列示，仍归属于同校组号。招生计划对照存在调整差异，保留两来源各自原值。
2025,广东,物理,本科批,华南农业大学,10564,210,经济管理组,物理，不限,经济学,37,,566,59597,312,573,44315,40690,48800,38288,https://zsb.scau.edu.cn/gd/list.htm,https://eea.gd.gov.cn/ptgk/content/post_4746781.html,华南农业大学招生办页面提取：专业组/选科/专业/2025计划；该页面“2024年录取情况”专业最低分与位次，2023/22只发布专业最低位次；以组号连接广东省2025物理类投档表，以学校代码10564及组号连接；国际班/中外合作在广东投档表以括号名称分别列示，仍归属于同校组号。招生计划对照存在调整差异，保留两来源各自原值。
2025,广东,物理,本科批,华南农业大学,10564,210,经济管理组,物理，不限,人力资源管理(云端HR创新班),10,,566,59597,312,571,46100,44721,50640,37547,https://zsb.scau.edu.cn/gd/list.htm,https://eea.gd.gov.cn/ptgk/content/post_4746781.html,华南农业大学招生办页面提取：专业组/选科/专业/2025计划；该页面“2024年录取情况”专业最低分与位次，2023/22只发布专业最低位次；以组号连接广东省2025物理类投档表，以学校代码10564及组号连接；国际班/中外合作在广东投档表以括号名称分别列示，仍归属于同校组号。招生计划对照存在调整差异，保留两来源各自原值。
2025,广东,物理,本科批,华南农业大学,10564,210,经济管理组,物理，不限,金融学,57,,566,59597,312,570,47517,44721,52934,37259,https://zsb.scau.edu.cn/gd/list.htm,https://eea.gd.gov.cn/ptgk/content/post_4746781.html,华南农业大学招生办页面提取：专业组/选科/专业/2025计划；该页面“2024年录取情况”专业最低分与位次，2023/22只发布专业最低位次；以组号连接广东省2025物理类投档表，以学校代码10564及组号连接；国际班/中外合作在广东投档表以括号名称分别列示，仍归属于同校组号。招生计划对照存在调整差异，保留两来源各自原值。
2025,广东,物理,本科批,华南农业大学,10564,210,经济管理组,物理，不限,金融学(CFA创新实验班),39,,566,59597,312,569,48709,45727,55868,39957,https://zsb.scau.edu.cn/gd/list.htm,https://eea.gd.gov.cn/ptgk/content/post_4746781.html,华南农业大学招生办页面提取：专业组/选科/专业/2025计划；该页面“2024年录取情况”专业最低分与位次，2023/22只发布专业最低位次；以组号连接广东省2025物理类投档表，以学校代码10564及组号连接；国际班/中外合作在广东投档表以括号名称分别列示，仍归属于同校组号。招生计划对照存在调整差异，保留两来源各自原值。
2025,广东,物理,本科批,华南农业大学,10564,210,经济管理组,物理，不限,市场营销(大数据创新班),40,,566,59597,312,569,48574,46698,50502,37547,https://zsb.scau.edu.cn/gd/list.htm,https://eea.gd.gov.cn/ptgk/content/post_4746781.html,华南农业大学招生办页面提取：专业组/选科/专业/2025计划；该页面“2024年录取情况”专业最低分与位次，2023/22只发布专业最低位次；以组号连接广东省2025物理类投档表，以学校代码10564及组号连接；国际班/中外合作在广东投档表以括号名称分别列示，仍归属于同校组号。招生计划对照存在调整差异，保留两来源各自原值。
2025,广东,物理,本科批,华南农业大学,10564,211,新文科及公共管理组,物理，不限,汉语言文学,5,,567,59001,157,581,36673,36095,27265,28869,https://zsb.scau.edu.cn/gd/list.htm,https://eea.gd.gov.cn/ptgk/content/post_4746781.html,华南农业大学招生办页面提取：专业组/选科/专业/2025计划；该页面“2024年录取情况”专业最低分与位次，2023/22只发布专业最低位次；以组号连接广东省2025物理类投档表，以学校代码10564及组号连接；国际班/中外合作在广东投档表以括号名称分别列示，仍归属于同校组号。招生计划对照存在调整差异，保留两来源各自原值。
2025,广东,物理,本科批,华南农业大学,10564,211,新文科及公共管理组,物理，不限,法学,60,,567,59001,157,570,46924,36095,36942,33582,https://zsb.scau.edu.cn/gd/list.htm,https://eea.gd.gov.cn/ptgk/content/post_4746781.html,华南农业大学招生办页面提取：专业组/选科/专业/2025计划；该页面“2024年录取情况”专业最低分与位次，2023/22只发布专业最低位次；以组号连接广东省2025物理类投档表，以学校代码10564及组号连接；国际班/中外合作在广东投档表以括号名称分别列示，仍归属于同校组号。招生计划对照存在调整差异，保留两来源各自原值。
2025,广东,物理,本科批,华南农业大学,10564,211,新文科及公共管理组,物理，不限,日语,5,,567,59001,157,569,48685,43714,52176,38437,https://zsb.scau.edu.cn/gd/list.htm,https://eea.gd.gov.cn/ptgk/content/post_4746781.html,华南农业大学招生办页面提取：专业组/选科/专业/2025计划；该页面“2024年录取情况”专业最低分与位次，2023/22只发布专业最低位次；以组号连接广东省2025物理类投档表，以学校代码10564及组号连接；国际班/中外合作在广东投档表以括号名称分别列示，仍归属于同校组号。招生计划对照存在调整差异，保留两来源各自原值。
2025,广东,物理,本科批,华南农业大学,10564,211,新文科及公共管理组,物理，不限,广播电视编导,6,,567,59001,157,568,48794,42726,/,/,https://zsb.scau.edu.cn/gd/list.htm,https://eea.gd.gov.cn/ptgk/content/post_4746781.html,华南农业大学招生办页面提取：专业组/选科/专业/2025计划；该页面“2024年录取情况”专业最低分与位次，2023/22只发布专业最低位次；以组号连接广东省2025物理类投档表，以学校代码10564及组号连接；国际班/中外合作在广东投档表以括号名称分别列示，仍归属于同校组号。招生计划对照存在调整差异，保留两来源各自原值。
2025,广东,物理,本科批,华南农业大学,10564,211,新文科及公共管理组,物理，不限,劳动与社会保障,5,,567,59001,157,567,50173,48751,55472,41378,https://zsb.scau.edu.cn/gd/list.htm,https://eea.gd.gov.cn/ptgk/content/post_4746781.html,华南农业大学招生办页面提取：专业组/选科/专业/2025计划；该页面“2024年录取情况”专业最低分与位次，2023/22只发布专业最低位次；以组号连接广东省2025物理类投档表，以学校代码10564及组号连接；国际班/中外合作在广东投档表以括号名称分别列示，仍归属于同校组号。招生计划对照存在调整差异，保留两来源各自原值。
2025,广东,物理,本科批,华南农业大学,10564,211,新文科及公共管理组,物理，不限,土地资源管理,38,,567,59001,157,567,50384,47736,47311,40745,https://zsb.scau.edu.cn/gd/list.htm,https://eea.gd.gov.cn/ptgk/content/post_4746781.html,华南农业大学招生办页面提取：专业组/选科/专业/2025计划；该页面“2024年录取情况”专业最低分与位次，2023/22只发布专业最低位次；以组号连接广东省2025物理类投档表，以学校代码10564及组号连接；国际班/中外合作在广东投档表以括号名称分别列示，仍归属于同校组号。招生计划对照存在调整差异，保留两来源各自原值。
2025,广东,物理,本科批,华南农业大学,10564,211,新文科及公共管理组,物理，不限,英语,3,,567,59001,157,567,50703,46698,46391,34964,https://zsb.scau.edu.cn/gd/list.htm,https://eea.gd.gov.cn/ptgk/content/post_4746781.html,华南农业大学招生办页面提取：专业组/选科/专业/2025计划；该页面“2024年录取情况”专业最低分与位次，2023/22只发布专业最低位次；以组号连接广东省2025物理类投档表，以学校代码10564及组号连接；国际班/中外合作在广东投档表以括号名称分别列示，仍归属于同校组号。招生计划对照存在调整差异，保留两来源各自原值。
2025,广东,物理,本科批,华南农业大学,10564,211,新文科及公共管理组,物理，不限,英语(涉外法治方向),10,2025年新增专业方向,567,59001,157,,,,,,https://zsb.scau.edu.cn/gd/list.htm,https://eea.gd.gov.cn/ptgk/content/post_4746781.html,华南农业大学招生办页面提取：专业组/选科/专业/2025计划；该页面“2024年录取情况”专业最低分与位次，2023/22只发布专业最低位次；以组号连接广东省2025物理类投档表，以学校代码10564及组号连接；国际班/中外合作在广东投档表以括号名称分别列示，仍归属于同校组号。招生计划对照存在调整差异，保留两来源各自原值。
2025,广东,物理,本科批,华南农业大学,10564,211,新文科及公共管理组,物理，不限,行政管理,5,,567,59001,157,566,51110,46698,52753,41378,https://zsb.scau.edu.cn/gd/list.htm,https://eea.gd.gov.cn/ptgk/content/post_4746781.html,华南农业大学招生办页面提取：专业组/选科/专业/2025计划；该页面“2024年录取情况”专业最低分与位次，2023/22只发布专业最低位次；以组号连接广东省2025物理类投档表，以学校代码10564及组号连接；国际班/中外合作在广东投档表以括号名称分别列示，仍归属于同校组号。招生计划对照存在调整差异，保留两来源各自原值。
2025,广东,物理,本科批,华南农业大学,10564,211,新文科及公共管理组,物理，不限,公共事业管理,5,,567,59001,157,566,51204,50829,48032,41378,https://zsb.scau.edu.cn/gd/list.htm,https://eea.gd.gov.cn/ptgk/content/post_4746781.html,华南农业大学招生办页面提取：专业组/选科/专业/2025计划；该页面“2024年录取情况”专业最低分与位次，2023/22只发布专业最低位次；以组号连接广东省2025物理类投档表，以学校代码10564及组号连接；国际班/中外合作在广东投档表以括号名称分别列示，仍归属于同校组号。招生计划对照存在调整差异，保留两来源各自原值。
2025,广东,物理,本科批,华南农业大学,10564,211,新文科及公共管理组,物理，不限,社会工作,10,,567,59001,157,566,51438,48751,51148,37737,https://zsb.scau.edu.cn/gd/list.htm,https://eea.gd.gov.cn/ptgk/content/post_4746781.html,华南农业大学招生办页面提取：专业组/选科/专业/2025计划；该页面“2024年录取情况”专业最低分与位次，2023/22只发布专业最低位次；以组号连接广东省2025物理类投档表，以学校代码10564及组号连接；国际班/中外合作在广东投档表以括号名称分别列示，仍归属于同校组号。招生计划对照存在调整差异，保留两来源各自原值。
2025,广东,物理,本科批,华南农业大学,10564,213,人居环境组,物理，不限,城乡规划,10,,565,61613,82,568,49453,46698,48497,35794,https://zsb.scau.edu.cn/gd/list.htm,https://eea.gd.gov.cn/ptgk/content/post_4746781.html,华南农业大学招生办页面提取：专业组/选科/专业/2025计划；该页面“2024年录取情况”专业最低分与位次，2023/22只发布专业最低位次；以组号连接广东省2025物理类投档表，以学校代码10564及组号连接；国际班/中外合作在广东投档表以括号名称分别列示，仍归属于同校组号。招生计划对照存在调整差异，保留两来源各自原值。
2025,广东,物理,本科批,华南农业大学,10564,213,人居环境组,物理，不限,城乡规划(乡村振兴),10,,565,61613,82,566,51259,49785,50729,35108,https://zsb.scau.edu.cn/gd/list.htm,https://eea.gd.gov.cn/ptgk/content/post_4746781.html,华南农业大学招生办页面提取：专业组/选科/专业/2025计划；该页面“2024年录取情况”专业最低分与位次，2023/22只发布专业最低位次；以组号连接广东省2025物理类投档表，以学校代码10564及组号连接；国际班/中外合作在广东投档表以括号名称分别列示，仍归属于同校组号。招生计划对照存在调整差异，保留两来源各自原值。
2025,广东,物理,本科批,华南农业大学,10564,213,人居环境组,物理，不限,风景园林,15,,565,61613,82,566,51348,46698,59325,39842,https://zsb.scau.edu.cn/gd/list.htm,https://eea.gd.gov.cn/ptgk/content/post_4746781.html,华南农业大学招生办页面提取：专业组/选科/专业/2025计划；该页面“2024年录取情况”专业最低分与位次，2023/22只发布专业最低位次；以组号连接广东省2025物理类投档表，以学校代码10564及组号连接；国际班/中外合作在广东投档表以括号名称分别列示，仍归属于同校组号。招生计划对照存在调整差异，保留两来源各自原值。
2025,广东,物理,本科批,华南农业大学,10564,213,人居环境组,物理，不限,建筑学,45,,565,61613,82,564,54095,51923,59336,41190,https://zsb.scau.edu.cn/gd/list.htm,https://eea.gd.gov.cn/ptgk/content/post_4746781.html,华南农业大学招生办页面提取：专业组/选科/专业/2025计划；该页面“2024年录取情况”专业最低分与位次，2023/22只发布专业最低位次；以组号连接广东省2025物理类投档表，以学校代码10564及组号连接；国际班/中外合作在广东投档表以括号名称分别列示，仍归属于同校组号。招生计划对照存在调整差异，保留两来源各自原值。
2025,广东,物理,本科批,华南农业大学,10564,214,园林组,物理，生物,园林,33,,566,59846,33,564,53739,49785,59305,41371,https://zsb.scau.edu.cn/gd/list.htm,https://eea.gd.gov.cn/ptgk/content/post_4746781.html,华南农业大学招生办页面提取：专业组/选科/专业/2025计划；该页面“2024年录取情况”专业最低分与位次，2023/22只发布专业最低位次；以组号连接广东省2025物理类投档表，以学校代码10564及组号连接；国际班/中外合作在广东投档表以括号名称分别列示，仍归属于同校组号。招生计划对照存在调整差异，保留两来源各自原值。
2025,广东,物理,本科批,华南农业大学,10564,215,智能建造组,物理，化学,水利水电工程,40,,566,60375,67,566,51697,45727,55116,43170,https://zsb.scau.edu.cn/gd/list.htm,https://eea.gd.gov.cn/ptgk/content/post_4746781.html,华南农业大学招生办页面提取：专业组/选科/专业/2025计划；该页面“2024年录取情况”专业最低分与位次，2023/22只发布专业最低位次；以组号连接广东省2025物理类投档表，以学校代码10564及组号连接；国际班/中外合作在广东投档表以括号名称分别列示，仍归属于同校组号。招生计划对照存在调整差异，保留两来源各自原值。
2025,广东,物理,本科批,华南农业大学,10564,215,智能建造组,物理，化学,土木工程(智能建造方向),27,,566,60375,67,561,57338,55295,58795,43163,https://zsb.scau.edu.cn/gd/list.htm,https://eea.gd.gov.cn/ptgk/content/post_4746781.html,华南农业大学招生办页面提取：专业组/选科/专业/2025计划；该页面“2024年录取情况”专业最低分与位次，2023/22只发布专业最低位次；以组号连接广东省2025物理类投档表，以学校代码10564及组号连接；国际班/中外合作在广东投档表以括号名称分别列示，仍归属于同校组号。招生计划对照存在调整差异，保留两来源各自原值。
2025,广东,物理,本科批,华南农业大学,10564,216,自动化及机械工程组,物理，化学,自动化类(新工科创新实验班),30,,583,41496,561,590,29154,27085,29365,31704,https://zsb.scau.edu.cn/gd/list.htm,https://eea.gd.gov.cn/ptgk/content/post_4746781.html,华南农业大学招生办页面提取：专业组/选科/专业/2025计划；该页面“2024年录取情况”专业最低分与位次，2023/22只发布专业最低位次；以组号连接广东省2025物理类投档表，以学校代码10564及组号连接；国际班/中外合作在广东投档表以括号名称分别列示，仍归属于同校组号。招生计划对照存在调整差异，保留两来源各自原值。
2025,广东,物理,本科批,华南农业大学,10564,216,自动化及机械工程组,物理，化学,电气工程及其自动化,107,,583,41496,561,581,36865,33487,38072,37436,https://zsb.scau.edu.cn/gd/list.htm,https://eea.gd.gov.cn/ptgk/content/post_4746781.html,华南农业大学招生办页面提取：专业组/选科/专业/2025计划；该页面“2024年录取情况”专业最低分与位次，2023/22只发布专业最低位次；以组号连接广东省2025物理类投档表，以学校代码10564及组号连接；国际班/中外合作在广东投档表以括号名称分别列示，仍归属于同校组号。招生计划对照存在调整差异，保留两来源各自原值。
2025,广东,物理,本科批,华南农业大学,10564,216,自动化及机械工程组,物理，化学,农业机械化及其自动化(丁颖创新班),24,,583,41496,561,580,37207,33487,38531,36520,https://zsb.scau.edu.cn/gd/list.htm,https://eea.gd.gov.cn/ptgk/content/post_4746781.html,华南农业大学招生办页面提取：专业组/选科/专业/2025计划；该页面“2024年录取情况”专业最低分与位次，2023/22只发布专业最低位次；以组号连接广东省2025物理类投档表，以学校代码10564及组号连接；国际班/中外合作在广东投档表以括号名称分别列示，仍归属于同校组号。招生计划对照存在调整差异，保留两来源各自原值。
2025,广东,物理,本科批,华南农业大学,10564,216,自动化及机械工程组,物理，化学,农业机械化及其自动化,37,,583,41496,561,576,41476,40690,49525,42231,https://zsb.scau.edu.cn/gd/list.htm,https://eea.gd.gov.cn/ptgk/content/post_4746781.html,华南农业大学招生办页面提取：专业组/选科/专业/2025计划；该页面“2024年录取情况”专业最低分与位次，2023/22只发布专业最低位次；以组号连接广东省2025物理类投档表，以学校代码10564及组号连接；国际班/中外合作在广东投档表以括号名称分别列示，仍归属于同校组号。招生计划对照存在调整差异，保留两来源各自原值。
2025,广东,物理,本科批,华南农业大学,10564,216,自动化及机械工程组,物理，化学,机器人工程,85,,583,41496,561,578,38983,36983,33829,34584,https://zsb.scau.edu.cn/gd/list.htm,https://eea.gd.gov.cn/ptgk/content/post_4746781.html,华南农业大学招生办页面提取：专业组/选科/专业/2025计划；该页面“2024年录取情况”专业最低分与位次，2023/22只发布专业最低位次；以组号连接广东省2025物理类投档表，以学校代码10564及组号连接；国际班/中外合作在广东投档表以括号名称分别列示，仍归属于同校组号。招生计划对照存在调整差异，保留两来源各自原值。
2025,广东,物理,本科批,华南农业大学,10564,216,自动化及机械工程组,物理，化学,机械设计制造及其自动化(智能制造方向),102,,583,41496,561,577,40560,39745,43049,40446,https://zsb.scau.edu.cn/gd/list.htm,https://eea.gd.gov.cn/ptgk/content/post_4746781.html,华南农业大学招生办页面提取：专业组/选科/专业/2025计划；该页面“2024年录取情况”专业最低分与位次，2023/22只发布专业最低位次；以组号连接广东省2025物理类投档表，以学校代码10564及组号连接；国际班/中外合作在广东投档表以括号名称分别列示，仍归属于同校组号。招生计划对照存在调整差异，保留两来源各自原值。
2025,广东,物理,本科批,华南农业大学,10564,216,自动化及机械工程组,物理，化学,车辆工程,71,,583,41496,561,574,43546,42726,48179,41429,https://zsb.scau.edu.cn/gd/list.htm,https://eea.gd.gov.cn/ptgk/content/post_4746781.html,华南农业大学招生办页面提取：专业组/选科/专业/2025计划；该页面“2024年录取情况”专业最低分与位次，2023/22只发布专业最低位次；以组号连接广东省2025物理类投档表，以学校代码10564及组号连接；国际班/中外合作在广东投档表以括号名称分别列示，仍归属于同校组号。招生计划对照存在调整差异，保留两来源各自原值。
2025,广东,物理,本科批,华南农业大学,10564,216,自动化及机械工程组,物理，化学,工业设计,47,,583,41496,561,574,43603,41720,51883,40938,https://zsb.scau.edu.cn/gd/list.htm,https://eea.gd.gov.cn/ptgk/content/post_4746781.html,华南农业大学招生办页面提取：专业组/选科/专业/2025计划；该页面“2024年录取情况”专业最低分与位次，2023/22只发布专业最低位次；以组号连接广东省2025物理类投档表，以学校代码10564及组号连接；国际班/中外合作在广东投档表以括号名称分别列示，仍归属于同校组号。招生计划对照存在调整差异，保留两来源各自原值。
2025,广东,物理,本科批,华南农业大学,10564,216,自动化及机械工程组,物理，化学,能源与环境系统工程,52,,583,41496,561,574,43607,41720,49879,41270,https://zsb.scau.edu.cn/gd/list.htm,https://eea.gd.gov.cn/ptgk/content/post_4746781.html,华南农业大学招生办页面提取：专业组/选科/专业/2025计划；该页面“2024年录取情况”专业最低分与位次，2023/22只发布专业最低位次；以组号连接广东省2025物理类投档表，以学校代码10564及组号连接；国际班/中外合作在广东投档表以括号名称分别列示，仍归属于同校组号。招生计划对照存在调整差异，保留两来源各自原值。
2025,广东,物理,本科批,华南农业大学,10564,217,大数据与数学统计学组,物理，化学,数据科学与大数据技术,53,,577,47222,461,579,38126,36095,35171,30039,https://zsb.scau.edu.cn/gd/list.htm,https://eea.gd.gov.cn/ptgk/content/post_4746781.html,华南农业大学招生办页面提取：专业组/选科/专业/2025计划；该页面“2024年录取情况”专业最低分与位次，2023/22只发布专业最低位次；以组号连接广东省2025物理类投档表，以学校代码10564及组号连接；国际班/中外合作在广东投档表以括号名称分别列示，仍归属于同校组号。招生计划对照存在调整差异，保留两来源各自原值。
2025,广东,物理,本科批,华南农业大学,10564,217,大数据与数学统计学组,物理，化学,大数据管理与应用,54,,577,47222,461,576,40979,39745,36452,31391,https://zsb.scau.edu.cn/gd/list.htm,https://eea.gd.gov.cn/ptgk/content/post_4746781.html,华南农业大学招生办页面提取：专业组/选科/专业/2025计划；该页面“2024年录取情况”专业最低分与位次，2023/22只发布专业最低位次；以组号连接广东省2025物理类投档表，以学校代码10564及组号连接；国际班/中外合作在广东投档表以括号名称分别列示，仍归属于同校组号。招生计划对照存在调整差异，保留两来源各自原值。
2025,广东,物理,本科批,华南农业大学,10564,217,大数据与数学统计学组,物理，化学,数学与应用数学,60,,577,47222,461,573,44018,38836,39216,34823,https://zsb.scau.edu.cn/gd/list.htm,https://eea.gd.gov.cn/ptgk/content/post_4746781.html,华南农业大学招生办页面提取：专业组/选科/专业/2025计划；该页面“2024年录取情况”专业最低分与位次，2023/22只发布专业最低位次；以组号连接广东省2025物理类投档表，以学校代码10564及组号连接；国际班/中外合作在广东投档表以括号名称分别列示，仍归属于同校组号。招生计划对照存在调整差异，保留两来源各自原值。
2025,广东,物理,本科批,华南农业大学,10564,217,大数据与数学统计学组,物理，化学,数学与应用数学(长基计划创新班),30,2025年新增专业方向,577,47222,461,,,,,,https://zsb.scau.edu.cn/gd/list.htm,https://eea.gd.gov.cn/ptgk/content/post_4746781.html,华南农业大学招生办页面提取：专业组/选科/专业/2025计划；该页面“2024年录取情况”专业最低分与位次，2023/22只发布专业最低位次；以组号连接广东省2025物理类投档表，以学校代码10564及组号连接；国际班/中外合作在广东投档表以括号名称分别列示，仍归属于同校组号。招生计划对照存在调整差异，保留两来源各自原值。
2025,广东,物理,本科批,华南农业大学,10564,217,大数据与数学统计学组,物理，化学,信息与计算科学,56,,577,47222,461,572,44843,42726,39032,38407,https://zsb.scau.edu.cn/gd/list.htm,https://eea.gd.gov.cn/ptgk/content/post_4746781.html,华南农业大学招生办页面提取：专业组/选科/专业/2025计划；该页面“2024年录取情况”专业最低分与位次，2023/22只发布专业最低位次；以组号连接广东省2025物理类投档表，以学校代码10564及组号连接；国际班/中外合作在广东投档表以括号名称分别列示，仍归属于同校组号。招生计划对照存在调整差异，保留两来源各自原值。
2025,广东,物理,本科批,华南农业大学,10564,217,大数据与数学统计学组,物理，化学,信息与计算科学(卓越创新班),30,2025年新增专业方向,577,47222,461,,,,,,https://zsb.scau.edu.cn/gd/list.htm,https://eea.gd.gov.cn/ptgk/content/post_4746781.html,华南农业大学招生办页面提取：专业组/选科/专业/2025计划；该页面“2024年录取情况”专业最低分与位次，2023/22只发布专业最低位次；以组号连接广东省2025物理类投档表，以学校代码10564及组号连接；国际班/中外合作在广东投档表以括号名称分别列示，仍归属于同校组号。招生计划对照存在调整差异，保留两来源各自原值。
2025,广东,物理,本科批,华南农业大学,10564,217,大数据与数学统计学组,物理，化学,统计学,60,,577,47222,461,572,45410,42726,48622,38807,https://zsb.scau.edu.cn/gd/list.htm,https://eea.gd.gov.cn/ptgk/content/post_4746781.html,华南农业大学招生办页面提取：专业组/选科/专业/2025计划；该页面“2024年录取情况”专业最低分与位次，2023/22只发布专业最低位次；以组号连接广东省2025物理类投档表，以学校代码10564及组号连接；国际班/中外合作在广东投档表以括号名称分别列示，仍归属于同校组号。招生计划对照存在调整差异，保留两来源各自原值。
2025,广东,物理,本科批,华南农业大学,10564,217,大数据与数学统计学组,物理，化学,信息管理与信息系统,109,,577,47222,461,571,46082,44721,39429,40189,https://zsb.scau.edu.cn/gd/list.htm,https://eea.gd.gov.cn/ptgk/content/post_4746781.html,华南农业大学招生办页面提取：专业组/选科/专业/2025计划；该页面“2024年录取情况”专业最低分与位次，2023/22只发布专业最低位次；以组号连接广东省2025物理类投档表，以学校代码10564及组号连接；国际班/中外合作在广东投档表以括号名称分别列示，仍归属于同校组号。招生计划对照存在调整差异，保留两来源各自原值。
2025,广东,物理,本科批,华南农业大学,10564,218,IT组,物理，化学,计算机科学与技术,179,,589,35806,453,587,31417,28643,27967,28149,https://zsb.scau.edu.cn/gd/list.htm,https://eea.gd.gov.cn/ptgk/content/post_4746781.html,华南农业大学招生办页面提取：专业组/选科/专业/2025计划；该页面“2024年录取情况”专业最低分与位次，2023/22只发布专业最低位次；以组号连接广东省2025物理类投档表，以学校代码10564及组号连接；国际班/中外合作在广东投档表以括号名称分别列示，仍归属于同校组号。招生计划对照存在调整差异，保留两来源各自原值。
2025,广东,物理,本科批,华南农业大学,10564,218,IT组,物理，化学,计算机科学与技术(温氏创新班),30,2025年新增专业方向,589,35806,453,,,,,,https://zsb.scau.edu.cn/gd/list.htm,https://eea.gd.gov.cn/ptgk/content/post_4746781.html,华南农业大学招生办页面提取：专业组/选科/专业/2025计划；该页面“2024年录取情况”专业最低分与位次，2023/22只发布专业最低位次；以组号连接广东省2025物理类投档表，以学校代码10564及组号连接；国际班/中外合作在广东投档表以括号名称分别列示，仍归属于同校组号。招生计划对照存在调整差异，保留两来源各自原值。
2025,广东,物理,本科批,华南农业大学,10564,218,IT组,物理，化学,软件工程,210,,589,35806,453,585,33470,32668,31770,30923,https://zsb.scau.edu.cn/gd/list.htm,https://eea.gd.gov.cn/ptgk/content/post_4746781.html,华南农业大学招生办页面提取：专业组/选科/专业/2025计划；该页面“2024年录取情况”专业最低分与位次，2023/22只发布专业最低位次；以组号连接广东省2025物理类投档表，以学校代码10564及组号连接；国际班/中外合作在广东投档表以括号名称分别列示，仍归属于同校组号。招生计划对照存在调整差异，保留两来源各自原值。
2025,广东,物理,本科批,华南农业大学,10564,218,IT组,物理，化学,软件工程(卓越软件工程师班),30,2025年新增专业方向,589,35806,453,,,,,,https://zsb.scau.edu.cn/gd/list.htm,https://eea.gd.gov.cn/ptgk/content/post_4746781.html,华南农业大学招生办页面提取：专业组/选科/专业/2025计划；该页面“2024年录取情况”专业最低分与位次，2023/22只发布专业最低位次；以组号连接广东省2025物理类投档表，以学校代码10564及组号连接；国际班/中外合作在广东投档表以括号名称分别列示，仍归属于同校组号。招生计划对照存在调整差异，保留两来源各自原值。
2025,广东,物理,本科批,华南农业大学,10564,219,人工智能与集成电路组,物理，化学,人工智能,59,,586,38309,478,583,34491,33487,32294,31203,https://zsb.scau.edu.cn/gd/list.htm,https://eea.gd.gov.cn/ptgk/content/post_4746781.html,华南农业大学招生办页面提取：专业组/选科/专业/2025计划；该页面“2024年录取情况”专业最低分与位次，2023/22只发布专业最低位次；以组号连接广东省2025物理类投档表，以学校代码10564及组号连接；国际班/中外合作在广东投档表以括号名称分别列示，仍归属于同校组号。招生计划对照存在调整差异，保留两来源各自原值。
2025,广东,物理,本科批,华南农业大学,10564,219,人工智能与集成电路组,物理，化学,人工智能（昇腾AI智创班）,30,2025年新增专业方向,586,38309,478,,,,,,https://zsb.scau.edu.cn/gd/list.htm,https://eea.gd.gov.cn/ptgk/content/post_4746781.html,华南农业大学招生办页面提取：专业组/选科/专业/2025计划；该页面“2024年录取情况”专业最低分与位次，2023/22只发布专业最低位次；以组号连接广东省2025物理类投档表，以学校代码10564及组号连接；国际班/中外合作在广东投档表以括号名称分别列示，仍归属于同校组号。招生计划对照存在调整差异，保留两来源各自原值。
2025,广东,物理,本科批,华南农业大学,10564,219,人工智能与集成电路组,物理，化学,电子信息工程,92,,586,38309,478,583,34891,32668,32585,33655,https://zsb.scau.edu.cn/gd/list.htm,https://eea.gd.gov.cn/ptgk/content/post_4746781.html,华南农业大学招生办页面提取：专业组/选科/专业/2025计划；该页面“2024年录取情况”专业最低分与位次，2023/22只发布专业最低位次；以组号连接广东省2025物理类投档表，以学校代码10564及组号连接；国际班/中外合作在广东投档表以括号名称分别列示，仍归属于同校组号。招生计划对照存在调整差异，保留两来源各自原值。
2025,广东,物理,本科批,华南农业大学,10564,219,人工智能与集成电路组,物理，化学,电子信息工程（数字技术创新班）,30,2025年新增专业方向,586,38309,478,,,,,,https://zsb.scau.edu.cn/gd/list.htm,https://eea.gd.gov.cn/ptgk/content/post_4746781.html,华南农业大学招生办页面提取：专业组/选科/专业/2025计划；该页面“2024年录取情况”专业最低分与位次，2023/22只发布专业最低位次；以组号连接广东省2025物理类投档表，以学校代码10564及组号连接；国际班/中外合作在广东投档表以括号名称分别列示，仍归属于同校组号。招生计划对照存在调整差异，保留两来源各自原值。
2025,广东,物理,本科批,华南农业大学,10564,219,人工智能与集成电路组,物理，化学,集成电路设计与集成系统,59,2025年新增专业,586,38309,478,,,,,,https://zsb.scau.edu.cn/gd/list.htm,https://eea.gd.gov.cn/ptgk/content/post_4746781.html,华南农业大学招生办页面提取：专业组/选科/专业/2025计划；该页面“2024年录取情况”专业最低分与位次，2023/22只发布专业最低位次；以组号连接广东省2025物理类投档表，以学校代码10564及组号连接；国际班/中外合作在广东投档表以括号名称分别列示，仍归属于同校组号。招生计划对照存在调整差异，保留两来源各自原值。
2025,广东,物理,本科批,华南农业大学,10564,219,人工智能与集成电路组,物理，化学,集成电路设计与集成系统（龙芯中科班）,30,2025年新增专业,586,38309,478,,,,,,https://zsb.scau.edu.cn/gd/list.htm,https://eea.gd.gov.cn/ptgk/content/post_4746781.html,华南农业大学招生办页面提取：专业组/选科/专业/2025计划；该页面“2024年录取情况”专业最低分与位次，2023/22只发布专业最低位次；以组号连接广东省2025物理类投档表，以学校代码10564及组号连接；国际班/中外合作在广东投档表以括号名称分别列示，仍归属于同校组号。招生计划对照存在调整差异，保留两来源各自原值。
2025,广东,物理,本科批,华南农业大学,10564,219,人工智能与集成电路组,物理，化学,电子信息科学与技术,89,,586,38309,478,581,36728,36095,34843,35458,https://zsb.scau.edu.cn/gd/list.htm,https://eea.gd.gov.cn/ptgk/content/post_4746781.html,华南农业大学招生办页面提取：专业组/选科/专业/2025计划；该页面“2024年录取情况”专业最低分与位次，2023/22只发布专业最低位次；以组号连接广东省2025物理类投档表，以学校代码10564及组号连接；国际班/中外合作在广东投档表以括号名称分别列示，仍归属于同校组号。招生计划对照存在调整差异，保留两来源各自原值。
2025,广东,物理,本科批,华南农业大学,10564,219,人工智能与集成电路组,物理，化学,光电信息科学与工程,84,,586,38309,478,580,37202,36983,35131,35798,https://zsb.scau.edu.cn/gd/list.htm,https://eea.gd.gov.cn/ptgk/content/post_4746781.html,华南农业大学招生办页面提取：专业组/选科/专业/2025计划；该页面“2024年录取情况”专业最低分与位次，2023/22只发布专业最低位次；以组号连接广东省2025物理类投档表，以学校代码10564及组号连接；国际班/中外合作在广东投档表以括号名称分别列示，仍归属于同校组号。招生计划对照存在调整差异，保留两来源各自原值。
2025,广东,物理,本科批,华南农业大学,10564,220,食品科学与安全组,物理，化学,食品科学与工程(丁颖创新班),27,,574,50998,171,585,33219,30165,30510,30384,https://zsb.scau.edu.cn/gd/list.htm,https://eea.gd.gov.cn/ptgk/content/post_4746781.html,华南农业大学招生办页面提取：专业组/选科/专业/2025计划；该页面“2024年录取情况”专业最低分与位次，2023/22只发布专业最低位次；以组号连接广东省2025物理类投档表，以学校代码10564及组号连接；国际班/中外合作在广东投档表以括号名称分别列示，仍归属于同校组号。招生计划对照存在调整差异，保留两来源各自原值。
2025,广东,物理,本科批,华南农业大学,10564,220,食品科学与安全组,物理，化学,食品科学与工程,62,,574,50998,171,574,43349,37889,35397,35701,https://zsb.scau.edu.cn/gd/list.htm,https://eea.gd.gov.cn/ptgk/content/post_4746781.html,华南农业大学招生办页面提取：专业组/选科/专业/2025计划；该页面“2024年录取情况”专业最低分与位次，2023/22只发布专业最低位次；以组号连接广东省2025物理类投档表，以学校代码10564及组号连接；国际班/中外合作在广东投档表以括号名称分别列示，仍归属于同校组号。招生计划对照存在调整差异，保留两来源各自原值。
2025,广东,物理,本科批,华南农业大学,10564,220,食品科学与安全组,物理，化学,食品质量与安全,30,,574,50998,171,567,50287,46698,38145,38728,https://zsb.scau.edu.cn/gd/list.htm,https://eea.gd.gov.cn/ptgk/content/post_4746781.html,华南农业大学招生办页面提取：专业组/选科/专业/2025计划；该页面“2024年录取情况”专业最低分与位次，2023/22只发布专业最低位次；以组号连接广东省2025物理类投档表，以学校代码10564及组号连接；国际班/中外合作在广东投档表以括号名称分别列示，仍归属于同校组号。招生计划对照存在调整差异，保留两来源各自原值。
2025,广东,物理,本科批,华南农业大学,10564,220,食品科学与安全组,物理，化学,食品质量与安全(数智化创新班),30,2025年新增专业方向,574,50998,171,,,,,,https://zsb.scau.edu.cn/gd/list.htm,https://eea.gd.gov.cn/ptgk/content/post_4746781.html,华南农业大学招生办页面提取：专业组/选科/专业/2025计划；该页面“2024年录取情况”专业最低分与位次，2023/22只发布专业最低位次；以组号连接广东省2025物理类投档表，以学校代码10564及组号连接；国际班/中外合作在广东投档表以括号名称分别列示，仍归属于同校组号。招生计划对照存在调整差异，保留两来源各自原值。
2025,广东,物理,本科批,华南农业大学,10564,220,食品科学与安全组,物理，化学,包装工程,5,,574,50998,171,567,50362,46698,43330,43849,https://zsb.scau.edu.cn/gd/list.htm,https://eea.gd.gov.cn/ptgk/content/post_4746781.html,华南农业大学招生办页面提取：专业组/选科/专业/2025计划；该页面“2024年录取情况”专业最低分与位次，2023/22只发布专业最低位次；以组号连接广东省2025物理类投档表，以学校代码10564及组号连接；国际班/中外合作在广东投档表以括号名称分别列示，仍归属于同校组号。招生计划对照存在调整差异，保留两来源各自原值。
2025,广东,物理,本科批,华南农业大学,10564,220,食品科学与安全组,物理，化学,生物工程,15,,574,50998,171,567,50393,46698,43306,40880,https://zsb.scau.edu.cn/gd/list.htm,https://eea.gd.gov.cn/ptgk/content/post_4746781.html,华南农业大学招生办页面提取：专业组/选科/专业/2025计划；该页面“2024年录取情况”专业最低分与位次，2023/22只发布专业最低位次；以组号连接广东省2025物理类投档表，以学校代码10564及组号连接；国际班/中外合作在广东投档表以括号名称分别列示，仍归属于同校组号。招生计划对照存在调整差异，保留两来源各自原值。
2025,广东,物理,本科批,华南农业大学,10564,221,生命科学与生态保护组,物理，化学,生物科学(生物学理科基地班),42,,575,49648,131,578,39613,36095,32309,32614,https://zsb.scau.edu.cn/gd/list.htm,https://eea.gd.gov.cn/ptgk/content/post_4746781.html,华南农业大学招生办页面提取：专业组/选科/专业/2025计划；该页面“2024年录取情况”专业最低分与位次，2023/22只发布专业最低位次；以组号连接广东省2025物理类投档表，以学校代码10564及组号连接；国际班/中外合作在广东投档表以括号名称分别列示，仍归属于同校组号。招生计划对照存在调整差异，保留两来源各自原值。
2025,广东,物理,本科批,华南农业大学,10564,221,生命科学与生态保护组,物理，化学,生物科学,30,,575,49648,131,572,45611,42726,38948,38643,https://zsb.scau.edu.cn/gd/list.htm,https://eea.gd.gov.cn/ptgk/content/post_4746781.html,华南农业大学招生办页面提取：专业组/选科/专业/2025计划；该页面“2024年录取情况”专业最低分与位次，2023/22只发布专业最低位次；以组号连接广东省2025物理类投档表，以学校代码10564及组号连接；国际班/中外合作在广东投档表以括号名称分别列示，仍归属于同校组号。招生计划对照存在调整差异，保留两来源各自原值。
2025,广东,物理,本科批,华南农业大学,10564,221,生命科学与生态保护组,物理，化学,生物技术,27,,575,49648,131,571,46063,41720,38062,39968,https://zsb.scau.edu.cn/gd/list.htm,https://eea.gd.gov.cn/ptgk/content/post_4746781.html,华南农业大学招生办页面提取：专业组/选科/专业/2025计划；该页面“2024年录取情况”专业最低分与位次，2023/22只发布专业最低位次；以组号连接广东省2025物理类投档表，以学校代码10564及组号连接；国际班/中外合作在广东投档表以括号名称分别列示，仍归属于同校组号。招生计划对照存在调整差异，保留两来源各自原值。
2025,广东,物理,本科批,华南农业大学,10564,221,生命科学与生态保护组,物理，化学,生态学,12,,575,49648,131,569,47944,46698,40670,41012,https://zsb.scau.edu.cn/gd/list.htm,https://eea.gd.gov.cn/ptgk/content/post_4746781.html,华南农业大学招生办页面提取：专业组/选科/专业/2025计划；该页面“2024年录取情况”专业最低分与位次，2023/22只发布专业最低位次；以组号连接广东省2025物理类投档表，以学校代码10564及组号连接；国际班/中外合作在广东投档表以括号名称分别列示，仍归属于同校组号。招生计划对照存在调整差异，保留两来源各自原值。
2025,广东,物理,本科批,华南农业大学,10564,221,生命科学与生态保护组,物理，化学,生物育种科学(植物育种),7,,575,49648,131,570,47310,45727,40487,/,https://zsb.scau.edu.cn/gd/list.htm,https://eea.gd.gov.cn/ptgk/content/post_4746781.html,华南农业大学招生办页面提取：专业组/选科/专业/2025计划；该页面“2024年录取情况”专业最低分与位次，2023/22只发布专业最低位次；以组号连接广东省2025物理类投档表，以学校代码10564及组号连接；国际班/中外合作在广东投档表以括号名称分别列示，仍归属于同校组号。招生计划对照存在调整差异，保留两来源各自原值。
2025,广东,物理,本科批,华南农业大学,10564,221,生命科学与生态保护组,物理，化学,生物育种科学(动物育种),10,,575,49648,131,569,48091,46698,/,/,https://zsb.scau.edu.cn/gd/list.htm,https://eea.gd.gov.cn/ptgk/content/post_4746781.html,华南农业大学招生办页面提取：专业组/选科/专业/2025计划；该页面“2024年录取情况”专业最低分与位次，2023/22只发布专业最低位次；以组号连接广东省2025物理类投档表，以学校代码10564及组号连接；国际班/中外合作在广东投档表以括号名称分别列示，仍归属于同校组号。招生计划对照存在调整差异，保留两来源各自原值。
2025,广东,物理,本科批,华南农业大学,10564,222,材料与能源组,物理，化学,生物质能源与材料,15,,573,51860,174,570,46842,40690,/,/,https://zsb.scau.edu.cn/gd/list.htm,https://eea.gd.gov.cn/ptgk/content/post_4746781.html,华南农业大学招生办页面提取：专业组/选科/专业/2025计划；该页面“2024年录取情况”专业最低分与位次，2023/22只发布专业最低位次；以组号连接广东省2025物理类投档表，以学校代码10564及组号连接；国际班/中外合作在广东投档表以括号名称分别列示，仍归属于同校组号。招生计划对照存在调整差异，保留两来源各自原值。
2025,广东,物理,本科批,华南农业大学,10564,222,材料与能源组,物理，化学,应用化学,35,,573,51860,174,569,48045,43714,42979,43352,https://zsb.scau.edu.cn/gd/list.htm,https://eea.gd.gov.cn/ptgk/content/post_4746781.html,华南农业大学招生办页面提取：专业组/选科/专业/2025计划；该页面“2024年录取情况”专业最低分与位次，2023/22只发布专业最低位次；以组号连接广东省2025物理类投档表，以学校代码10564及组号连接；国际班/中外合作在广东投档表以括号名称分别列示，仍归属于同校组号。招生计划对照存在调整差异，保留两来源各自原值。
2025,广东,物理,本科批,华南农业大学,10564,222,材料与能源组,物理，化学,材料科学与工程,30,,573,51860,174,568,49343,46698,51672,43120,https://zsb.scau.edu.cn/gd/list.htm,https://eea.gd.gov.cn/ptgk/content/post_4746781.html,华南农业大学招生办页面提取：专业组/选科/专业/2025计划；该页面“2024年录取情况”专业最低分与位次，2023/22只发布专业最低位次；以组号连接广东省2025物理类投档表，以学校代码10564及组号连接；国际班/中外合作在广东投档表以括号名称分别列示，仍归属于同校组号。招生计划对照存在调整差异，保留两来源各自原值。
2025,广东,物理,本科批,华南农业大学,10564,222,材料与能源组,物理，化学,制药工程,29,,573,51860,174,567,49799,46698,49497,42441,https://zsb.scau.edu.cn/gd/list.htm,https://eea.gd.gov.cn/ptgk/content/post_4746781.html,华南农业大学招生办页面提取：专业组/选科/专业/2025计划；该页面“2024年录取情况”专业最低分与位次，2023/22只发布专业最低位次；以组号连接广东省2025物理类投档表，以学校代码10564及组号连接；国际班/中外合作在广东投档表以括号名称分别列示，仍归属于同校组号。招生计划对照存在调整差异，保留两来源各自原值。
2025,广东,物理,本科批,华南农业大学,10564,222,材料与能源组,物理，化学,材料化学,33,,573,51860,174,566,51127,49785,58543,43153,https://zsb.scau.edu.cn/gd/list.htm,https://eea.gd.gov.cn/ptgk/content/post_4746781.html,华南农业大学招生办页面提取：专业组/选科/专业/2025计划；该页面“2024年录取情况”专业最低分与位次，2023/22只发布专业最低位次；以组号连接广东省2025物理类投档表，以学校代码10564及组号连接；国际班/中外合作在广东投档表以括号名称分别列示，仍归属于同校组号。招生计划对照存在调整差异，保留两来源各自原值。
2025,广东,物理,本科批,华南农业大学,10564,222,材料与能源组,物理，化学,木材科学与工程,10,,573,51860,174,566,51496,50829,59460,42735,https://zsb.scau.edu.cn/gd/list.htm,https://eea.gd.gov.cn/ptgk/content/post_4746781.html,华南农业大学招生办页面提取：专业组/选科/专业/2025计划；该页面“2024年录取情况”专业最低分与位次，2023/22只发布专业最低位次；以组号连接广东省2025物理类投档表，以学校代码10564及组号连接；国际班/中外合作在广东投档表以括号名称分别列示，仍归属于同校组号。招生计划对照存在调整差异，保留两来源各自原值。
2025,广东,物理,本科批,华南农业大学,10564,222,材料与能源组,物理，化学,家具设计与工程(索菲亚班),19,,573,51860,174,566,51573,50829,59426,43083,https://zsb.scau.edu.cn/gd/list.htm,https://eea.gd.gov.cn/ptgk/content/post_4746781.html,华南农业大学招生办页面提取：专业组/选科/专业/2025计划；该页面“2024年录取情况”专业最低分与位次，2023/22只发布专业最低位次；以组号连接广东省2025物理类投档表，以学校代码10564及组号连接；国际班/中外合作在广东投档表以括号名称分别列示，仍归属于同校组号。招生计划对照存在调整差异，保留两来源各自原值。
2025,广东,物理,本科批,华南农业大学,10564,223,空间数据及环境科学组,物理，化学,地理信息科学(空间大数据分析),66,,569,55825,155,563,54991,48751,41579,40869,https://zsb.scau.edu.cn/gd/list.htm,https://eea.gd.gov.cn/ptgk/content/post_4746781.html,华南农业大学招生办页面提取：专业组/选科/专业/2025计划；该页面“2024年录取情况”专业最低分与位次，2023/22只发布专业最低位次；以组号连接广东省2025物理类投档表，以学校代码10564及组号连接；国际班/中外合作在广东投档表以括号名称分别列示，仍归属于同校组号。招生计划对照存在调整差异，保留两来源各自原值。
2025,广东,物理,本科批,华南农业大学,10564,223,空间数据及环境科学组,物理，化学,环境科学,12,,569,55825,155,563,55148,50829,59257,43123,https://zsb.scau.edu.cn/gd/list.htm,https://eea.gd.gov.cn/ptgk/content/post_4746781.html,华南农业大学招生办页面提取：专业组/选科/专业/2025计划；该页面“2024年录取情况”专业最低分与位次，2023/22只发布专业最低位次；以组号连接广东省2025物理类投档表，以学校代码10564及组号连接；国际班/中外合作在广东投档表以括号名称分别列示，仍归属于同校组号。招生计划对照存在调整差异，保留两来源各自原值。
2025,广东,物理,本科批,华南农业大学,10564,223,空间数据及环境科学组,物理，化学,农业资源与环境,5,,569,55825,155,563,54858,54134,43667,44806,https://zsb.scau.edu.cn/gd/list.htm,https://eea.gd.gov.cn/ptgk/content/post_4746781.html,华南农业大学招生办页面提取：专业组/选科/专业/2025计划；该页面“2024年录取情况”专业最低分与位次，2023/22只发布专业最低位次；以组号连接广东省2025物理类投档表，以学校代码10564及组号连接；国际班/中外合作在广东投档表以括号名称分别列示，仍归属于同校组号。招生计划对照存在调整差异，保留两来源各自原值。
2025,广东,物理,本科批,华南农业大学,10564,223,空间数据及环境科学组,物理，化学,农业资源与环境(低碳农业),10,,569,55825,155,563,55159,49785,46025,44806,https://zsb.scau.edu.cn/gd/list.htm,https://eea.gd.gov.cn/ptgk/content/post_4746781.html,华南农业大学招生办页面提取：专业组/选科/专业/2025计划；该页面“2024年录取情况”专业最低分与位次，2023/22只发布专业最低位次；以组号连接广东省2025物理类投档表，以学校代码10564及组号连接；国际班/中外合作在广东投档表以括号名称分别列示，仍归属于同校组号。招生计划对照存在调整差异，保留两来源各自原值。
2025,广东,物理,本科批,华南农业大学,10564,223,空间数据及环境科学组,物理，化学,环境工程,17,,569,55825,155,562,55654,53027,57361,43156,https://zsb.scau.edu.cn/gd/list.htm,https://eea.gd.gov.cn/ptgk/content/post_4746781.html,华南农业大学招生办页面提取：专业组/选科/专业/2025计划；该页面“2024年录取情况”专业最低分与位次，2023/22只发布专业最低位次；以组号连接广东省2025物理类投档表，以学校代码10564及组号连接；国际班/中外合作在广东投档表以括号名称分别列示，仍归属于同校组号。招生计划对照存在调整差异，保留两来源各自原值。
2025,广东,物理,本科批,华南农业大学,10564,223,空间数据及环境科学组,物理，化学,测绘工程(数据智能感知),17,,569,55825,155,562,56119,54134,57431,43093,https://zsb.scau.edu.cn/gd/list.htm,https://eea.gd.gov.cn/ptgk/content/post_4746781.html,华南农业大学招生办页面提取：专业组/选科/专业/2025计划；该页面“2024年录取情况”专业最低分与位次，2023/22只发布专业最低位次；以组号连接广东省2025物理类投档表，以学校代码10564及组号连接；国际班/中外合作在广东投档表以括号名称分别列示，仍归属于同校组号。招生计划对照存在调整差异，保留两来源各自原值。
2025,广东,物理,本科批,华南农业大学,10564,223,空间数据及环境科学组,物理，化学,海洋科学,25,,569,55825,155,562,56126,54134,58445,42963,https://zsb.scau.edu.cn/gd/list.htm,https://eea.gd.gov.cn/ptgk/content/post_4746781.html,华南农业大学招生办页面提取：专业组/选科/专业/2025计划；该页面“2024年录取情况”专业最低分与位次，2023/22只发布专业最低位次；以组号连接广东省2025物理类投档表，以学校代码10564及组号连接；国际班/中外合作在广东投档表以括号名称分别列示，仍归属于同校组号。招生计划对照存在调整差异，保留两来源各自原值。
2025,广东,物理,本科批,华南农业大学,10564,230,动物生产与健康创新班组,物理，化学,动物医学(丁颖创新班),21,,593,32245,36,590,29098,24886,25294,28695,https://zsb.scau.edu.cn/gd/list.htm,https://eea.gd.gov.cn/ptgk/content/post_4746781.html,华南农业大学招生办页面提取：专业组/选科/专业/2025计划；该页面“2024年录取情况”专业最低分与位次，2023/22只发布专业最低位次；以组号连接广东省2025物理类投档表，以学校代码10564及组号连接；国际班/中外合作在广东投档表以括号名称分别列示，仍归属于同校组号。招生计划对照存在调整差异，保留两来源各自原值。
2025,广东,物理,本科批,华南农业大学,10564,230,动物生产与健康创新班组,物理，化学,动物科学(丁颖创新班),15,,593,32245,36,586,32008,30165,28314,/,https://zsb.scau.edu.cn/gd/list.htm,https://eea.gd.gov.cn/ptgk/content/post_4746781.html,华南农业大学招生办页面提取：专业组/选科/专业/2025计划；该页面“2024年录取情况”专业最低分与位次，2023/22只发布专业最低位次；以组号连接广东省2025物理类投档表，以学校代码10564及组号连接；国际班/中外合作在广东投档表以括号名称分别列示，仍归属于同校组号。招生计划对照存在调整差异，保留两来源各自原值。
2025,广东,物理,本科批,华南农业大学,10564,231,动物生产与健康组,物理，化学,动物医学(温氏班),20,,571,53856,152,585,32890,30165,34443,40913,https://zsb.scau.edu.cn/gd/list.htm,https://eea.gd.gov.cn/ptgk/content/post_4746781.html,华南农业大学招生办页面提取：专业组/选科/专业/2025计划；该页面“2024年录取情况”专业最低分与位次，2023/22只发布专业最低位次；以组号连接广东省2025物理类投档表，以学校代码10564及组号连接；国际班/中外合作在广东投档表以括号名称分别列示，仍归属于同校组号。招生计划对照存在调整差异，保留两来源各自原值。
2025,广东,物理,本科批,华南农业大学,10564,231,动物生产与健康组,物理，化学,动物医学,50,,571,53856,152,574,43415,37889,39277,42031,https://zsb.scau.edu.cn/gd/list.htm,https://eea.gd.gov.cn/ptgk/content/post_4746781.html,华南农业大学招生办页面提取：专业组/选科/专业/2025计划；该页面“2024年录取情况”专业最低分与位次，2023/22只发布专业最低位次；以组号连接广东省2025物理类投档表，以学校代码10564及组号连接；国际班/中外合作在广东投档表以括号名称分别列示，仍归属于同校组号。招生计划对照存在调整差异，保留两来源各自原值。
2025,广东,物理,本科批,华南农业大学,10564,231,动物生产与健康组,物理，化学,动物科学(温氏班),8,,571,53856,152,578,39137,37889,39231,/,https://zsb.scau.edu.cn/gd/list.htm,https://eea.gd.gov.cn/ptgk/content/post_4746781.html,华南农业大学招生办页面提取：专业组/选科/专业/2025计划；该页面“2024年录取情况”专业最低分与位次，2023/22只发布专业最低位次；以组号连接广东省2025物理类投档表，以学校代码10564及组号连接；国际班/中外合作在广东投档表以括号名称分别列示，仍归属于同校组号。招生计划对照存在调整差异，保留两来源各自原值。
2025,广东,物理,本科批,华南农业大学,10564,231,动物生产与健康组,物理，化学,动物科学,22,,571,53856,152,566,51092,48751,42081,45647,https://zsb.scau.edu.cn/gd/list.htm,https://eea.gd.gov.cn/ptgk/content/post_4746781.html,华南农业大学招生办页面提取：专业组/选科/专业/2025计划；该页面“2024年录取情况”专业最低分与位次，2023/22只发布专业最低位次；以组号连接广东省2025物理类投档表，以学校代码10564及组号连接；国际班/中外合作在广东投档表以括号名称分别列示，仍归属于同校组号。招生计划对照存在调整差异，保留两来源各自原值。
2025,广东,物理,本科批,华南农业大学,10564,231,动物生产与健康组,物理，化学,国家公园建设与管理(长隆班),15,2025年新增专业,571,53856,152,,,,,,https://zsb.scau.edu.cn/gd/list.htm,https://eea.gd.gov.cn/ptgk/content/post_4746781.html,华南农业大学招生办页面提取：专业组/选科/专业/2025计划；该页面“2024年录取情况”专业最低分与位次，2023/22只发布专业最低位次；以组号连接广东省2025物理类投档表，以学校代码10564及组号连接；国际班/中外合作在广东投档表以括号名称分别列示，仍归属于同校组号。招生计划对照存在调整差异，保留两来源各自原值。
2025,广东,物理,本科批,华南农业大学,10564,231,动物生产与健康组,物理，化学,动物药学,6,,571,53856,152,569,47942,44721,39664,43074,https://zsb.scau.edu.cn/gd/list.htm,https://eea.gd.gov.cn/ptgk/content/post_4746781.html,华南农业大学招生办页面提取：专业组/选科/专业/2025计划；该页面“2024年录取情况”专业最低分与位次，2023/22只发布专业最低位次；以组号连接广东省2025物理类投档表，以学校代码10564及组号连接；国际班/中外合作在广东投档表以括号名称分别列示，仍归属于同校组号。招生计划对照存在调整差异，保留两来源各自原值。
2025,广东,物理,本科批,华南农业大学,10564,231,动物生产与健康组,物理，化学,蚕学,5,,571,53856,152,567,50732,47736,43964,45655,https://zsb.scau.edu.cn/gd/list.htm,https://eea.gd.gov.cn/ptgk/content/post_4746781.html,华南农业大学招生办页面提取：专业组/选科/专业/2025计划；该页面“2024年录取情况”专业最低分与位次，2023/22只发布专业最低位次；以组号连接广东省2025物理类投档表，以学校代码10564及组号连接；国际班/中外合作在广东投档表以括号名称分别列示，仍归属于同校组号。招生计划对照存在调整差异，保留两来源各自原值。
2025,广东,物理,本科批,华南农业大学,10564,231,动物生产与健康组,物理，化学,智慧牧业科学与工程,5,,571,53856,152,565,52405,49785,43714,/,https://zsb.scau.edu.cn/gd/list.htm,https://eea.gd.gov.cn/ptgk/content/post_4746781.html,华南农业大学招生办页面提取：专业组/选科/专业/2025计划；该页面“2024年录取情况”专业最低分与位次，2023/22只发布专业最低位次；以组号连接广东省2025物理类投档表，以学校代码10564及组号连接；国际班/中外合作在广东投档表以括号名称分别列示，仍归属于同校组号。招生计划对照存在调整差异，保留两来源各自原值。
2025,广东,物理,本科批,华南农业大学,10564,231,动物生产与健康组,物理，化学,水产养殖学,9,,571,53856,152,565,52564,50829,43163,45202,https://zsb.scau.edu.cn/gd/list.htm,https://eea.gd.gov.cn/ptgk/content/post_4746781.html,华南农业大学招生办页面提取：专业组/选科/专业/2025计划；该页面“2024年录取情况”专业最低分与位次，2023/22只发布专业最低位次；以组号连接广东省2025物理类投档表，以学校代码10564及组号连接；国际班/中外合作在广东投档表以括号名称分别列示，仍归属于同校组号。招生计划对照存在调整差异，保留两来源各自原值。
2025,广东,物理,本科批,华南农业大学,10564,231,动物生产与健康组,物理，化学,水产养殖学(智慧渔业),8,,571,53856,152,565,52605,49785,44276,45404,https://zsb.scau.edu.cn/gd/list.htm,https://eea.gd.gov.cn/ptgk/content/post_4746781.html,华南农业大学招生办页面提取：专业组/选科/专业/2025计划；该页面“2024年录取情况”专业最低分与位次，2023/22只发布专业最低位次；以组号连接广东省2025物理类投档表，以学校代码10564及组号连接；国际班/中外合作在广东投档表以括号名称分别列示，仍归属于同校组号。招生计划对照存在调整差异，保留两来源各自原值。
2025,广东,物理,本科批,华南农业大学,10564,232,植物生产与绿美工程创新班组,物理，化学,农学(丁颖创新班),15,,572,52750,71,584,33978,29392,32771,33064,https://zsb.scau.edu.cn/gd/list.htm,https://eea.gd.gov.cn/ptgk/content/post_4746781.html,华南农业大学招生办页面提取：专业组/选科/专业/2025计划；该页面“2024年录取情况”专业最低分与位次，2023/22只发布专业最低位次；以组号连接广东省2025物理类投档表，以学校代码10564及组号连接；国际班/中外合作在广东投档表以括号名称分别列示，仍归属于同校组号。招生计划对照存在调整差异，保留两来源各自原值。
2025,广东,物理,本科批,华南农业大学,10564,232,植物生产与绿美工程创新班组,物理，化学,植物保护(丁颖创新班),15,,572,52750,71,576,41066,37889,35374,34201,https://zsb.scau.edu.cn/gd/list.htm,https://eea.gd.gov.cn/ptgk/content/post_4746781.html,华南农业大学招生办页面提取：专业组/选科/专业/2025计划；该页面“2024年录取情况”专业最低分与位次，2023/22只发布专业最低位次；以组号连接广东省2025物理类投档表，以学校代码10564及组号连接；国际班/中外合作在广东投档表以括号名称分别列示，仍归属于同校组号。招生计划对照存在调整差异，保留两来源各自原值。
2025,广东,物理,本科批,华南农业大学,10564,232,植物生产与绿美工程创新班组,物理，化学,园艺(丁颖创新班),20,,572,52750,71,575,42112,37889,34967,34128,https://zsb.scau.edu.cn/gd/list.htm,https://eea.gd.gov.cn/ptgk/content/post_4746781.html,华南农业大学招生办页面提取：专业组/选科/专业/2025计划；该页面“2024年录取情况”专业最低分与位次，2023/22只发布专业最低位次；以组号连接广东省2025物理类投档表，以学校代码10564及组号连接；国际班/中外合作在广东投档表以括号名称分别列示，仍归属于同校组号。招生计划对照存在调整差异，保留两来源各自原值。
2025,广东,物理,本科批,华南农业大学,10564,232,植物生产与绿美工程创新班组,物理，化学,林学(丁颖创新班),20,/,572,52750,71,,,,,,https://zsb.scau.edu.cn/gd/list.htm,https://eea.gd.gov.cn/ptgk/content/post_4746781.html,华南农业大学招生办页面提取：专业组/选科/专业/2025计划；该页面“2024年录取情况”专业最低分与位次，2023/22只发布专业最低位次；以组号连接广东省2025物理类投档表，以学校代码10564及组号连接；国际班/中外合作在广东投档表以括号名称分别列示，仍归属于同校组号。招生计划对照存在调整差异，保留两来源各自原值。
2025,广东,物理,本科批,华南农业大学,10564,233,植物生产与绿美工程组,物理，化学,农学,11,,570,54979,55,573,44454,41720,41589,41276,https://zsb.scau.edu.cn/gd/list.htm,https://eea.gd.gov.cn/ptgk/content/post_4746781.html,华南农业大学招生办页面提取：专业组/选科/专业/2025计划；该页面“2024年录取情况”专业最低分与位次，2023/22只发布专业最低位次；以组号连接广东省2025物理类投档表，以学校代码10564及组号连接；国际班/中外合作在广东投档表以括号名称分别列示，仍归属于同校组号。招生计划对照存在调整差异，保留两来源各自原值。
2025,广东,物理,本科批,华南农业大学,10564,233,植物生产与绿美工程组,物理，化学,植物保护(智慧植保),3,,570,54979,55,572,45506,44721,45316,44705,https://zsb.scau.edu.cn/gd/list.htm,https://eea.gd.gov.cn/ptgk/content/post_4746781.html,华南农业大学招生办页面提取：专业组/选科/专业/2025计划；该页面“2024年录取情况”专业最低分与位次，2023/22只发布专业最低位次；以组号连接广东省2025物理类投档表，以学校代码10564及组号连接；国际班/中外合作在广东投档表以括号名称分别列示，仍归属于同校组号。招生计划对照存在调整差异，保留两来源各自原值。
2025,广东,物理,本科批,华南农业大学,10564,233,植物生产与绿美工程组,物理，化学,植物保护,5,,570,54979,55,565,52489,48751,46433,44379,https://zsb.scau.edu.cn/gd/list.htm,https://eea.gd.gov.cn/ptgk/content/post_4746781.html,华南农业大学招生办页面提取：专业组/选科/专业/2025计划；该页面“2024年录取情况”专业最低分与位次，2023/22只发布专业最低位次；以组号连接广东省2025物理类投档表，以学校代码10564及组号连接；国际班/中外合作在广东投档表以括号名称分别列示，仍归属于同校组号。招生计划对照存在调整差异，保留两来源各自原值。
2025,广东,物理,本科批,华南农业大学,10564,233,植物生产与绿美工程组,物理，化学,园艺,7,,570,54979,55,568,49465,47736,45762,43752,https://zsb.scau.edu.cn/gd/list.htm,https://eea.gd.gov.cn/ptgk/content/post_4746781.html,华南农业大学招生办页面提取：专业组/选科/专业/2025计划；该页面“2024年录取情况”专业最低分与位次，2023/22只发布专业最低位次；以组号连接广东省2025物理类投档表，以学校代码10564及组号连接；国际班/中外合作在广东投档表以括号名称分别列示，仍归属于同校组号。招生计划对照存在调整差异，保留两来源各自原值。
2025,广东,物理,本科批,华南农业大学,10564,233,植物生产与绿美工程组,物理，化学,园艺(花卉),3,,570,54979,55,567,50791,49785,/,/,https://zsb.scau.edu.cn/gd/list.htm,https://eea.gd.gov.cn/ptgk/content/post_4746781.html,华南农业大学招生办页面提取：专业组/选科/专业/2025计划；该页面“2024年录取情况”专业最低分与位次，2023/22只发布专业最低位次；以组号连接广东省2025物理类投档表，以学校代码10564及组号连接；国际班/中外合作在广东投档表以括号名称分别列示，仍归属于同校组号。招生计划对照存在调整差异，保留两来源各自原值。
2025,广东,物理,本科批,华南农业大学,10564,233,植物生产与绿美工程组,物理，化学,茶学,4,,570,54979,55,565,53000,51923,42917,44822,https://zsb.scau.edu.cn/gd/list.htm,https://eea.gd.gov.cn/ptgk/content/post_4746781.html,华南农业大学招生办页面提取：专业组/选科/专业/2025计划；该页面“2024年录取情况”专业最低分与位次，2023/22只发布专业最低位次；以组号连接广东省2025物理类投档表，以学校代码10564及组号连接；国际班/中外合作在广东投档表以括号名称分别列示，仍归属于同校组号。招生计划对照存在调整差异，保留两来源各自原值。
2025,广东,物理,本科批,华南农业大学,10564,233,植物生产与绿美工程组,物理，化学,设施农业科学与工程,4,,570,54979,55,564,53231,51923,44546,45084,https://zsb.scau.edu.cn/gd/list.htm,https://eea.gd.gov.cn/ptgk/content/post_4746781.html,华南农业大学招生办页面提取：专业组/选科/专业/2025计划；该页面“2024年录取情况”专业最低分与位次，2023/22只发布专业最低位次；以组号连接广东省2025物理类投档表，以学校代码10564及组号连接；国际班/中外合作在广东投档表以括号名称分别列示，仍归属于同校组号。招生计划对照存在调整差异，保留两来源各自原值。
2025,广东,物理,本科批,华南农业大学,10564,233,植物生产与绿美工程组,物理，化学,草业科学,4,,570,54979,55,564,53748,54134,46473,45116,https://zsb.scau.edu.cn/gd/list.htm,https://eea.gd.gov.cn/ptgk/content/post_4746781.html,华南农业大学招生办页面提取：专业组/选科/专业/2025计划；该页面“2024年录取情况”专业最低分与位次，2023/22只发布专业最低位次；以组号连接广东省2025物理类投档表，以学校代码10564及组号连接；国际班/中外合作在广东投档表以括号名称分别列示，仍归属于同校组号。招生计划对照存在调整差异，保留两来源各自原值。
2025,广东,物理,本科批,华南农业大学,10564,233,植物生产与绿美工程组,物理，化学,中药资源与开发,3,,570,54979,55,564,53988,53027,55428,43155,https://zsb.scau.edu.cn/gd/list.htm,https://eea.gd.gov.cn/ptgk/content/post_4746781.html,华南农业大学招生办页面提取：专业组/选科/专业/2025计划；该页面“2024年录取情况”专业最低分与位次，2023/22只发布专业最低位次；以组号连接广东省2025物理类投档表，以学校代码10564及组号连接；国际班/中外合作在广东投档表以括号名称分别列示，仍归属于同校组号。招生计划对照存在调整差异，保留两来源各自原值。
2025,广东,物理,本科批,华南农业大学,10564,233,植物生产与绿美工程组,物理，化学,森林保护,4,,570,54979,55,563,54389,54134,44183,45529,https://zsb.scau.edu.cn/gd/list.htm,https://eea.gd.gov.cn/ptgk/content/post_4746781.html,华南农业大学招生办页面提取：专业组/选科/专业/2025计划；该页面“2024年录取情况”专业最低分与位次，2023/22只发布专业最低位次；以组号连接广东省2025物理类投档表，以学校代码10564及组号连接；国际班/中外合作在广东投档表以括号名称分别列示，仍归属于同校组号。招生计划对照存在调整差异，保留两来源各自原值。
2025,广东,物理,本科批,华南农业大学,10564,233,植物生产与绿美工程组,物理，化学,林学,5,,570,54979,55,563,54535,53027,41637,42022,https://zsb.scau.edu.cn/gd/list.htm,https://eea.gd.gov.cn/ptgk/content/post_4746781.html,华南农业大学招生办页面提取：专业组/选科/专业/2025计划；该页面“2024年录取情况”专业最低分与位次，2023/22只发布专业最低位次；以组号连接广东省2025物理类投档表，以学校代码10564及组号连接；国际班/中外合作在广东投档表以括号名称分别列示，仍归属于同校组号。招生计划对照存在调整差异，保留两来源各自原值。
2025,广东,物理,本科批,华南农业大学,10564,251,国际班组,物理，不限,金融学(国际班),20,,544,89623,50,548,72893,61169,63158,61179,https://zsb.scau.edu.cn/gd/list.htm,https://eea.gd.gov.cn/ptgk/content/post_4746781.html,华南农业大学招生办页面提取：专业组/选科/专业/2025计划；该页面“2024年录取情况”专业最低分与位次，2023/22只发布专业最低位次；以组号连接广东省2025物理类投档表，以学校代码10564及组号连接；国际班/中外合作在广东投档表以括号名称分别列示，仍归属于同校组号。招生计划对照存在调整差异，保留两来源各自原值。
2025,广东,物理,本科批,华南农业大学,10564,251,国际班组,物理，不限,会计学(国际班),20,,544,89623,50,545,77517,69892,69874,66294,https://zsb.scau.edu.cn/gd/list.htm,https://eea.gd.gov.cn/ptgk/content/post_4746781.html,华南农业大学招生办页面提取：专业组/选科/专业/2025计划；该页面“2024年录取情况”专业最低分与位次，2023/22只发布专业最低位次；以组号连接广东省2025物理类投档表，以学校代码10564及组号连接；国际班/中外合作在广东投档表以括号名称分别列示，仍归属于同校组号。招生计划对照存在调整差异，保留两来源各自原值。
2025,广东,物理,本科批,华南农业大学,10564,251,国际班组,物理，不限,风景园林(国际班),10,,544,89623,50,544,78822,67301,74506,61349,https://zsb.scau.edu.cn/gd/list.htm,https://eea.gd.gov.cn/ptgk/content/post_4746781.html,华南农业大学招生办页面提取：专业组/选科/专业/2025计划；该页面“2024年录取情况”专业最低分与位次，2023/22只发布专业最低位次；以组号连接广东省2025物理类投档表，以学校代码10564及组号连接；国际班/中外合作在广东投档表以括号名称分别列示，仍归属于同校组号。招生计划对照存在调整差异，保留两来源各自原值。
2025,广东,物理,本科批,华南农业大学,10564,252,国际班组,物理，化学,计算机科学与技术(国际班),100,,537,99957,215,541,82626,72446,/,/,https://zsb.scau.edu.cn/gd/list.htm,https://eea.gd.gov.cn/ptgk/content/post_4746781.html,华南农业大学招生办页面提取：专业组/选科/专业/2025计划；该页面“2024年录取情况”专业最低分与位次，2023/22只发布专业最低位次；以组号连接广东省2025物理类投档表，以学校代码10564及组号连接；国际班/中外合作在广东投档表以括号名称分别列示，仍归属于同校组号。招生计划对照存在调整差异，保留两来源各自原值。
2025,广东,物理,本科批,华南农业大学,10564,252,国际班组,物理，化学,动物科学(国际班),35,,537,99957,215,540,83980,77698,74513,/,https://zsb.scau.edu.cn/gd/list.htm,https://eea.gd.gov.cn/ptgk/content/post_4746781.html,华南农业大学招生办页面提取：专业组/选科/专业/2025计划；该页面“2024年录取情况”专业最低分与位次，2023/22只发布专业最低位次；以组号连接广东省2025物理类投档表，以学校代码10564及组号连接；国际班/中外合作在广东投档表以括号名称分别列示，仍归属于同校组号。招生计划对照存在调整差异，保留两来源各自原值。
2025,广东,物理,本科批,华南农业大学,10564,252,国际班组,物理，化学,统计学(国际班),40,,537,99957,215,539,85515,79029,74477,69125,https://zsb.scau.edu.cn/gd/list.htm,https://eea.gd.gov.cn/ptgk/content/post_4746781.html,华南农业大学招生办页面提取：专业组/选科/专业/2025计划；该页面“2024年录取情况”专业最低分与位次，2023/22只发布专业最低位次；以组号连接广东省2025物理类投档表，以学校代码10564及组号连接；国际班/中外合作在广东投档表以括号名称分别列示，仍归属于同校组号。招生计划对照存在调整差异，保留两来源各自原值。
2025,广东,物理,本科批,华南农业大学,10564,252,国际班组,物理，化学,环境科学(国际班),40,,537,99957,215,537,88276,85891,74436,70828,https://zsb.scau.edu.cn/gd/list.htm,https://eea.gd.gov.cn/ptgk/content/post_4746781.html,华南农业大学招生办页面提取：专业组/选科/专业/2025计划；该页面“2024年录取情况”专业最低分与位次，2023/22只发布专业最低位次；以组号连接广东省2025物理类投档表，以学校代码10564及组号连接；国际班/中外合作在广东投档表以括号名称分别列示，仍归属于同校组号。招生计划对照存在调整差异，保留两来源各自原值。
2025,广东,物理,本科批,华南农业大学,10564,253,中外合作办学组,物理，化学,生物科学(中外合作办学),46,,543,91803,138,548,73039,64782,69039,73738,https://zsb.scau.edu.cn/gd/list.htm,https://eea.gd.gov.cn/ptgk/content/post_4746781.html,华南农业大学招生办页面提取：专业组/选科/专业/2025计划；该页面“2024年录取情况”专业最低分与位次，2023/22只发布专业最低位次；以组号连接广东省2025物理类投档表，以学校代码10564及组号连接；国际班/中外合作在广东投档表以括号名称分别列示，仍归属于同校组号。招生计划对照存在调整差异，保留两来源各自原值。
2025,广东,物理,本科批,华南农业大学,10564,253,中外合作办学组,物理，化学,食品质量与安全(中外合作办学),46,,543,91803,138,546,75713,68567,65952,67671,https://zsb.scau.edu.cn/gd/list.htm,https://eea.gd.gov.cn/ptgk/content/post_4746781.html,华南农业大学招生办页面提取：专业组/选科/专业/2025计划；该页面“2024年录取情况”专业最低分与位次，2023/22只发布专业最低位次；以组号连接广东省2025物理类投档表，以学校代码10564及组号连接；国际班/中外合作在广东投档表以括号名称分别列示，仍归属于同校组号。招生计划对照存在调整差异，保留两来源各自原值。
2025,广东,物理,本科批,华南农业大学,10564,253,中外合作办学组,物理，化学,园艺(中外合作办学),46,,543,91803,138,542,80535,76345,73711,76305,https://zsb.scau.edu.cn/gd/list.htm,https://eea.gd.gov.cn/ptgk/content/post_4746781.html,华南农业大学招生办页面提取：专业组/选科/专业/2025计划；该页面“2024年录取情况”专业最低分与位次，2023/22只发布专业最低位次；以组号连接广东省2025物理类投档表，以学校代码10564及组号连接；国际班/中外合作在广东投档表以括号名称分别列示，仍归属于同校组号。招生计划对照存在调整差异，保留两来源各自原值。
