year,subject,type,code,name,group,plan,admit,score,rank
2023,历史,非军检、面试院校,10001,北京大学,101,8,13,653,148
2023,历史,非军检、面试院校,10002,中国人民大学,001,4,4,651,184
2023,历史,非军检、面试院校,10002,中国人民大学,102,2,2,659,98
2023,历史,非军检、面试院校,10003,清华大学,101,1,1,673,16
2023,历史,非军检、面试院校,10032,北京语言大学,101,6,6,585,5711
2023,历史,非军检、面试院校,10033,中国传媒大学,101,6,6,599,3486
2023,历史,非军检、面试院校,10036,对外经济贸易大学,101,12,12,605,2731
2023,历史,非军检、面试院校,10040,外交学院,101,6,6,609,2289
2023,历史,非军检、面试院校,10040,外交学院,102,1,1,627,953
2023,历史,非军检、面试院校,10040,外交学院,103,4,4,618,1493
2023,历史,非军检、面试院校,10042,国际关系学院,107,5,5,597,3764
2023,历史,非军检、面试院校,10042,国际关系学院,108,2,2,593,4411
2023,历史,非军检、面试院校,10042,国际关系学院,110,5,5,597,3791
2023,历史,非军检、面试院校,10042,国际关系学院,112,2,2,601,3226
2023,历史,非军检、面试院校,10053,中国政法大学,102,5,5,612,1980
2023,历史,非军检、面试院校,10055,南开大学,101,9,9,621,1332
2023,历史,非军检、面试院校,10200,东北师范大学,101,3,3,608,2418
2023,历史,非军检、面试院校,10200,东北师范大学,102,1,1,610,2262
2023,历史,非军检、面试院校,10246,复旦大学,101,4,4,651,183
2023,历史,非军检、面试院校,10246,复旦大学,102,3,3,654,141
2023,历史,非军检、面试院校,10274,上海海关学院,109,55,55,564,10704
2023,历史,非军检、面试院校,10274,上海海关学院,110,23,23,597,3723
2023,历史,非军检、面试院校,10284,南京大学,101,3,3,649,233
2023,历史,非军检、面试院校,10335,浙江大学,101,2,2,641,436
2023,历史,非军检、面试院校,10414,江西师范大学,101,2,2,575,7876
2023,历史,非军检、面试院校,10422,山东大学,101,2,2,611,2069
2023,历史,非军检、面试院校,10486,武汉大学,102,4,4,639,508
2023,历史,非军检、面试院校,10511,华中师范大学,101,11,11,613,1963
2023,历史,非军检、面试院校,10511,华中师范大学,102,3,3,614,1823
2023,历史,非军检、面试院校,10511,华中师范大学,103,2,2,614,1877
2023,历史,非军检、面试院校,10520,中南财经政法大学,104,1,1,596,3895
2023,历史,非军检、面试院校,10520,中南财经政法大学,105,11,11,556,13037
2023,历史,非军检、面试院校,10611,重庆大学,101,1,1,610,2201
2023,历史,非军检、面试院校,10635,西南大学,101,3,3,613,1894
2023,历史,非军检、面试院校,10635,西南大学,102,1,1,612,1979
2023,历史,非军检、面试院校,10635,西南大学,103,2,2,611,2114
2023,历史,非军检、面试院校,10635,西南大学,108,1,1,611,2125
2023,历史,非军检、面试院校,10650,四川外国语大学,101,14,14,547,16094
2023,历史,非军检、面试院校,10652,西南政法大学,101,9,9,556,13060
2023,历史,非军检、面试院校,10652,西南政法大学,103,1,1,586,5604
2023,历史,非军检、面试院校,10718,陕西师范大学,101,2,2,610,2204
2023,历史,非军检、面试院校,10718,陕西师范大学,102,5,5,612,1988
2023,历史,非军检、面试院校,10718,陕西师范大学,103,2,2,611,2156
2023,历史,非军检、面试院校,16407,香港中文大学(深圳),102,6,6,636,586
2023,历史,非军检、面试院校,19002,中国人民大学(苏州校区),102,2,2,616,1700
2023,历史,非军检、面试院校,19027,北京师范大学(珠海校区),101,52,52,618,1536
2023,历史,非军检、面试院校,19027,北京师范大学(珠海校区),103,32,32,615,1730
2023,历史,非军检、面试院校,81002,香港中文大学,101,1,1,648,249
2023,历史,非军检、面试院校,81002,香港中文大学,102,6,7,638,517
2023,历史,非军检、面试院校,81006,香港城市大学,101,1,1,618,1539
2023,历史,非军检、面试院校,81006,香港城市大学,102,1,2,580,6742
2023,物理,非军检、面试院校,10001,北京大学,102,4,4,681,373
2023,物理,非军检、面试院校,10002,中国人民大学,103,1,1,671,976
2023,物理,非军检、面试院校,10003,清华大学,103,4,4,681,369
2023,物理,非军检、面试院校,10027,北京师范大学,101,9,9,635,8491
2023,物理,非军检、面试院校,10027,北京师范大学,102,5,5,641,6348
2023,物理,非军检、面试院校,10032,北京语言大学,102,6,6,596,30110
2023,物理,非军检、面试院校,10033,中国传媒大学,102,4,4,610,20084
2023,物理,非军检、面试院校,10036,对外经济贸易大学,102,5,5,624,13066
2023,物理,非军检、面试院校,10040,外交学院,104,3,3,628,10934
2023,物理,非军检、面试院校,10040,外交学院,105,1,1,628,10991
2023,物理,非军检、面试院校,10042,国际关系学院,113,5,5,611,19382
2023,物理,非军检、面试院校,10042,国际关系学院,114,5,5,614,17668
2023,物理,非军检、面试院校,10042,国际关系学院,116,2,2,608,21254
2023,物理,非军检、面试院校,10042,国际关系学院,118,2,2,596,29440
2023,物理,非军检、面试院校,10151,大连海事大学,101,2,2,591,33992
2023,物理,非军检、面试院校,10151,大连海事大学,102,2,2,601,25841
2023,物理,非军检、面试院校,10200,东北师范大学,103,1,1,623,13303
2023,物理,非军检、面试院校,10200,东北师范大学,104,2,2,622,13832
2023,物理,非军检、面试院校,10200,东北师范大学,105,1,1,624,13087
2023,物理,非军检、面试院校,10274,上海海关学院,103,81,81,606,22577
2023,物理,非军检、面试院校,10274,上海海关学院,104,34,34,618,16014
2023,物理,非军检、面试院校,10390,集美大学,101,6,6,541,85318
2023,物理,非军检、面试院校,10390,集美大学,102,6,6,544,81391
2023,物理,非军检、面试院校,10497,武汉理工大学,101,4,4,596,29577
2023,物理,非军检、面试院校,10511,华中师范大学,104,15,15,627,11364
2023,物理,非军检、面试院校,10511,华中师范大学,105,1,1,629,10643
2023,物理,非军检、面试院校,10511,华中师范大学,106,2,2,628,11319
2023,物理,非军检、面试院校,10511,华中师范大学,107,1,1,627,11586
2023,物理,非军检、面试院校,10520,中南财经政法大学,106,1,1,608,21666
2023,物理,非军检、面试院校,10520,中南财经政法大学,107,7,7,567,56266
2023,物理,非军检、面试院校,10532,湖南大学,101,2,2,618,15853
2023,物理,非军检、面试院校,10564,华南农业大学,191,56,56,577,45454
2023,物理,非军检、面试院校,10566,广东海洋大学,101,20,20,509,128402
2023,物理,非军检、面试院校,10566,广东海洋大学,102,40,40,505,134465
2023,物理,非军检、面试院校,10618,重庆交通大学,101,10,10,544,82368
2023,物理,非军检、面试院校,10635,西南大学,104,6,6,623,13222
2023,物理,非军检、面试院校,10635,西南大学,105,1,1,626,12045
2023,物理,非军检、面试院校,10635,西南大学,106,1,1,626,12054
2023,物理,非军检、面试院校,10635,西南大学,107,2,2,625,12587
2023,物理,非军检、面试院校,10650,四川外国语大学,102,17,17,561,62134
2023,物理,非军检、面试院校,10652,西南政法大学,102,4,4,574,48527
2023,物理,非军检、面试院校,10652,西南政法大学,104,1,1,619,15478
2023,物理,非军检、面试院校,10718,陕西师范大学,104,1,1,627,11661
2023,物理,非军检、面试院校,10718,陕西师范大学,105,12,12,624,13121
2023,物理,非军检、面试院校,10718,陕西师范大学,106,1,1,624,12919
2023,物理,非军检、面试院校,10718,陕西师范大学,107,2,2,622,13676
2023,物理,非军检、面试院校,10718,陕西师范大学,108,3,3,622,13822
2023,物理,非军检、面试院校,10718,陕西师范大学,109,2,2,621,14525
2023,物理,非军检、面试院校,11100,海南热带海洋学院,101,3,3,504,135741
2023,物理,非军检、面试院校,11510,山东交通学院,101,2,2,538,88923
2023,物理,非军检、面试院校,16407,香港中文大学(深圳),101,6,6,667,1302
2023,物理,非军检、面试院校,16412,香港科技大学(广州),101,10,10,671,912
2023,物理,非军检、面试院校,16412,香港科技大学(广州),102,45,45,652,3555
2023,物理,非军检、面试院校,19027,北京师范大学(珠海校区),104,86,86,633,9132
2023,物理,非军检、面试院校,19027,北京师范大学(珠海校区),106,46,46,630,10399
2023,物理,非军检、面试院校,81002,香港中文大学,103,1,1,683,329
2023,物理,非军检、面试院校,81002,香港中文大学,104,15,16,665,1477
2023,物理,非军检、面试院校,81006,香港城市大学,103,1,1,645,5220
2023,物理,非军检、面试院校,81006,香港城市大学,104,1,1,641,6260
2023,物理,非军检、面试院校,81006,香港城市大学,105,6,6,650,4066
2024,历史,空军、海军招飞院校,90046,空军航空大学,102,4,2,559,11573
2024,物理,空军、海军招飞院校,90046,空军航空大学,101,56,58,550,70555
2024,物理,空军、海军招飞院校,90050,海军航空大学,101,8,6,532,96401
2024,历史,军检、面试院校,10039,中国消防救援学院,101,1,1,545,16474
2024,历史,军检、面试院校,10039,中国消防救援学院,102,1,1,583,5684
2024,历史,军检、面试院校,10041,中国人民公安大学,101,77,77,572,8094
2024,历史,军检、面试院校,10041,中国人民公安大学,102,10,10,575,7491
2024,历史,军检、面试院校,10041,中国人民公安大学,103,10,10,618,1218
2024,历史,军检、面试院校,10041,中国人民公安大学,104,2,2,639,281
2024,历史,军检、面试院校,10041,中国人民公安大学,115,13,13,569,8836
2024,历史,军检、面试院校,10041,中国人民公安大学,116,2,2,628,663
2024,历史,军检、面试院校,10175,中国刑事警察学院,101,77,77,538,19235
2024,历史,军检、面试院校,10175,中国刑事警察学院,102,8,8,604,2539
2024,历史,军检、面试院校,11105,中国人民警察大学,101,38,38,549,14984
2024,历史,军检、面试院校,11105,中国人民警察大学,102,3,3,560,11307
2024,历史,军检、面试院校,11105,中国人民警察大学,103,9,9,599,3094
2024,历史,军检、面试院校,11105,中国人民警察大学,104,2,2,609,1970
2024,历史,军检、面试院校,11110,广东警官学院,135,488,488,495,42448
2024,历史,军检、面试院校,11110,广东警官学院,136,54,54,582,5879
2024,历史,军检、面试院校,11110,广东警官学院(公安专项),137,24,24,491,44471
2024,历史,军检、面试院校,11110,广东警官学院(公安专项),138,2,2,569,8860
2024,历史,军检、面试院校,11110,广东警官学院(公安专项),139,4,4,490,45137
2024,历史,军检、面试院校,11110,广东警官学院(公安专项),140,5,5,551,14126
2024,历史,军检、面试院校,11110,广东警官学院(公安专项),141,17,17,484,49480
2024,历史,军检、面试院校,11110,广东警官学院(公安专项),142,6,6,548,15265
2024,历史,军检、面试院校,11110,广东警官学院(公安专项),143,14,14,482,51438
2024,历史,军检、面试院校,11110,广东警官学院(公安专项),144,3,3,554,13223
2024,历史,军检、面试院校,11110,广东警官学院(公安专项),145,1,1,509,33330
2024,历史,军检、面试院校,11110,广东警官学院(公安专项),147,10,10,478,54417
2024,历史,军检、面试院校,11110,广东警官学院(公安专项),148,3,3,555,12744
2024,历史,军检、面试院校,11110,广东警官学院(公安专项),149,14,14,472,58560
2024,历史,军检、面试院校,11110,广东警官学院(公安专项),150,3,3,542,17511
2024,历史,军检、面试院校,11110,广东警官学院(公安专项),151,21,21,475,56129
2024,历史,军检、面试院校,11110,广东警官学院(公安专项),152,4,4,548,15389
2024,历史,军检、面试院校,11110,广东警官学院(公安专项),153,8,8,491,44564
2024,历史,军检、面试院校,11110,广东警官学院(公安专项),154,2,2,563,10485
2024,历史,军检、面试院校,11110,广东警官学院(公安专项),155,8,8,457,69937
2024,历史,军检、面试院校,11110,广东警官学院(公安专项),156,2,1,559,11521
2024,历史,军检、面试院校,11110,广东警官学院(公安专项),157,17,17,459,68801
2024,历史,军检、面试院校,11110,广东警官学院(公安专项),158,3,3,563,10412
2024,历史,军检、面试院校,11110,广东警官学院(公安专项),159,5,5,495,41975
2024,历史,军检、面试院校,11110,广东警官学院(公安专项),160,1,1,594,3764
2024,历史,军检、面试院校,11110,广东警官学院(公安专项),161,17,17,478,53779
2024,历史,军检、面试院校,11110,广东警官学院(公安专项),162,3,3,563,10404
2024,历史,军检、面试院校,11110,广东警官学院(公安专项),163,3,3,493,43223
2024,历史,军检、面试院校,11110,广东警官学院(公安专项),164,2,1,545,16626
2024,历史,军检、面试院校,11466,南京警察学院,101,23,23,532,21757
2024,历史,军检、面试院校,11466,南京警察学院,102,5,5,589,4671
2024,历史,军检、面试院校,11903,中央司法警官学院,101,22,22,489,45947
2024,历史,军检、面试院校,11903,中央司法警官学院,102,4,4,557,12341
2024,历史,军检、面试院校,11903,中央司法警官学院,103,1,1,518,28424
2024,历史,军检、面试院校,12735,郑州警察学院,101,22,22,493,43505
2024,历史,军检、面试院校,12735,郑州警察学院,102,5,5,581,6169
2024,历史,军检、面试院校,91002,国防科技大学,101,5,5,593,3958
2024,历史,军检、面试院校,91002,国防科技大学,102,1,1,622,964
2024,历史,军检、面试院校,91002,国防科技大学,107,2,2,603,2676
2024,历史,军检、面试院校,91010,陆军边海防学院,101,2,2,555,12748
2024,历史,军检、面试院校,91040,武警警官学院,101,2,2,562,10700
2024,历史,军检、面试院校,91044,武警海警学院,101,1,1,589,4554
2024,物理,军检、面试院校,10006,北京航空航天大学,101,35,35,596,24357
2024,物理,军检、面试院校,10018,北京电子科技学院,101,4,4,639,5017
2024,物理,军检、面试院校,10018,北京电子科技学院,102,2,2,647,3208
2024,物理,军检、面试院校,10039,中国消防救援学院,103,5,5,579,38691
2024,物理,军检、面试院校,10041,中国人民公安大学,105,108,108,611,15345
2024,物理,军检、面试院校,10041,中国人民公安大学,106,17,17,628,8025
2024,物理,军检、面试院校,10041,中国人民公安大学,107,50,50,591,27912
2024,物理,军检、面试院校,10041,中国人民公安大学,108,7,7,591,28384
2024,物理,军检、面试院校,10041,中国人民公安大学,109,9,9,626,8752
2024,物理,军检、面试院校,10041,中国人民公安大学,110,1,1,645,3761
2024,物理,军检、面试院校,10041,中国人民公安大学,111,7,7,610,16219
2024,物理,军检、面试院校,10041,中国人民公安大学,112,7,7,590,28806
2024,物理,军检、面试院校,10041,中国人民公安大学,113,1,1,629,7859
2024,物理,军检、面试院校,10041,中国人民公安大学,114,1,1,623,9856
2024,物理,军检、面试院校,10175,中国刑事警察学院,103,55,55,598,23048
2024,物理,军检、面试院校,10175,中国刑事警察学院,104,17,17,614,14066
2024,物理,军检、面试院校,10175,中国刑事警察学院,105,7,7,586,32287
2024,物理,军检、面试院校,10287,南京航空航天大学,101,10,10,555,64332
2024,物理,军检、面试院校,10287,南京航空航天大学,102,20,20,587,31573
2024,物理,军检、面试院校,10624,中国民用航空飞行学院,101,10,10,547,74774
2024,物理,军检、面试院校,10624,中国民用航空飞行学院,102,20,20,502,145066
2024,物理,军检、面试院校,10624,中国民用航空飞行学院,103,50,50,554,65549
2024,物理,军检、面试院校,11105,中国人民警察大学,105,105,105,587,31196
2024,物理,军检、面试院校,11105,中国人民警察大学,106,17,17,608,16939
2024,物理,军检、面试院校,11105,中国人民警察大学,107,98,98,555,63982
2024,物理,军检、面试院校,11105,中国人民警察大学,108,15,15,565,52139
2024,物理,军检、面试院校,11105,中国人民警察大学,109,17,17,591,27904
2024,物理,军检、面试院校,11105,中国人民警察大学,110,2,2,607,17836
2024,物理,军检、面试院校,11110,广东警官学院,101,39,39,561,57247
2024,物理,军检、面试院校,11110,广东警官学院,102,20,20,590,29242
2024,物理,军检、面试院校,11110,广东警官学院,103,492,492,561,57501
2024,物理,军检、面试院校,11110,广东警官学院,104,100,100,586,32572
2024,物理,军检、面试院校,11110,广东警官学院(公安专项),105,17,17,536,89270
2024,物理,军检、面试院校,11110,广东警官学院(公安专项),106,2,2,586,32119
2024,物理,军检、面试院校,11110,广东警官学院(公安专项),107,6,6,522,111404
2024,物理,军检、面试院校,11110,广东警官学院(公安专项),109,4,4,532,95857
2024,物理,军检、面试院校,11110,广东警官学院(公安专项),110,1,1,576,40994
2024,物理,军检、面试院校,11110,广东警官学院(公安专项),111,8,8,539,84963
2024,物理,军检、面试院校,11110,广东警官学院(公安专项),112,2,2,572,45565
2024,物理,军检、面试院校,11110,广东警官学院(公安专项),113,1,1,545,77375
2024,物理,军检、面试院校,11110,广东警官学院(公安专项),115,6,6,528,101701
2024,物理,军检、面试院校,11110,广东警官学院(公安专项),117,5,5,539,85253
2024,物理,军检、面试院校,11110,广东警官学院(公安专项),119,7,7,529,99666
2024,物理,军检、面试院校,11110,广东警官学院(公安专项),120,1,1,577,40146
2024,物理,军检、面试院校,11110,广东警官学院(公安专项),121,7,7,539,85484
2024,物理,军检、面试院校,11110,广东警官学院(公安专项),123,6,5,512,127731
2024,物理,军检、面试院校,11110,广东警官学院(公安专项),124,1,1,569,48523
2024,物理,军检、面试院校,11110,广东警官学院(公安专项),125,4,4,532,95075
2024,物理,军检、面试院校,11110,广东警官学院(公安专项),126,2,2,559,59624
2024,物理,军检、面试院校,11110,广东警官学院(公安专项),127,6,4,525,107041
2024,物理,军检、面试院校,11110,广东警官学院(公安专项),128,1,1,568,49472
2024,物理,军检、面试院校,11110,广东警官学院(公安专项),129,19,19,532,95281
2024,物理,军检、面试院校,11110,广东警官学院(公安专项),130,1,1,576,40783
2024,物理,军检、面试院校,11110,广东警官学院(公安专项),131,3,3,533,93440
2024,物理,军检、面试院校,11110,广东警官学院(公安专项),132,2,1,563,54580
2024,物理,军检、面试院校,11110,广东警官学院(公安专项),165,20,20,538,86659
2024,物理,军检、面试院校,11110,广东警官学院(公安专项),166,14,14,549,71238
2024,物理,军检、面试院校,11110,广东警官学院(公安专项),167,8,8,551,69329
2024,物理,军检、面试院校,11110,广东警官学院(公安专项),168,2,2,555,64158
2024,物理,军检、面试院校,11110,广东警官学院(公安专项),169,10,10,548,72583
2024,物理,军检、面试院校,11110,广东警官学院(公安专项),170,2,2,558,59966
2024,物理,军检、面试院校,11110,广东警官学院(公安专项),171,3,3,554,65131
2024,物理,军检、面试院校,11110,广东警官学院(公安专项),172,14,14,538,87327
2024,物理,军检、面试院校,11110,广东警官学院(公安专项),173,5,5,547,74436
2024,物理,军检、面试院校,11466,南京警察学院,103,40,40,576,41248
2024,物理,军检、面试院校,11466,南京警察学院,104,8,8,595,25181
2024,物理,军检、面试院校,11466,南京警察学院,105,90,90,541,81901
2024,物理,军检、面试院校,11466,南京警察学院,106,14,14,585,32813
2024,物理,军检、面试院校,11903,中央司法警官学院,104,23,23,559,59949
2024,物理,军检、面试院校,11903,中央司法警官学院,105,5,5,561,57449
2024,物理,军检、面试院校,11903,中央司法警官学院,106,2,2,580,37683
2024,物理,军检、面试院校,11903,中央司法警官学院,107,1,1,592,27480
2024,物理,军检、面试院校,11903,中央司法警官学院,108,3,3,545,77227
2024,物理,军检、面试院校,11903,中央司法警官学院,109,1,1,616,12682
2024,物理,军检、面试院校,12735,郑州警察学院,103,21,21,559,58943
2024,物理,军检、面试院校,12735,郑州警察学院,104,1,1,593,26795
2024,物理,军检、面试院校,12735,郑州警察学院,105,15,15,538,86917
2024,物理,军检、面试院校,12735,郑州警察学院,106,3,3,583,34414
2024,物理,军检、面试院校,91002,国防科技大学,103,40,40,636,5764
2024,物理,军检、面试院校,91002,国防科技大学,104,8,8,628,8039
2024,物理,军检、面试院校,91002,国防科技大学,105,10,10,631,7251
2024,物理,军检、面试院校,91002,国防科技大学,106,3,3,659,1616
2024,物理,军检、面试院校,91004,陆军工程大学,101,4,4,597,24136
2024,物理,军检、面试院校,91004,陆军工程大学,102,15,15,588,30807
2024,物理,军检、面试院校,91004,陆军工程大学,103,3,3,597,23778
2024,物理,军检、面试院校,91004,陆军工程大学,104,2,2,601,21359
2024,物理,军检、面试院校,91006,陆军装甲兵学院,101,2,2,584,33587
2024,物理,军检、面试院校,91006,陆军装甲兵学院,102,10,10,579,38271
2024,物理,军检、面试院校,91006,陆军装甲兵学院,103,1,1,590,28915
2024,物理,军检、面试院校,91006,陆军装甲兵学院,104,2,2,584,34021
2024,物理,军检、面试院校,91007,陆军炮兵防空兵学院,101,2,2,577,40525
2024,物理,军检、面试院校,91007,陆军炮兵防空兵学院,102,8,8,572,44724
2024,物理,军检、面试院校,91009,陆军特种作战学院,101,6,6,569,47882
2024,物理,军检、面试院校,91009,陆军特种作战学院,102,7,7,565,52124
2024,物理,军检、面试院校,91010,陆军边海防学院,102,2,2,568,49353
2024,物理,军检、面试院校,91012,陆军军医大学,101,1,1,583,34726
2024,物理,军检、面试院校,91012,陆军军医大学,102,6,6,590,28732
2024,物理,军检、面试院校,91012,陆军军医大学,103,2,2,625,9286
2024,物理,军检、面试院校,91013,陆军军事交通学院,101,1,1,585,33432
2024,物理,军检、面试院校,91013,陆军军事交通学院,102,1,1,573,43782
2024,物理,军检、面试院校,91013,陆军军事交通学院,103,1,1,601,21105
2024,物理,军检、面试院校,91013,陆军军事交通学院,104,2,2,578,39039
2024,物理,军检、面试院校,91013,陆军军事交通学院,105,5,5,573,43789
2024,物理,军检、面试院校,91016,海军工程大学,101,8,8,591,28591
2024,物理,军检、面试院校,91016,海军工程大学,102,4,4,596,24189
2024,物理,军检、面试院校,91016,海军工程大学,103,3,3,591,28191
2024,物理,军检、面试院校,91016,海军工程大学,104,4,4,608,17135
2024,物理,军检、面试院校,91016,海军工程大学,105,1,1,616,12686
2024,物理,军检、面试院校,91017,海军大连舰艇学院,101,1,1,599,22549
2024,物理,军检、面试院校,91017,海军大连舰艇学院,102,19,19,580,37285
2024,物理,军检、面试院校,91024,空军工程大学,101,23,23,593,26501
2024,物理,军检、面试院校,91024,空军工程大学,102,2,2,589,29579
2024,物理,军检、面试院校,91024,空军工程大学,103,3,3,592,27743
2024,物理,军检、面试院校,91024,空军工程大学,104,1,1,601,21194
2024,物理,军检、面试院校,91026,空军预警学院,101,5,5,583,34594
2024,物理,军检、面试院校,91030,空军军医大学,101,9,9,593,26703
2024,物理,军检、面试院校,91030,空军军医大学,102,1,1,616,12841
2024,物理,军检、面试院校,91034,火箭军工程大学,101,3,3,589,29803
2024,物理,军检、面试院校,91034,火箭军工程大学,102,2,2,584,33762
2024,物理,军检、面试院校,91034,火箭军工程大学,103,12,12,586,32191
2024,物理,军检、面试院校,91036,战略支援部队航天工程大学,101,7,7,608,17070
2024,物理,军检、面试院校,91036,战略支援部队航天工程大学,102,2,2,607,17423
2024,物理,军检、面试院校,91036,战略支援部队航天工程大学,103,2,2,604,19508
2024,物理,军检、面试院校,91036,战略支援部队航天工程大学,104,4,4,606,18166
2024,物理,军检、面试院校,91037,战略支援部队信息工程大学,101,3,3,606,18445
2024,物理,军检、面试院校,91037,战略支援部队信息工程大学,102,1,1,605,18580
2024,物理,军检、面试院校,91037,战略支援部队信息工程大学,103,25,25,610,16149
2024,物理,军检、面试院校,91037,战略支援部队信息工程大学,104,3,3,605,18724
2024,物理,军检、面试院校,91037,战略支援部队信息工程大学,105,4,4,619,11392
2024,物理,军检、面试院校,91037,战略支援部队信息工程大学,106,1,1,604,19505
2024,物理,军检、面试院校,91039,武警工程大学,101,6,6,577,39775
2024,物理,军检、面试院校,91039,武警工程大学,102,1,1,588,30337
2024,物理,军检、面试院校,91039,武警工程大学,103,1,1,619,11782
2024,物理,军检、面试院校,91040,武警警官学院,102,24,24,566,51487
2024,物理,军检、面试院校,91040,武警警官学院,103,11,11,571,45809
2024,物理,军检、面试院校,91041,武警特种警察学院,101,8,8,558,60447
2024,物理,军检、面试院校,91044,武警海警学院,102,5,5,574,42889
2024,物理,军检、面试院校,91044,武警海警学院,103,3,3,573,43877
2024,物理,军检、面试院校,91044,武警海警学院,104,1,1,619,11593
2024,物理,军检、面试院校,91044,武警海警学院,105,3,3,572,45343
2024,物理,军检、面试院校,10576,韶关学院,115,2,2,580,793
2024,物理,军检、面试院校,10576,韶关学院,116,2,2,578,864
2024,物理,军检、面试院校,10576,韶关学院,117,3,3,590,499
2024,物理,军检、面试院校,10576,韶关学院,118,2,2,580,784
2024,物理,军检、面试院校,10576,韶关学院,119,2,2,589,514
2024,物理,军检、面试院校,10576,韶关学院,120,3,3,576,956
2024,物理,军检、面试院校,10576,韶关学院,121,3,3,563,1625
2024,物理,军检、面试院校,10576,韶关学院,186,2,2,583,679
2024,物理,军检、面试院校,10576,韶关学院,189,1,1,577,927
2024,物理,军检、面试院校,10576,韶关学院,198,3,3,580,809
2024,物理,军检、面试院校,10576,韶关学院,199,2,2,586,587
2024,物理,军检、面试院校,10577,惠州学院,109,2,2,593,423
2024,物理,军检、面试院校,10577,惠州学院,110,2,2,596,377
2024,物理,军检、面试院校,10577,惠州学院,112,2,2,589,523
2024,物理,军检、面试院校,10577,惠州学院,113,14,14,562,1663
2024,物理,军检、面试院校,10577,惠州学院,124,5,5,580,808
2024,物理,军检、面试院校,10578,韩山师范学院,160,10,10,568,1355
2024,物理,军检、面试院校,10578,韩山师范学院,161,16,16,558,1937
2024,物理,军检、面试院校,10578,韩山师范学院,162,1,1,569,1277
2024,物理,军检、面试院校,10579,岭南师范学院,156,10,10,566,1455
2024,物理,军检、面试院校,10579,岭南师范学院,157,5,5,567,1421
2024,物理,军检、面试院校,10579,岭南师范学院,158,15,15,568,1348
2024,物理,军检、面试院校,10580,肇庆学院,118,1,1,577,929
2024,物理,军检、面试院校,10580,肇庆学院,119,3,3,571,1177
2024,物理,军检、面试院校,10580,肇庆学院,120,5,5,572,1119
2024,物理,军检、面试院校,10580,肇庆学院,121,5,5,579,843
2024,物理,军检、面试院校,10580,肇庆学院,122,1,1,582,726
2024,物理,军检、面试院校,10580,肇庆学院,123,2,2,592,461
2024,物理,军检、面试院校,10580,肇庆学院,124,3,3,576,980
2024,物理,军检、面试院校,10580,肇庆学院,125,2,2,579,835
2024,物理,军检、面试院校,10580,肇庆学院,126,2,2,585,617
2024,物理,军检、面试院校,10580,肇庆学院,127,1,1,561,1721
2024,物理,军检、面试院校,10582,嘉应学院,111,2,2,596,369
2024,物理,军检、面试院校,10582,嘉应学院,112,2,2,588,537
2024,物理,军检、面试院校,10582,嘉应学院,113,1,1,589,516
2024,物理,军检、面试院校,10582,嘉应学院,114,10,10,559,1878
2024,物理,军检、面试院校,10582,嘉应学院,115,2,2,558,1938
2024,物理,军检、面试院校,10582,嘉应学院,116,8,8,557,2016
2024,物理,军检、面试院校,14278,广东第二师范学院,106,11,11,575,1008
2024,物理,军检、面试院校,14278,广东第二师范学院,107,14,14,564,1534
2024,历史,非军检、面试院校,10001,北京大学,101,8,8,659,49
2024,历史,非军检、面试院校,10002,中国人民大学,101,5,5,641,245
2024,历史,非军检、面试院校,10002,中国人民大学,102,4,4,651,123
2024,历史,非军检、面试院校,10003,清华大学,101,1,1,665,20
2024,历史,非军检、面试院校,10027,北京师范大学,101,4,4,615,1417
2024,历史,非军检、面试院校,10027,北京师范大学,102,2,2,598,3266
2024,历史,非军检、面试院校,10032,北京语言大学,101,5,5,574,7554
2024,历史,非军检、面试院校,10033,中国传媒大学,101,4,4,589,4569
2024,历史,非军检、面试院校,10036,对外经济贸易大学,101,16,16,598,3232
2024,历史,非军检、面试院校,10040,外交学院,101,1,1,608,2031
2024,历史,非军检、面试院校,10040,外交学院,102,3,3,606,2227
2024,历史,非军检、面试院校,10040,外交学院,103,3,3,606,2228
2024,历史,非军检、面试院校,10042,国际关系学院,101,2,2,578,6632
2024,历史,非军检、面试院校,10042,国际关系学院,102,2,2,592,4111
2024,历史,非军检、面试院校,10042,国际关系学院,103,3,3,590,4418
2024,历史,非军检、面试院校,10042,国际关系学院,104,3,3,597,3356
2024,历史,非军检、面试院校,10042,国际关系学院,105,2,2,596,3515
2024,历史,非军检、面试院校,10042,国际关系学院,106,2,2,595,3699
2024,历史,非军检、面试院校,10053,中国政法大学,101,5,5,609,1945
2024,历史,非军检、面试院校,10055,南开大学,101,7,7,612,1703
2024,历史,非军检、面试院校,10183,吉林大学,101,1,1,605,2369
2024,历史,非军检、面试院校,10200,东北师范大学,101,2,2,602,2815
2024,历史,非军检、面试院校,10200,东北师范大学,102,3,3,598,3219
2024,历史,非军检、面试院校,10200,东北师范大学,103,2,2,598,3248
2024,历史,非军检、面试院校,10246,复旦大学,101,4,4,648,162
2024,历史,非军检、面试院校,10246,复旦大学,102,3,3,649,146
2024,历史,非军检、面试院校,10274,上海海关学院,101,45,45,576,7271
2024,历史,非军检、面试院校,10274,上海海关学院,102,20,20,604,2472
2024,历史,非军检、面试院校,10284,南京大学,101,3,3,636,369
2024,历史,非军检、面试院校,10335,浙江大学,101,2,2,637,337
2024,历史,非军检、面试院校,10414,江西师范大学,101,1,1,574,7725
2024,历史,非军检、面试院校,10422,山东大学,101,2,2,608,2035
2024,历史,非军检、面试院校,10423,中国海洋大学,101,7,7,584,5505
2024,历史,非军检、面试院校,10486,武汉大学,101,4,4,630,563
2024,历史,非军检、面试院校,10511,华中师范大学,102,11,11,603,2632
2024,历史,非军检、面试院校,10511,华中师范大学,103,2,2,606,2317
2024,历史,非军检、面试院校,10511,华中师范大学,104,3,3,603,2643
2024,历史,非军检、面试院校,10520,中南财经政法大学,101,11,9,542,17517
2024,历史,非军检、面试院校,10520,中南财经政法大学,102,1,1,589,4596
2024,历史,非军检、面试院校,10635,西南大学,101,6,6,599,3086
2024,历史,非军检、面试院校,10635,西南大学,102,1,1,604,2542
2024,历史,非军检、面试院校,10635,西南大学,103,1,1,608,2084
2024,历史,非军检、面试院校,10635,西南大学,104,2,2,599,3095
2024,历史,非军检、面试院校,10650,四川外国语大学,101,13,13,544,17059
2024,历史,非军检、面试院校,10652,西南政法大学,101,9,9,558,11853
2024,历史,非军检、面试院校,10652,西南政法大学,102,1,1,590,4486
2024,历史,非军检、面试院校,10718,陕西师范大学,101,2,2,599,3145
2024,历史,非军检、面试院校,10718,陕西师范大学,102,5,5,599,3116
2024,历史,非军检、面试院校,10718,陕西师范大学,103,2,2,597,3323
2024,历史,非军检、面试院校,16407,香港中文大学(深圳),102,6,6,634,425
2024,历史,非军检、面试院校,19002,中国人民大学(苏州校区)(中外合作办学),101,2,2,617,1333
2024,历史,非军检、面试院校,19027,北京师范大学(珠海校区),102,55,55,607,2157
2024,历史,非军检、面试院校,19027,北京师范大学(珠海校区),103,32,32,605,2417
2024,历史,非军检、面试院校,81002,香港中文大学,101,1,1,655,80
2024,历史,非军检、面试院校,81002,香港中文大学,102,8,9,632,505
2024,历史,非军检、面试院校,81006,香港城市大学,101,1,1,632,489
2024,历史,非军检、面试院校,81006,香港城市大学,102,1,1,594,3725
2024,物理,非军检、面试院校,10001,北京大学,102,4,4,674,466
2024,物理,非军检、面试院校,10003,清华大学,102,4,4,680,234
2024,物理,非军检、面试院校,10027,北京师范大学,103,13,13,621,10594
2024,物理,非军检、面试院校,10032,北京语言大学,102,5,5,583,34613
2024,物理,非军检、面试院校,10033,中国传媒大学,102,2,2,603,20080
2024,物理,非军检、面试院校,10040,外交学院,104,8,8,609,16430
2024,物理,非军检、面试院校,10042,国际关系学院,107,2,2,601,21429
2024,物理,非军检、面试院校,10042,国际关系学院,108,3,3,600,21709
2024,物理,非军检、面试院校,10042,国际关系学院,109,4,4,595,25594
2024,物理,非军检、面试院校,10042,国际关系学院,110,3,3,604,19645
2024,物理,非军检、面试院校,10042,国际关系学院,111,1,1,628,8166
2024,物理,非军检、面试院校,10042,国际关系学院,112,1,1,610,15961
2024,物理,非军检、面试院校,10042,国际关系学院,113,1,1,587,31138
2024,物理,非军检、面试院校,10042,国际关系学院,114,1,1,589,29554
2024,物理,非军检、面试院校,10151,大连海事大学,101,3,3,581,36791
2024,物理,非军检、面试院校,10151,大连海事大学,102,3,3,585,32920
2024,物理,非军检、面试院校,10200,东北师范大学,104,1,1,609,16695
2024,物理,非军检、面试院校,10200,东北师范大学,105,2,2,605,18659
2024,物理,非军检、面试院校,10200,东北师范大学,106,3,3,604,19330
2024,物理,非军检、面试院校,10254,上海海事大学,101,3,3,559,59244
2024,物理,非军检、面试院校,10254,上海海事大学,102,3,3,562,56000
2024,物理,非军检、面试院校,10274,上海海关学院,103,70,70,604,19340
2024,物理,非军检、面试院校,10274,上海海关学院,104,29,29,614,13681
2024,物理,非军检、面试院校,10390,集美大学,101,6,6,542,81011
2024,物理,非军检、面试院校,10390,集美大学,102,8,8,547,74993
2024,物理,非军检、面试院校,10497,武汉理工大学,101,4,4,588,30183
2024,物理,非军检、面试院校,10511,华中师范大学,105,6,6,609,16372
2024,物理,非军检、面试院校,10511,华中师范大学,106,1,1,618,12045
2024,物理,非军检、面试院校,10511,华中师范大学,107,13,13,608,16931
2024,物理,非军检、面试院校,10520,中南财经政法大学,103,7,7,557,61674
2024,物理,非军检、面试院校,10520,中南财经政法大学,104,1,1,576,41315
2024,物理,非军检、面试院校,10532,湖南大学,101,2,2,610,16213
2024,物理,非军检、面试院校,10564,华南农业大学,191,60,60,568,49769
2024,物理,非军检、面试院校,10566,广东海洋大学,101,20,20,523,110197
2024,物理,非军检、面试院校,10566,广东海洋大学,102,40,40,513,124896
2024,物理,非军检、面试院校,10618,重庆交通大学,101,6,6,548,73310
2024,物理,非军检、面试院校,10618,重庆交通大学,102,5,5,541,81775
2024,物理,非军检、面试院校,10635,西南大学,105,1,1,625,9352
2024,物理,非军检、面试院校,10635,西南大学,106,1,1,605,19055
2024,物理,非军检、面试院校,10635,西南大学,107,1,1,605,18861
2024,物理,非军检、面试院校,10635,西南大学,108,1,1,614,13673
2024,物理,非军检、面试院校,10635,西南大学,109,8,8,605,18481
2024,物理,非军检、面试院校,10635,西南大学,110,2,2,605,18559
2024,物理,非军检、面试院校,10635,西南大学,111,1,1,606,18191
2024,物理,非军检、面试院校,10635,西南大学,112,1,1,614,13930
2024,物理,非军检、面试院校,10650,四川外国语大学,102,12,12,559,59330
2024,物理,非军检、面试院校,10652,西南政法大学,103,4,4,559,58901
2024,物理,非军检、面试院校,10652,西南政法大学,104,1,1,575,42433
2024,物理,非军检、面试院校,10718,陕西师范大学,104,1,1,618,11888
2024,物理,非军检、面试院校,10718,陕西师范大学,105,5,5,601,21230
2024,物理,非军检、面试院校,10718,陕西师范大学,106,2,2,602,20408
2024,物理,非军检、面试院校,10718,陕西师范大学,107,12,12,601,21064
2024,物理,非军检、面试院校,10718,陕西师范大学,108,3,3,602,20501
2024,物理,非军检、面试院校,10718,陕西师范大学,109,3,3,597,23736
2024,物理,非军检、面试院校,11100,海南热带海洋学院,101,3,3,511,129236
2024,物理,非军检、面试院校,11106,广州航海学院,101,349,349,490,164819
2024,物理,非军检、面试院校,16407,香港中文大学(深圳）,101,6,6,666,968
2024,物理,非军检、面试院校,16412,香港科技大学(广州),101,35,35,661,1424
2024,物理,非军检、面试院校,16412,香港科技大学(广州),102,89,89,641,4503
2024,物理,非军检、面试院校,19027,北京师范大学(珠海校区),104,13,13,622,10292
2024,物理,非军检、面试院校,19027,北京师范大学(珠海校区),105,111,111,614,13835
2024,物理,非军检、面试院校,81002,香港中文大学,103,1,1,668,795
2024,物理,非军检、面试院校,81002,香港中文大学,104,19,22,652,2487
2024,物理,非军检、面试院校,81006,香港城市大学,103,1,1,634,6402
2024,物理,非军检、面试院校,81006,香港城市大学,104,1,1,629,7854
2024,物理,非军检、面试院校,81006,香港城市大学,105,6,6,623,10134
2024,物理,非军检、面试院校,81006,香港城市大学,106,1,1,586,32633
2024,物理,非军检、面试院校,10576,韶关学院,131,2,2,502,4035
2024,物理,非军检、面试院校,10576,韶关学院,132,2,2,504,3807
2024,物理,非军检、面试院校,10576,韶关学院,133,1,1,506,3577
2024,物理,非军检、面试院校,10576,韶关学院,134,2,2,507,3427
2024,物理,非军检、面试院校,10576,韶关学院,136,1,1,523,1868
2024,物理,非军检、面试院校,10576,韶关学院,137,2,2,496,4940
2024,物理,非军检、面试院校,10576,韶关学院,187,2,2,507,3453
2024,物理,非军检、面试院校,10576,韶关学院,188,2,2,500,4354
2024,物理,非军检、面试院校,10576,韶关学院,301,2,2,511,2980
2024,物理,非军检、面试院校,10576,韶关学院,302,2,2,502,4115
2024,物理,非军检、面试院校,10577,惠州学院,120,2,2,529,1411
2024,物理,非军检、面试院校,10577,惠州学院,121,5,5,505,3671
2024,物理,非军检、面试院校,10577,惠州学院,122,3,3,515,2578
2024,物理,非军检、面试院校,10577,惠州学院,123,2,2,503,4007
2024,物理,非军检、面试院校,10577,惠州学院,125,2,2,521,2015
2024,物理,非军检、面试院校,10577,惠州学院,126,2,2,511,2948
2024,物理,非军检、面试院校,10577,惠州学院,127,1,1,510,3039
2024,物理,非军检、面试院校,10577,惠州学院,128,2,2,520,2130
2024,物理,非军检、面试院校,10577,惠州学院,129,1,1,505,3611
2024,物理,非军检、面试院校,10578,韩山师范学院,163,8,8,496,4930
2024,物理,非军检、面试院校,10578,韩山师范学院,164,2,2,498,4624
2024,物理,非军检、面试院校,10578,韩山师范学院,165,10,10,502,4100
2024,物理,非军检、面试院校,10579,岭南师范学院,162,10,10,499,4548
2024,物理,非军检、面试院校,10579,岭南师范学院,163,10,10,505,3649
2024,物理,非军检、面试院校,10580,肇庆学院,128,3,3,498,4609
2024,物理,非军检、面试院校,10580,肇庆学院,129,1,1,509,3142
2024,物理,非军检、面试院校,10580,肇庆学院,130,5,5,498,4622
2024,物理,非军检、面试院校,10580,肇庆学院,131,5,5,495,5076
2024,物理,非军检、面试院校,10580,肇庆学院,132,1,1,522,1912
2024,物理,非军检、面试院校,10580,肇庆学院,133,3,3,503,3974
2024,物理,非军检、面试院校,10580,肇庆学院,134,2,2,499,4446
2024,物理,非军检、面试院校,10588,广东技术师范大学,119,5,5,516,2460
2024,物理,非军检、面试院校,10588,广东技术师范大学,120,4,4,512,2839
2024,物理,非军检、面试院校,10588,广东技术师范大学,121,1,1,506,3582
2024,物理,非军检、面试院校,10588,广东技术师范大学,122,2,2,504,3844
2024,物理,非军检、面试院校,10588,广东技术师范大学,123,6,6,506,3558
2024,物理,非军检、面试院校,10576,韶关学院,122,2,2,493,1493
2024,物理,非军检、面试院校,10576,韶关学院,123,2,2,492,1539
2024,物理,非军检、面试院校,10576,韶关学院,124,1,1,496,1379
2024,物理,非军检、面试院校,10576,韶关学院,125,2,2,485,1877
2024,物理,非军检、面试院校,10576,韶关学院,126,2,2,496,1391
2024,物理,非军检、面试院校,10576,韶关学院,127,4,4,484,1928
2024,物理,非军检、面试院校,10576,韶关学院,128,2,2,508,915
2024,物理,非军检、面试院校,10576,韶关学院,303,2,2,500,1213
2024,物理,非军检、面试院校,10576,韶关学院,304,2,2,487,1790
2024,物理,非军检、面试院校,10576,韶关学院,305,1,1,505,992
2024,物理,非军检、面试院校,10576,韶关学院,306,1,1,479,2188
2024,物理,非军检、面试院校,10576,韶关学院,307,4,4,477,2273
2024,物理,非军检、面试院校,10577,惠州学院,114,3,3,508,900
2024,物理,非军检、面试院校,10577,惠州学院,115,2,2,515,701
2024,物理,非军检、面试院校,10577,惠州学院,116,5,5,493,1510
2024,物理,非军检、面试院校,10577,惠州学院,117,2,2,489,1685
2024,物理,非军检、面试院校,10577,惠州学院,118,10,10,478,2244
2024,物理,非军检、面试院校,10578,韩山师范学院,151,10,10,492,1541
2024,物理,非军检、面试院校,10578,韩山师范学院,152,1,1,532,362
2024,物理,非军检、面试院校,10578,韩山师范学院,153,8,8,475,2413
2024,物理,非军检、面试院校,10578,韩山师范学院,154,6,6,483,1988
2024,物理,非军检、面试院校,10579,岭南师范学院,159,10,10,477,2275
2024,物理,非军检、面试院校,10579,岭南师范学院,160,5,5,472,2573
2024,物理,非军检、面试院校,10579,岭南师范学院,161,10,10,480,2114
2024,物理,非军检、面试院校,10580,肇庆学院,135,1,1,493,1509
2024,物理,非军检、面试院校,10580,肇庆学院,136,3,3,483,1975
2024,物理,非军检、面试院校,10580,肇庆学院,137,5,5,492,1533
2024,物理,非军检、面试院校,10580,肇庆学院,138,5,5,483,1993
2024,物理,非军检、面试院校,10580,肇庆学院,139,1,1,519,603
2024,物理,非军检、面试院校,10580,肇庆学院,140,3,3,481,2065
2024,物理,非军检、面试院校,10580,肇庆学院,141,2,2,507,944
2024,物理,非军检、面试院校,10580,肇庆学院,142,2,2,508,904
2024,物理,非军检、面试院校,10582,嘉应学院,117,2,2,534,318
2024,物理,非军检、面试院校,10582,嘉应学院,118,1,1,498,1277
2024,物理,非军检、面试院校,10582,嘉应学院,119,5,5,473,2513
2024,物理,非军检、面试院校,10582,嘉应学院,120,3,3,473,2495
2024,物理,非军检、面试院校,10582,嘉应学院,121,10,10,470,2672
2024,物理,非军检、面试院校,10582,嘉应学院,122,4,4,477,2274
2025,物理,非军检、面试院校,10001,北京大学,104,4,4,677,474
2025,物理,非军检、面试院校,10003,清华大学,105,4,4,684,225
2025,物理,非军检、面试院校,10027,北京师范大学,106,4,4,625,11954
2025,物理,非军检、面试院校,10032,北京语言大学,104,13,13,576,48019
2025,物理,非军检、面试院校,10033,中国传媒大学,112,4,4,595,30379
2025,物理,非军检、面试院校,10036,对外经济贸易大学,104,4,4,613,17752
2025,物理,非军检、面试院校,10040,外交学院,108,8,8,611,19380
2025,物理,非军检、面试院校,10042,国际关系学院,119,2,2,601,25767
2025,物理,非军检、面试院校,10042,国际关系学院,120,2,2,603,24465
2025,物理,非军检、面试院校,10042,国际关系学院,121,5,5,602,25091
2025,物理,非军检、面试院校,10042,国际关系学院,122,5,5,609,20664
2025,物理,非军检、面试院校,10042,国际关系学院,123,1,1,622,12929
2025,物理,非军检、面试院校,10042,国际关系学院,124,1,1,623,12811
2025,物理,非军检、面试院校,10151,大连海事大学,103,3,3,589,35410
2025,物理,非军检、面试院校,10151,大连海事大学,104,3,3,598,28483
2025,物理,非军检、面试院校,10200,东北师范大学,108,2,2,616,16400
2025,物理,非军检、面试院校,10200,东北师范大学,109,2,2,605,23001
2025,物理,非军检、面试院校,10200,东北师范大学,110,2,2,610,19552
2025,物理,非军检、面试院校,10254,上海海事大学,103,8,8,570,55229
2025,物理,非军检、面试院校,10254,上海海事大学,104,8,8,573,51995
2025,物理,非军检、面试院校,10274,上海海关学院,107,66,66,619,14648
2025,物理,非军检、面试院校,10274,上海海关学院,108,27,27,628,10346
2025,物理,非军检、面试院校,10390,集美大学,103,6,6,558,69766
2025,物理,非军检、面试院校,10390,集美大学,104,8,8,567,59284
2025,物理,非军检、面试院校,10497,武汉理工大学,102,4,4,600,26441
2025,物理,非军检、面试院校,10511,华中师范大学,114,2,2,594,31002
2025,物理,非军检、面试院校,10511,华中师范大学,115,11,11,602,24958
2025,物理,非军检、面试院校,10511,华中师范大学,116,1,1,613,18010
2025,物理,非军检、面试院校,10511,华中师范大学,117,10,10,619,14841
2025,物理,非军检、面试院校,10511,华中师范大学,118,4,4,618,14936
2025,物理,非军检、面试院校,10520,中南财经政法大学,107,7,7,556,72276
2025,物理,非军检、面试院校,10520,中南财经政法大学,108,1,1,588,36685
2025,物理,非军检、面试院校,10532,湖南大学,102,2,2,605,23356
2025,物理,非军检、面试院校,10564,华南农业大学,191,60,60,572,52688
2025,物理,非军检、面试院校,10566,广东海洋大学,101,25,25,535,104255
2025,物理,非军检、面试院校,10566,广东海洋大学,102,54,54,526,119300
2025,物理,非军检、面试院校,10618,重庆交通大学,102,11,11,553,77506
2025,物理,非军检、面试院校,10635,西南大学,119,1,1,611,19187
2025,物理,非军检、面试院校,10635,西南大学,120,1,1,599,27342
2025,物理,非军检、面试院校,10635,西南大学,121,2,2,610,19625
2025,物理,非军检、面试院校,10635,西南大学,122,2,2,612,18436
2025,物理,非军检、面试院校,10635,西南大学,123,14,14,610,20022
2025,物理,非军检、面试院校,10635,西南大学,124,5,5,613,18136
2025,物理,非军检、面试院校,10635,西南大学,125,5,5,610,19994
2025,物理,非军检、面试院校,10635,西南大学,126,1,1,612,18286
2025,物理,非军检、面试院校,10650,四川外国语大学,104,13,13,552,78050
2025,物理,非军检、面试院校,10652,西南政法大学,107,6,6,565,61107
2025,物理,非军检、面试院校,10652,西南政法大学,108,1,1,589,35645
2025,物理,非军检、面试院校,10718,陕西师范大学,114,2,2,609,20169
2025,物理,非军检、面试院校,10718,陕西师范大学,115,4,4,606,22279
2025,物理,非军检、面试院校,10718,陕西师范大学,116,12,12,612,18238
2025,物理,非军检、面试院校,10718,陕西师范大学,117,7,7,611,19370
2025,物理,非军检、面试院校,10718,陕西师范大学,118,2,2,605,22823
2025,物理,非军检、面试院校,11066,烟台大学,102,4,4,537,101154
2025,物理,非军检、面试院校,11100,海南热带海洋学院,102,4,4,517,134377
2025,物理,非军检、面试院校,11106,广州航海学院,101,348,348,512,142393
2025,物理,非军检、面试院校,13471,集美大学诚毅学院,103,5,5,496,171400
2025,物理,非军检、面试院校,13471,集美大学诚毅学院,104,5,5,497,170177
2025,物理,非军检、面试院校,19027,北京师范大学(珠海校区),111,16,16,623,12654
2025,物理,非军检、面试院校,19027,北京师范大学(珠海校区),112,117,117,622,13094
2025,物理,非军检、面试院校,81002,香港中文大学,111,21,21,654,3005
2025,物理,非军检、面试院校,81002,香港中文大学,112,1,1,675,583
2025,物理,非军检、面试院校,81006,香港城市大学,113,9,9,621,13799
2025,物理,非军检、面试院校,81006,香港城市大学,114,1,1,621,13751
2025,物理,非军检、面试院校,81006,香港城市大学,115,1,1,607,21562
2025,物理,非军检、面试院校,81006,香港城市大学,116,1,1,650,3750
2025,物理,非军检、面试院校,81006,香港城市大学,118,2,2,608,20709
2025,物理,特殊类型招生（高校专项计划）,10001,北京大学,708,1,1,688,125
2025,物理,特殊类型招生（高校专项计划）,10002,中国人民大学,704,1,1,634,8209
2025,物理,特殊类型招生（高校专项计划）,10003,清华大学,706,3,3,677,492
2025,物理,特殊类型招生（高校专项计划）,10005,北京工业大学,702,1,1,571,53356
2025,物理,特殊类型招生（高校专项计划）,10006,北京航空航天大学,706,2,2,623,12600
2025,物理,特殊类型招生（高校专项计划）,10007,北京理工大学,706,1,1,635,7904
2025,物理,特殊类型招生（高校专项计划）,10008,北京科技大学,706,1,1,557,70969
2025,物理,特殊类型招生（高校专项计划）,10010,北京化工大学,706,1,1,596,29414
2025,物理,特殊类型招生（高校专项计划）,10013,北京邮电大学,702,1,1,633,8546
2025,物理,特殊类型招生（高校专项计划）,10019,中国农业大学,702,3,3,585,39661
2025,物理,特殊类型招生（高校专项计划）,10022,北京林业大学,702,1,1,545,88629
2025,物理,特殊类型招生（高校专项计划）,10034,中央财经大学,704,1,1,610,19562
2025,物理,特殊类型招生（高校专项计划）,10036,对外经济贸易大学,704,1,1,585,39161
2025,物理,特殊类型招生（高校专项计划）,10053,中国政法大学,708,1,1,613,17734
2025,物理,特殊类型招生（高校专项计划）,10054,华北电力大学(北京),702,1,1,598,27937
2025,物理,特殊类型招生（高校专项计划）,10055,南开大学,702,1,1,623,12692
2025,物理,特殊类型招生（高校专项计划）,10056,天津大学,702,1,1,553,76580
2025,物理,特殊类型招生（高校专项计划）,10079,华北电力大学(保定),702,1,1,607,21625
2025,物理,特殊类型招生（高校专项计划）,10141,大连理工大学,702,1,1,601,25602
2025,物理,特殊类型招生（高校专项计划）,10145,东北大学,702,1,1,575,49363
2025,物理,特殊类型招生（高校专项计划）,10151,大连海事大学,702,1,1,587,37469
2025,物理,特殊类型招生（高校专项计划）,10183,吉林大学,704,1,1,540,95852
2025,物理,特殊类型招生（高校专项计划）,10200,东北师范大学,704,1,1,554,74886
2025,物理,特殊类型招生（高校专项计划）,10225,东北林业大学,702,1,1,576,48027
2025,物理,特殊类型招生（高校专项计划）,10246,复旦大学,709,1,1,657,2405
2025,物理,特殊类型招生（高校专项计划）,10246,复旦大学,710,3,3,663,1581
2025,物理,特殊类型招生（高校专项计划）,10247,同济大学,702,2,2,624,12388
2025,物理,特殊类型招生（高校专项计划）,10248,上海交通大学,702,2,2,642,5476
2025,物理,特殊类型招生（高校专项计划）,10251,华东理工大学,703,2,2,592,33190
2025,物理,特殊类型招生（高校专项计划）,10251,华东理工大学,704,1,1,566,60239
2025,物理,特殊类型招生（高校专项计划）,10255,东华大学,702,3,2,572,52257
2025,物理,特殊类型招生（高校专项计划）,10269,华东师范大学,710,1,1,595,30407
2025,物理,特殊类型招生（高校专项计划）,10272,上海财经大学,702,1,1,564,62305
2025,物理,特殊类型招生（高校专项计划）,10284,南京大学,702,5,5,644,4950
2025,物理,特殊类型招生（高校专项计划）,10285,苏州大学,708,1,1,597,29046
2025,物理,特殊类型招生（高校专项计划）,10286,东南大学,702,2,2,632,9024
2025,物理,特殊类型招生（高校专项计划）,10287,南京航空航天大学,702,2,2,599,27270
2025,物理,特殊类型招生（高校专项计划）,10288,南京理工大学,702,2,2,565,61238
2025,物理,特殊类型招生（高校专项计划）,10294,河海大学,706,1,1,588,36497
2025,物理,特殊类型招生（高校专项计划）,10295,江南大学,702,1,1,583,40802
2025,物理,特殊类型招生（高校专项计划）,10316,中国药科大学,702,1,1,564,61878
2025,物理,特殊类型招生（高校专项计划）,10319,南京师范大学,706,1,1,568,57618
2025,物理,特殊类型招生（高校专项计划）,10335,浙江大学,706,12,12,652,3276
2025,物理,特殊类型招生（高校专项计划）,10358,中国科学技术大学,702,1,1,656,2623
2025,物理,特殊类型招生（高校专项计划）,10359,合肥工业大学,702,1,1,585,39287
2025,物理,特殊类型招生（高校专项计划）,10384,厦门大学,709,2,2,592,32888
2025,物理,特殊类型招生（高校专项计划）,10384,厦门大学,710,2,2,604,23968
2025,物理,特殊类型招生（高校专项计划）,10386,福州大学,703,2,3,585,39522
2025,物理,特殊类型招生（高校专项计划）,10386,福州大学,704,1,1,581,43111
2025,物理,特殊类型招生（高校专项计划）,10423,中国海洋大学,704,1,1,614,17303
2025,物理,特殊类型招生（高校专项计划）,10425,中国石油大学(华东),702,1,1,584,40121
2025,物理,特殊类型招生（高校专项计划）,10486,武汉大学,704,1,1,627,10802
2025,物理,特殊类型招生（高校专项计划）,10487,华中科技大学,702,2,2,625,11796
2025,物理,特殊类型招生（高校专项计划）,10491,中国地质大学(武汉),707,1,1,596,29813
2025,物理,特殊类型招生（高校专项计划）,10491,中国地质大学(武汉),708,1,1,556,72163
2025,物理,特殊类型招生（高校专项计划）,10497,武汉理工大学,706,3,3,599,27432
2025,物理,特殊类型招生（高校专项计划）,10504,华中农业大学,702,1,1,583,41390
2025,物理,特殊类型招生（高校专项计划）,10511,华中师范大学,708,1,1,570,55586
2025,物理,特殊类型招生（高校专项计划）,10520,中南财经政法大学,704,1,1,584,40536
2025,物理,特殊类型招生（高校专项计划）,10532,湖南大学,704,1,1,588,36069
2025,物理,特殊类型招生（高校专项计划）,10533,中南大学,705,2,2,572,52732
2025,物理,特殊类型招生（高校专项计划）,10533,中南大学,706,2,2,537,99965
2025,物理,特殊类型招生（高校专项计划）,10558,中山大学,711,3,3,628,10469
2025,物理,特殊类型招生（高校专项计划）,10558,中山大学,715,19,23,617,15643
2025,物理,特殊类型招生（高校专项计划）,10561,华南理工大学,707,12,21,601,26115
2025,物理,特殊类型招生（高校专项计划）,10561,华南理工大学,708,29,36,612,18474
2025,物理,特殊类型招生（高校专项计划）,10593,广西大学,702,1,1,577,47310
2025,物理,特殊类型招生（高校专项计划）,10610,四川大学,704,1,1,607,21721
2025,物理,特殊类型招生（高校专项计划）,10611,重庆大学,703,1,1,626,11206
2025,物理,特殊类型招生（高校专项计划）,10611,重庆大学,704,1,1,611,18939
2025,物理,特殊类型招生（高校专项计划）,10613,西南交通大学,702,2,1,551,78993
2025,物理,特殊类型招生（高校专项计划）,10614,电子科技大学,702,2,2,638,6740
2025,物理,特殊类型招生（高校专项计划）,10635,西南大学,704,1,1,544,89638
2025,物理,特殊类型招生（高校专项计划）,10651,西南财经大学,704,1,1,548,83894
2025,物理,特殊类型招生（高校专项计划）,10652,西南政法大学,708,1,1,569,56599
2025,物理,特殊类型招生（高校专项计划）,10657,贵州大学,704,1,1,581,43253
2025,物理,特殊类型招生（高校专项计划）,10673,云南大学,702,1,1,579,44796
2025,物理,特殊类型招生（高校专项计划）,10697,西北大学,704,1,1,541,93744
2025,物理,特殊类型招生（高校专项计划）,10698,西安交通大学,702,1,1,631,9109
2025,物理,特殊类型招生（高校专项计划）,10699,西北工业大学,702,1,1,613,17695
2025,物理,特殊类型招生（高校专项计划）,10701,西安电子科技大学,702,1,1,616,16009
2025,物理,特殊类型招生（高校专项计划）,10710,长安大学,702,1,1,556,72678
2025,物理,特殊类型招生（高校专项计划）,10712,西北农林科技大学,702,1,1,563,63502
2025,物理,特殊类型招生（高校专项计划）,10718,陕西师范大学,704,1,1,567,58486
2025,物理,特殊类型招生（高校专项计划）,10730,兰州大学,704,1,1,597,29119
2025,物理,特殊类型招生（高校专项计划）,18213,哈尔滨工业大学(深圳),701,2,2,652,3355
2025,物理,特殊类型招生（高校专项计划）,19027,北京师范大学(珠海校区),710,2,2,613,17635
2025,物理,特殊类型招生（高校专项计划）,19213,哈尔滨工业大学(威海),702,2,1,623,12609
2025,物理,特殊类型招生（高校专项计划）,19248,上海交通大学医学院,702,4,1,609,20614
2025,物理,特殊类型招生（高校专项计划）,19359,合肥工业大学(宣城校区),703,1,1,550,80324
2025,物理,军检、面试院校,10006,北京航空航天大学,102,30,30,612,18558
2025,物理,军检、面试院校,10018,北京电子科技学院,103,4,4,642,5466
2025,物理,军检、面试院校,10018,北京电子科技学院,104,1,1,666,1327
2025,物理,军检、面试院校,10039,中国消防救援学院,102,6,6,582,42252
2025,物理,军检、面试院校,10041,中国人民公安大学,115,101,101,620,14027
2025,物理,军检、面试院校,10041,中国人民公安大学,116,19,19,639,6577
2025,物理,军检、面试院校,10041,中国人民公安大学,117,59,59,598,27940
2025,物理,军检、面试院校,10041,中国人民公安大学,118,3,3,602,24783
2025,物理,军检、面试院校,10041,中国人民公安大学,119,13,13,624,12241
2025,物理,军检、面试院校,10041,中国人民公安大学,120,1,1,650,3778
2025,物理,军检、面试院校,10059,中国民航大学,101,5,5,570,55199
2025,物理,军检、面试院校,10175,中国刑事警察学院,109,45,45,609,20367
2025,物理,军检、面试院校,10175,中国刑事警察学院,110,11,11,623,12614
2025,物理,军检、面试院校,10175,中国刑事警察学院,111,9,9,596,29409
2025,物理,军检、面试院校,10175,中国刑事警察学院,112,3,3,620,14302
2025,物理,军检、面试院校,10287,南京航空航天大学,101,10,10,575,49301
2025,物理,军检、面试院校,10624,中国民用航空飞行学院,101,15,15,543,91890
2025,物理,军检、面试院校,10624,中国民用航空飞行学院,102,10,10,534,104971
2025,物理,军检、面试院校,10624,中国民用航空飞行学院,103,55,55,578,46408
2025,物理,军检、面试院校,11105,中国人民警察大学,114,46,46,605,23140
2025,物理,军检、面试院校,11105,中国人民警察大学,115,11,11,622,13221
2025,物理,军检、面试院校,11105,中国人民警察大学,116,36,36,584,40205
2025,物理,军检、面试院校,11105,中国人民警察大学,117,3,3,596,29894
2025,物理,军检、面试院校,11105,中国人民警察大学,118,7,7,605,22816
2025,物理,军检、面试院校,11110,广东警官学院,101,222,222,555,73466
2025,物理,军检、面试院校,11110,广东警官学院,102,33,33,594,31021
2025,物理,军检、面试院校,11110,广东警官学院,103,445,445,578,46086
2025,物理,军检、面试院校,11110,广东警官学院,104,79,79,602,24887
2025,物理,军检、面试院校,11110,广东警官学院(公安专项),105,8,8,555,73433
2025,物理,军检、面试院校,11110,广东警官学院(公安专项),106,1,1,615,16625
2025,物理,军检、面试院校,11110,广东警官学院(公安专项),107,4,4,552,78009
2025,物理,军检、面试院校,11110,广东警官学院(公安专项),108,1,1,568,57447
2025,物理,军检、面试院校,11110,广东警官学院(公安专项),109,6,6,527,116546
2025,物理,军检、面试院校,11110,广东警官学院(公安专项),110,1,1,590,35077
2025,物理,军检、面试院校,11110,广东警官学院(公安专项),111,4,4,551,79602
2025,物理,军检、面试院校,11110,广东警官学院(公安专项),112,1,1,609,20525
2025,物理,军检、面试院校,11110,广东警官学院(公安专项),113,1,1,547,85840
2025,物理,军检、面试院校,11110,广东警官学院(公安专项),115,2,2,542,93085
2025,物理,军检、面试院校,11110,广东警官学院(公安专项),117,5,5,524,121631
2025,物理,军检、面试院校,11110,广东警官学院(公安专项),118,1,1,585,39319
2025,物理,军检、面试院校,11110,广东警官学院(公安专项),119,5,5,544,90417
2025,物理,军检、面试院校,11110,广东警官学院(公安专项),120,1,1,571,53537
2025,物理,军检、面试院校,11110,广东警官学院(公安专项),121,3,3,551,79238
2025,物理,军检、面试院校,11110,广东警官学院(公安专项),122,1,1,566,60010
2025,物理,军检、面试院校,11110,广东警官学院(公安专项),123,2,2,528,115662
2025,物理,军检、面试院校,11110,广东警官学院(公安专项),124,1,1,569,56600
2025,物理,军检、面试院校,11110,广东警官学院(公安专项),125,4,4,546,87492
2025,物理,军检、面试院校,11110,广东警官学院(公安专项),126,1,1,589,35328
2025,物理,军检、面试院校,11110,广东警官学院(公安专项),127,2,2,553,76879
2025,物理,军检、面试院校,11110,广东警官学院(公安专项),129,5,5,539,97168
2025,物理,军检、面试院校,11110,广东警官学院(公安专项),130,1,1,579,45482
2025,物理,军检、面试院校,11110,广东警官学院(公安专项),131,2,2,543,90803
2025,物理,军检、面试院校,11110,广东警官学院(公安专项),165,4,4,581,43566
2025,物理,军检、面试院校,11110,广东警官学院(公安专项),166,2,2,596,29340
2025,物理,军检、面试院校,11110,广东警官学院(公安专项),167,7,7,562,65101
2025,物理,军检、面试院校,11110,广东警官学院(公安专项),168,2,2,577,47547
2025,物理,军检、面试院校,11110,广东警官学院(公安专项),169,5,5,561,65769
2025,物理,军检、面试院校,11110,广东警官学院(公安专项),170,1,1,592,32711
2025,物理,军检、面试院校,11110,广东警官学院(公安专项),171,7,7,575,49176
2025,物理,军检、面试院校,11110,广东警官学院(公安专项),172,1,1,596,29490
2025,物理,军检、面试院校,11110,广东警官学院(公安专项),173,1,1,571,53679
2025,物理,军检、面试院校,11110,广东警官学院(公安专项),174,1,1,594,31396
2025,物理,军检、面试院校,11110,广东警官学院(公安专项),175,5,5,567,58105
2025,物理,军检、面试院校,11110,广东警官学院(公安专项),176,1,1,567,59059
2025,物理,军检、面试院校,11110,广东警官学院(公安专项),177,5,5,562,64524
2025,物理,军检、面试院校,11110,广东警官学院(公安专项),178,1,1,576,47903
2025,物理,军检、面试院校,11110,广东警官学院(公安专项),179,7,7,573,52035
2025,物理,军检、面试院校,11110,广东警官学院(公安专项),180,1,1,597,29183
2025,物理,军检、面试院校,11110,广东警官学院(公安专项),181,2,2,574,50609
2025,物理,军检、面试院校,11110,广东警官学院(公安专项),183,2,2,576,48676
2025,物理,军检、面试院校,11110,广东警官学院(公安专项),185,8,8,563,63149
2025,物理,军检、面试院校,11110,广东警官学院(公安专项),187,2,2,578,46574
2025,物理,军检、面试院校,11110,广东警官学院(公安专项),189,7,7,567,58859
2025,物理,军检、面试院校,11110,广东警官学院(公安专项),190,1,1,600,26245
2025,物理,军检、面试院校,11110,广东警官学院(公安专项),191,3,3,564,62316
2025,物理,军检、面试院校,11466,南京警察学院,108,8,8,602,25410
2025,物理,军检、面试院校,11466,南京警察学院,109,2,2,618,14930
2025,物理,军检、面试院校,11466,南京警察学院,110,2,2,582,42573
2025,物理,军检、面试院校,11903,中央司法警官学院,115,17,17,578,45932
2025,物理,军检、面试院校,11903,中央司法警官学院,116,2,2,606,22413
2025,物理,军检、面试院校,11903,中央司法警官学院,117,6,6,590,34844
2025,物理,军检、面试院校,11903,中央司法警官学院,118,1,1,602,25267
2025,物理,军检、面试院校,11903,中央司法警官学院,119,3,3,566,59493
2025,物理,军检、面试院校,11903,中央司法警官学院,120,2,2,587,36990
2025,物理,军检、面试院校,12735,郑州警察学院,109,17,17,578,46649
2025,物理,军检、面试院校,12735,郑州警察学院,110,3,3,602,25080
2025,物理,军检、面试院校,12735,郑州警察学院,111,30,30,552,77637
2025,物理,军检、面试院校,12735,郑州警察学院,112,3,3,593,32151
2025,物理,军检、面试院校,92002,国防科技大学,104,2,2,633,8409
2025,物理,军检、面试院校,92002,国防科技大学,105,32,32,636,7384
2025,物理,军检、面试院校,92002,国防科技大学,106,8,8,634,8353
2025,物理,军检、面试院校,92002,国防科技大学,107,6,6,636,7404
2025,物理,军检、面试院校,92002,国防科技大学,108,3,3,644,4941
2025,物理,军检、面试院校,92004,陆军工程大学,101,7,7,601,25966
2025,物理,军检、面试院校,92004,陆军工程大学,102,1,1,600,26628
2025,物理,军检、面试院校,92004,陆军工程大学,103,9,9,606,22691
2025,物理,军检、面试院校,92004,陆军工程大学,104,2,2,609,20238
2025,物理,军检、面试院校,92004,陆军工程大学,105,1,1,606,22206
2025,物理,军检、面试院校,92004,陆军工程大学,106,1,1,611,19020
2025,物理,军检、面试院校,92005,陆军兵种大学,101,16,16,591,33722
2025,物理,军检、面试院校,92005,陆军兵种大学,102,6,6,588,36828
2025,物理,军检、面试院校,92005,陆军兵种大学,103,3,3,577,46846
2025,物理,军检、面试院校,92005,陆军兵种大学,104,4,4,591,33744
2025,物理,军检、面试院校,92005,陆军兵种大学,105,7,7,590,34442
2025,物理,军检、面试院校,92006,陆军步兵学院,101,3,3,574,50087
2025,物理,军检、面试院校,92010,陆军防化学院,101,6,6,582,42256
2025,物理,军检、面试院校,92011,陆军军医大学,101,1,1,596,29620
2025,物理,军检、面试院校,92011,陆军军医大学,102,7,7,602,25322
2025,物理,军检、面试院校,92011,陆军军医大学,103,1,1,613,18011
2025,物理,军检、面试院校,92013,海军工程大学,101,8,8,610,19621
2025,物理,军检、面试院校,92013,海军工程大学,102,7,7,603,24236
2025,物理,军检、面试院校,92013,海军工程大学,103,1,1,606,22355
2025,物理,军检、面试院校,92013,海军工程大学,104,1,1,640,6218
2025,物理,军检、面试院校,92013,海军工程大学,105,1,1,632,8843
2025,物理,军检、面试院校,92013,海军工程大学,106,1,1,628,10660
2025,物理,军检、面试院校,92014,海军大连舰艇学院,101,1,1,631,9280
2025,物理,军检、面试院校,92014,海军大连舰艇学院,102,24,24,596,29965
2025,物理,军检、面试院校,92022,空军工程大学,101,20,20,608,21125
2025,物理,军检、面试院校,92022,空军工程大学,102,3,3,607,21857
2025,物理,军检、面试院校,92022,空军工程大学,103,1,1,619,14415
2025,物理,军检、面试院校,92023,空军预警学院,101,4,4,597,28906
2025,物理,军检、面试院校,92023,空军预警学院,102,2,2,599,27224
2025,物理,军检、面试院校,92027,空军军医大学,101,9,9,601,26211
2025,物理,军检、面试院校,92027,空军军医大学,102,1,1,627,10839
2025,物理,军检、面试院校,92031,火箭军工程大学,101,16,16,600,26624
2025,物理,军检、面试院校,92033,军事航天部队航天工程大学,101,2,2,618,15186
2025,物理,军检、面试院校,92033,军事航天部队航天工程大学,102,7,7,616,16278
2025,物理,军检、面试院校,92033,军事航天部队航天工程大学,103,4,4,610,19483
2025,物理,军检、面试院校,92034,网络空间部队信息工程大学,101,1,1,620,14025
2025,物理,军检、面试院校,92034,网络空间部队信息工程大学,102,25,25,623,12858
2025,物理,军检、面试院校,92034,网络空间部队信息工程大学,103,4,4,618,15163
2025,物理,军检、面试院校,92034,网络空间部队信息工程大学,104,3,3,628,10400
2025,物理,军检、面试院校,92034,网络空间部队信息工程大学,105,2,2,626,11142
2025,物理,军检、面试院校,92036,联勤保障部队工程大学,101,7,7,595,30321
2025,物理,军检、面试院校,92036,联勤保障部队工程大学,102,2,2,611,18985
2025,物理,军检、面试院校,92036,联勤保障部队工程大学,103,3,3,595,30690
2025,物理,军检、面试院校,92036,联勤保障部队工程大学,104,1,1,595,30432
2025,物理,军检、面试院校,92038,武警工程大学,101,9,9,589,35711
2025,物理,军检、面试院校,92038,武警工程大学,102,1,1,605,22709
2025,物理,军检、面试院校,92039,武警警官学院,102,27,27,585,39686
2025,物理,军检、面试院校,92039,武警警官学院,103,6,6,577,47618
2025,物理,军检、面试院校,92039,武警警官学院,104,8,8,589,36017
2026,物理,非军检、面试院校,10001,北京大学,102,4,4,678,433
2026,物理,非军检、面试院校,10003,清华大学,102,4,4,683,280
2026,物理,非军检、面试院校,10027,北京师范大学,103,14,14,623,14036
2026,物理,非军检、面试院校,10032,北京语言大学,102,6,6,588,42294
2026,物理,非军检、面试院校,10033,中国传媒大学,102,2,2,603,27683
2026,物理,非军检、面试院校,10036,对外经济贸易大学,102,4,4,610,22551
2026,物理,非军检、面试院校,10040,外交学院,104,8,8,612,20647
2026,物理,非军检、面试院校,10042,国际关系学院,107,2,2,601,29354
2026,物理,非军检、面试院校,10042,国际关系学院,108,2,2,607,24854
2026,物理,非军检、面试院校,10042,国际关系学院,109,5,5,606,24982
2026,物理,非军检、面试院校,10042,国际关系学院,110,5,5,607,24323
2026,物理,非军检、面试院校,10042,国际关系学院,111,1,1,623,13832
2026,物理,非军检、面试院校,10042,国际关系学院,112,1,1,619,16396
2026,物理,非军检、面试院校,10151,大连海事大学,101,5,5,595,34779
2026,物理,非军检、面试院校,10151,大连海事大学,102,5,5,596,34232
2026,物理,非军检、面试院校,10200,东北师范大学,103,2,2,614,19542
2026,物理,非军检、面试院校,10200,东北师范大学,104,5,5,615,18735
2026,物理,非军检、面试院校,10200,东北师范大学,105,1,1,613,20387
2026,物理,非军检、面试院校,10254,上海海事大学,101,10,10,580,51419
2026,物理,非军检、面试院校,10254,上海海事大学,102,8,8,586,43952
2026,物理,非军检、面试院校,10271,上海外国语大学,104,8,8,600,30054
2026,物理,非军检、面试院校,10274,上海海关学院,103,49,49,627,11896
2026,物理,非军检、面试院校,10274,上海海关学院,104,20,20,635,8535
2026,物理,非军检、面试院校,10390,集美大学,101,6,6,574,59231
2026,物理,非军检、面试院校,10390,集美大学,102,8,8,575,57020
2026,物理,非军检、面试院校,10423,中国海洋大学,102,3,3,612,21097
2026,物理,非军检、面试院校,10497,武汉理工大学,101,5,5,607,24906
2026,物理,非军检、面试院校,10497,武汉理工大学,102,4,4,597,32934
2026,物理,非军检、面试院校,10511,华中师范大学,103,2,2,601,29184
2026,物理,非军检、面试院校,10511,华中师范大学,105,5,5,619,16079
2026,物理,非军检、面试院校,10511,华中师范大学,106,23,23,624,13537
2026,物理,非军检、面试院校,10520,中南财经政法大学,103,8,8,574,58287
2026,物理,非军检、面试院校,10564,华南农业大学,191,60,60,576,56580
2026,物理,非军检、面试院校,10566,广东海洋大学,101,24,24,548,95772
2026,物理,非军检、面试院校,10566,广东海洋大学,102,52,52,539,111370
2026,物理,非军检、面试院校,10618,重庆交通大学,101,11,11,561,76858
2026,物理,非军检、面试院校,10635,西南大学,107,1,1,618,17109
2026,物理,非军检、面试院校,10635,西南大学,108,1,1,619,16370
2026,物理,非军检、面试院校,10635,西南大学,109,2,2,607,24904
2026,物理,非军检、面试院校,10635,西南大学,110,1,1,613,19871
2026,物理,非军检、面试院校,10635,西南大学,111,3,3,610,22572
2026,物理,非军检、面试院校,10635,西南大学,112,12,12,617,17240
2026,物理,非军检、面试院校,10635,西南大学,113,6,6,619,16552
2026,物理,非军检、面试院校,10635,西南大学,114,5,5,616,18027
2026,物理,非军检、面试院校,10635,西南大学,115,1,1,617,17536
2026,物理,非军检、面试院校,10650,四川外国语大学,102,11,11,563,73668
2026,物理,非军检、面试院校,10652,西南政法大学,103,4,4,572,60583
2026,物理,非军检、面试院校,10652,西南政法大学,104,1,1,599,31086
2026,物理,非军检、面试院校,10718,陕西师范大学,104,6,6,612,20681
2026,物理,非军检、面试院校,10718,陕西师范大学,105,6,6,606,25481
2026,物理,非军检、面试院校,10718,陕西师范大学,106,16,16,620,15562
2026,物理,非军检、面试院校,10718,陕西师范大学,107,8,8,615,18819
2026,物理,非军检、面试院校,10718,陕西师范大学,108,1,1,620,15951
2026,物理,非军检、面试院校,11066,烟台大学,101,4,4,547,97043
2026,物理,非军检、面试院校,11100,海南热带海洋学院,101,6,6,527,131423
2026,物理,非军检、面试院校,11106,广州航海学院,101,381,381,525,135170
2026,物理,非军检、面试院校,13471,集美大学诚毅学院,101,4,4,516,150883
2026,物理,非军检、面试院校,13471,集美大学诚毅学院,102,4,4,511,160373
2026,物理,非军检、面试院校,19027,北京师范大学(珠海校区),104,11,11,627,11959
2026,物理,非军检、面试院校,19027,北京师范大学(珠海校区),105,110,110,628,11542
2026,物理,非军检、面试院校,81002,香港中文大学,103,20,22,651,3596
2026,物理,非军检、面试院校,81002,香港中文大学,104,1,1,668,1141
2026,物理,军检、面试院校,10006,北京航空航天大学,101,50,50,601,29903
2026,物理,军检、面试院校,10018,北京电子科技学院,101,4,4,648,4399
2026,物理,军检、面试院校,10018,北京电子科技学院,102,1,1,665,1431
2026,物理,军检、面试院校,10039,中国消防救援学院,102,8,8,590,39598
2026,物理,军检、面试院校,10039,中国消防救援学院,103,1,1,606,25367
2026,物理,军检、面试院校,10041,中国人民公安大学,105,98,98,625,13056
2026,物理,军检、面试院校,10041,中国人民公安大学,106,16,16,639,7178
2026,物理,军检、面试院校,10041,中国人民公安大学,107,52,52,600,30499
2026,物理,军检、面试院校,10041,中国人民公安大学,108,6,6,601,29735
2026,物理,军检、面试院校,10041,中国人民公安大学,109,12,12,627,11767
2026,物理,军检、面试院校,10041,中国人民公安大学,110,1,1,636,7977
2026,物理,军检、面试院校,10175,中国刑事警察学院,103,52,52,611,21134
2026,物理,军检、面试院校,10175,中国刑事警察学院,104,10,10,625,12965
2026,物理,军检、面试院校,10175,中国刑事警察学院,105,14,14,591,38534
2026,物理,军检、面试院校,10175,中国刑事警察学院,106,2,2,625,13138
2026,物理,军检、面试院校,10287,南京航空航天大学,101,10,10,592,38038
2026,物理,军检、面试院校,10624,中国民用航空飞行学院,101,10,10,547,97660
2026,物理,军检、面试院校,10624,中国民用航空飞行学院,102,10,10,563,73204
2026,物理,军检、面试院校,10624,中国民用航空飞行学院,103,50,50,575,56857
2026,物理,军检、面试院校,11105,中国人民警察大学,105,38,38,613,20147
2026,物理,军检、面试院校,11105,中国人民警察大学,106,9,9,627,12104
2026,物理,军检、面试院校,11105,中国人民警察大学,107,27,27,588,41958
2026,物理,军检、面试院校,11105,中国人民警察大学,108,2,2,598,32056
2026,物理,军检、面试院校,11105,中国人民警察大学,109,3,3,619,16209
2026,物理,军检、面试院校,11110,广东警官学院,101,196,196,566,68973
2026,物理,军检、面试院校,11110,广东警官学院,102,32,32,601,29454
2026,物理,军检、面试院校,11110,广东警官学院,103,449,449,586,44439
2026,物理,军检、面试院校,11110,广东警官学院,104,78,78,610,22470
2026,物理,军检、面试院校,11110,广东警官学院,105,5,5,569,64689
2026,物理,军检、面试院校,11110,广东警官学院,106,1,1,618,16866
2026,物理,军检、面试院校,11110,广东警官学院,107,3,3,550,92465
2026,物理,军检、面试院校,11110,广东警官学院,109,3,3,558,80499
2026,物理,军检、面试院校,11110,广东警官学院,110,1,1,594,35744
2026,物理,军检、面试院校,11110,广东警官学院,111,4,4,544,102704
2026,物理,军检、面试院校,11110,广东警官学院,113,1,1,557,82299
2026,物理,军检、面试院校,11110,广东警官学院,115,2,2,558,79978
2026,物理,军检、面试院校,11110,广东警官学院,116,1,1,577,54500
2026,物理,军检、面试院校,11110,广东警官学院,117,3,3,548,96550
2026,物理,军检、面试院校,11110,广东警官学院,118,1,1,592,37779
2026,物理,军检、面试院校,11110,广东警官学院,119,4,4,556,83431
2026,物理,军检、面试院校,11110,广东警官学院,121,2,2,562,74729
2026,物理,军检、面试院校,11110,广东警官学院,122,1,1,593,37097
2026,物理,军检、面试院校,11110,广东警官学院,123,2,2,545,101104
2026,物理,军检、面试院校,11110,广东警官学院,125,3,3,551,91456
2026,物理,军检、面试院校,11110,广东警官学院,126,1,1,572,61460
2026,物理,军检、面试院校,11110,广东警官学院,127,2,2,566,69654
2026,物理,军检、面试院校,11110,广东警官学院,129,4,4,557,81577
2026,物理,军检、面试院校,11110,广东警官学院,130,1,1,597,33406
2026,物理,军检、面试院校,11110,广东警官学院,131,2,2,541,107228
2026,物理,军检、面试院校,11110,广东警官学院,165,4,4,603,27715
2026,物理,军检、面试院校,11110,广东警官学院,166,1,1,608,23815
2026,物理,军检、面试院校,11110,广东警官学院,167,7,7,568,67098
2026,物理,军检、面试院校,11110,广东警官学院,168,2,2,601,29500
2026,物理,军检、面试院校,11110,广东警官学院,169,7,7,579,52493
2026,物理,军检、面试院校,11110,广东警官学院,170,1,1,605,25777
2026,物理,军检、面试院校,11110,广东警官学院,171,8,8,575,57360
2026,物理,军检、面试院校,11110,广东警官学院,172,2,2,587,42836
2026,物理,军检、面试院校,11110,广东警官学院,173,1,1,585,45349
2026,物理,军检、面试院校,11110,广东警官学院,174,1,1,599,31598
2026,物理,军检、面试院校,11110,广东警官学院,175,5,5,574,58430
2026,物理,军检、面试院校,11110,广东警官学院,176,1,1,585,45988
2026,物理,军检、面试院校,11110,广东警官学院,177,6,6,571,61914
2026,物理,军检、面试院校,11110,广东警官学院,179,7,7,582,48565
2026,物理,军检、面试院校,11110,广东警官学院,180,2,2,601,29148
2026,物理,军检、面试院校,11110,广东警官学院,181,2,2,583,47605
2026,物理,军检、面试院校,11110,广东警官学院,183,3,3,573,59543
2026,物理,军检、面试院校,11110,广东警官学院,184,1,1,595,35295
2026,物理,军检、面试院校,11110,广东警官学院,185,8,8,569,64907
2026,物理,军检、面试院校,11110,广东警官学院,186,1,1,602,28577
2026,物理,军检、面试院校,11110,广东警官学院,187,3,3,570,63521
2026,物理,军检、面试院校,11110,广东警官学院,189,6,6,582,48730
2026,物理,军检、面试院校,11110,广东警官学院,190,1,1,601,29801
2026,物理,军检、面试院校,11110,广东警官学院,191,3,3,557,82595
2026,物理,军检、面试院校,11466,南京警察学院,103,11,11,608,23725
2026,物理,军检、面试院校,11466,南京警察学院,104,2,2,625,12973
2026,物理,军检、面试院校,11466,南京警察学院,105,8,8,580,50647
2026,物理,军检、面试院校,11903,中央司法警官学院,105,24,24,581,49487
2026,物理,军检、面试院校,11903,中央司法警官学院,106,3,3,613,20139
2026,物理,军检、面试院校,11903,中央司法警官学院,107,2,2,587,42957
2026,物理,军检、面试院校,11903,中央司法警官学院,108,1,1,609,23223
2026,物理,军检、面试院校,12735,郑州警察学院,103,22,22,585,45491
2026,物理,军检、面试院校,12735,郑州警察学院,104,4,4,608,23566
2026,物理,军检、面试院校,12735,郑州警察学院,105,19,19,564,71878
2026,物理,军检、面试院校,12735,郑州警察学院,106,1,1,600,30178
2026,物理,军检、面试院校,92002,国防科技大学,104,4,4,639,6905
2026,物理,军检、面试院校,92002,国防科技大学,105,36,36,640,6559
2026,物理,军检、面试院校,92002,国防科技大学,106,4,4,640,6693
2026,物理,军检、面试院校,92002,国防科技大学,107,3,3,646,5002
2026,物理,军检、面试院校,92002,国防科技大学,108,3,3,655,2894
2026,物理,军检、面试院校,92002,国防科技大学,109,1,1,648,4407
2026,物理,军检、面试院校,92002,国防科技大学,110,3,3,583,48035
2026,物理,军检、面试院校,92004,陆军工程大学,101,1,1,613,20044
2026,物理,军检、面试院校,92004,陆军工程大学,102,1,1,621,15014
2026,物理,军检、面试院校,92004,陆军工程大学,103,9,9,605,25918
2026,物理,军检、面试院校,92004,陆军工程大学,104,3,3,593,36795
2026,物理,军检、面试院校,92004,陆军工程大学,105,4,4,615,18754
2026,物理,军检、面试院校,92004,陆军工程大学,106,1,1,614,19705
2026,物理,军检、面试院校,92005,陆军兵种大学,101,13,13,593,36492
2026,物理,军检、面试院校,92005,陆军兵种大学,102,5,5,591,38631
2026,物理,军检、面试院校,92005,陆军兵种大学,103,2,2,586,44177
2026,物理,军检、面试院校,92005,陆军兵种大学,104,9,9,597,32924
2026,物理,军检、面试院校,92005,陆军兵种大学,105,3,3,594,35713
2026,物理,军检、面试院校,92006,陆军步兵学院,101,3,3,589,41008
2026,物理,军检、面试院校,92006,陆军步兵学院,102,4,4,583,48067
2026,物理,军检、面试院校,92006,陆军步兵学院,103,4,4,587,42967
2026,物理,军检、面试院校,92010,陆军防化学院,101,3,3,584,46913
2026,物理,军检、面试院校,92010,陆军防化学院,102,13,13,588,42419
2026,物理,军检、面试院校,92011,陆军军医大学,101,1,1,603,27742
2026,物理,军检、面试院校,92011,陆军军医大学,102,6,6,607,24544
2026,物理,军检、面试院校,92011,陆军军医大学,103,2,2,619,16448
2026,物理,军检、面试院校,92013,海军工程大学,101,7,7,627,11834
2026,物理,军检、面试院校,92013,海军工程大学,102,5,5,612,20614
2026,物理,军检、面试院校,92013,海军工程大学,103,2,2,615,18801
2026,物理,军检、面试院校,92013,海军工程大学,104,2,2,620,15556
2026,物理,军检、面试院校,92013,海军工程大学,105,1,1,635,8620
2026,物理,军检、面试院校,92013,海军工程大学,106,1,1,642,5965
2026,物理,军检、面试院校,92014,海军大连舰艇学院,101,1,1,622,14308
2026,物理,军检、面试院校,92014,海军大连舰艇学院,102,20,20,603,27502
2026,物理,军检、面试院校,92014,海军大连舰艇学院,103,1,1,620,15659
2026,物理,军检、面试院校,92021,空军航空大学,101,3,3,592,38198
2026,物理,军检、面试院校,92022,空军工程大学,101,11,11,613,19824
2026,物理,军检、面试院校,92022,空军工程大学,102,5,5,613,20150
2026,物理,军检、面试院校,92022,空军工程大学,103,1,1,624,13205
2026,物理,军检、面试院校,92023,空军预警学院,101,9,9,602,28510
2026,物理,军检、面试院校,92023,空军预警学院,102,1,1,612,20877
2026,物理,军检、面试院校,92027,空军军医大学,101,8,8,618,17095
2026,物理,军检、面试院校,92027,空军军医大学,102,2,2,635,8444
2026,物理,军检、面试院校,92031,火箭军工程大学,101,13,13,605,26056
2026,物理,军检、面试院校,92031,火箭军工程大学,102,1,1,618,17000
2026,物理,军检、面试院校,92033,军事航天部队航天工程大学,101,11,11,619,16240
2026,物理,军检、面试院校,92033,军事航天部队航天工程大学,102,3,3,621,14826
2026,物理,军检、面试院校,92034,网络空间部队信息工程大学,102,1,1,624,13181
2026,物理,军检、面试院校,92034,网络空间部队信息工程大学,103,1,1,641,6498
2026,物理,军检、面试院校,92034,网络空间部队信息工程大学,104,26,26,625,12890
2026,物理,军检、面试院校,92034,网络空间部队信息工程大学,105,4,4,620,15558
2026,物理,军检、面试院校,92034,网络空间部队信息工程大学,106,3,3,645,5117
2026,物理,军检、面试院校,92036,联勤保障部队工程大学,101,4,4,608,24083
2026,物理,军检、面试院校,92036,联勤保障部队工程大学,102,2,2,616,18304
2026,物理,军检、面试院校,92036,联勤保障部队工程大学,103,3,3,602,28540
2026,物理,军检、面试院校,92036,联勤保障部队工程大学,104,3,3,604,27378
2026,物理,军检、面试院校,92038,武警工程大学,101,10,10,597,33396
2026,物理,军检、面试院校,92038,武警工程大学,102,1,1,608,23573
2026,物理,军检、面试院校,92039,武警警官学院,102,30,30,590,39837
2026,物理,军检、面试院校,92039,武警警官学院,103,2,2,583,47857
2026,物理,军检、面试院校,92039,武警警官学院,104,15,15,588,42217
2026,物理,教师专项,10574,华南师范大学,101,1,1,616,18209
2026,物理,教师专项,10574,华南师范大学,102,1,1,621,15284
2026,物理,教师专项,10574,华南师范大学,103,4,4,606,25088
2026,物理,教师专项,10574,华南师范大学,104,2,2,603,27482
2026,物理,教师专项,10574,华南师范大学,105,3,3,605,26413
2026,物理,教师专项,10574,华南师范大学,106,3,3,603,28090
2026,物理,教师专项,10574,华南师范大学,107,6,6,605,26351
2026,物理,教师专项,10576,韶关学院,103,7,7,576,56258
2026,物理,教师专项,10576,韶关学院,104,3,3,580,51189
2026,物理,教师专项,10577,惠州学院,104,10,10,600,30683
2026,物理,教师专项,10577,惠州学院,105,5,5,590,39507
2026,物理,教师专项,10577,惠州学院,107,30,30,592,38483
2026,物理,教师专项,10577,惠州学院,108,5,5,590,40211
2026,物理,教师专项,10578,韩山师范学院,106,6,6,565,71104
2026,物理,教师专项,10578,韩山师范学院,107,10,10,576,56075
2026,物理,教师专项,10578,韩山师范学院,108,10,10,577,54699
2026,物理,教师专项,10578,韩山师范学院,109,20,20,578,53045
2026,物理,教师专项,10578,韩山师范学院,110,1,1,586,43817
2026,物理,教师专项,10578,韩山师范学院,111,2,2,583,48168
2026,物理,教师专项,10578,韩山师范学院,112,2,2,582,48784
2026,物理,教师专项,10578,韩山师范学院,113,3,3,584,46156
2026,物理,教师专项,10579,岭南师范学院,107,1,1,581,49771
2026,物理,教师专项,10579,岭南师范学院,108,1,1,556,83017
2026,物理,教师专项,10579,岭南师范学院,109,1,1,559,78855
2026,物理,教师专项,10579,岭南师范学院,110,3,3,561,77011
2026,物理,教师专项,10579,岭南师范学院,111,3,3,569,64866
2026,物理,教师专项,10579,岭南师范学院,112,2,2,584,47112
2026,物理,教师专项,10579,岭南师范学院,113,2,2,562,74997
2026,物理,教师专项,10579,岭南师范学院,114,2,2,558,80641
2026,物理,教师专项,10579,岭南师范学院,115,30,30,571,62454
2026,物理,教师专项,10579,岭南师范学院,116,30,30,575,57276
2026,物理,教师专项,10579,岭南师范学院,117,15,15,559,79880
2026,物理,教师专项,10579,岭南师范学院,118,10,10,570,63270
2026,物理,教师专项,10579,岭南师范学院,119,10,10,578,53520
2026,物理,教师专项,10579,岭南师范学院,120,10,10,585,45876
2026,物理,教师专项,10580,肇庆学院,104,2,2,575,57862
2026,物理,教师专项,10580,肇庆学院,105,5,5,571,62851
2026,物理,教师专项,10580,肇庆学院,106,8,8,571,61933
2026,物理,教师专项,10582,嘉应学院,101,9,9,586,43872
2026,物理,教师专项,10582,嘉应学院,102,1,1,586,44355
2026,物理,教师专项,10582,嘉应学院,103,2,2,589,40879
2026,物理,教师专项,11078,广州大学,101,3,3,565,71236
2026,物理,教师专项,11078,广州大学,102,5,5,587,43415
2026,物理,教师专项,11078,广州大学,103,2,2,570,63629
2026,物理,教师专项,11078,广州大学,104,1,1,584,46541
2026,物理,教师专项,11078,广州大学,105,5,5,593,36475
2026,物理,教师专项,11078,广州大学,106,10,10,588,42161
2026,物理,教师专项,11078,广州大学,107,3,3,594,36246
2026,物理,教师专项,11078,广州大学,108,5,5,600,30322
2026,物理,教师专项,11078,广州大学,109,7,7,586,44161
2026,物理,教师专项,11078,广州大学,110,1,1,592,37843
2026,物理,教师专项,11078,广州大学,111,1,1,582,49116
2026,物理,教师专项,11078,广州大学,112,1,1,593,36659
2026,物理,教师专项,11078,广州大学,113,1,1,585,44891
2026,物理,教师专项,11078,广州大学,114,15,15,587,43690
2026,物理,教师专项,14278,广东第二师范学院,105,10,10,584,46089
2026,物理,教师专项,14278,广东第二师范学院,106,10,10,581,50531
2026,物理,教师专项,14278,广东第二师范学院,107,4,4,565,70396
2026,物理,教师专项,14278,广东第二师范学院,108,1,1,570,63852
2026,物理,教师专项,14278,广东第二师范学院,109,5,5,583,47730
2026,物理,教师专项,80002,华南师范大学(汕尾校区),101,14,14,599,31575
2026,物理,教师专项,80002,华南师范大学(汕尾校区),102,9,9,597,33245
2026,物理,教师专项,80002,华南师范大学(汕尾校区),103,5,5,608,23924
2026,物理,教师专项,80002,华南师范大学(汕尾校区),104,9,9,612,21002
2026,物理,教师专项,80002,华南师范大学(汕尾校区),105,9,9,599,31618
2026,物理,教师专项,80002,华南师范大学(汕尾校区),106,7,7,594,35924
2026,物理,教师专项,80002,华南师范大学(汕尾校区),107,5,5,598,31816
2026,物理,教师专项,80002,华南师范大学(汕尾校区),108,12,12,594,35863
2026,物理,教师专项,80002,华南师范大学(汕尾校区),109,3,3,577,54836
2026,物理,教师专项,80002,华南师范大学(汕尾校区),110,1,1,577,54815
2026,物理,教师专项,80002,华南师范大学(汕尾校区),111,8,8,569,65752
2026,物理,教师专项,80002,华南师范大学(汕尾校区),112,4,4,567,67139
2026,物理,教师专项,80002,华南师范大学(汕尾校区),113,1,1,576,55541
2026,物理,教师专项,80002,华南师范大学(汕尾校区),114,1,1,573,60187
2026,物理,教师专项,80002,华南师范大学(汕尾校区),115,2,2,584,46266
2026,物理,教师专项,80004,广东技术师范大学(河源校区),104,5,5,582,49138
2026,物理,教师专项,80004,广东技术师范大学(河源校区),105,19,19,573,59687
2026,物理,教师专项,80004,广东技术师范大学(河源校区),106,1,1,583,48256
2026,物理,农村卫生专项,10571,广东医科大学,101,2,2,602,28938
2026,物理,农村卫生专项,10571,广东医科大学,102,8,8,586,44814
2026,物理,农村卫生专项,10571,广东医科大学,103,14,14,571,62593
2026,物理,农村卫生专项,10571,广东医科大学,104,15,15,578,54261
2026,物理,农村卫生专项,10571,广东医科大学,105,2,2,599,30922
2026,物理,农村卫生专项,10571,广东医科大学,106,1,1,591,38906
2026,物理,农村卫生专项,10571,广东医科大学,107,2,2,596,34543
2026,物理,农村卫生专项,10571,广东医科大学,108,1,1,580,51519
2026,物理,农村卫生专项,10571,广东医科大学,109,20,20,560,77525
2026,物理,农村卫生专项,10571,广东医科大学,110,6,6,558,80586
2026,物理,农村卫生专项,10571,广东医科大学,111,15,15,553,87723
2026,物理,农村卫生专项,10571,广东医科大学,112,16,16,551,90416
2026,物理,农村卫生专项,10571,广东医科大学,113,2,2,569,65269
2026,物理,农村卫生专项,10571,广东医科大学,114,2,2,565,70134
2026,物理,农村卫生专项,10571,广东医科大学,115,2,2,591,39172
2026,物理,农村卫生专项,10571,广东医科大学,116,5,5,574,58673
2026,物理,农村卫生专项,10571,广东医科大学,117,5,5,566,68664
2026,物理,农村卫生专项,10571,广东医科大学,118,2,2,573,60188
2026,物理,农村卫生专项,10571,广东医科大学,119,2,2,577,54572
2026,物理,农村卫生专项,10571,广东医科大学,120,10,10,563,72866
2026,物理,农村卫生专项,10571,广东医科大学,121,2,2,583,47903
2026,物理,农村卫生专项,10571,广东医科大学,122,1,1,562,75280
2026,物理,农村卫生专项,10571,广东医科大学,123,1,1,558,80145
2026,物理,农村卫生专项,10571,广东医科大学,124,10,10,562,74943
2026,物理,农村卫生专项,10571,广东医科大学,125,18,18,563,73746
2026,物理,农村卫生专项,10571,广东医科大学,126,12,12,560,77848
2026,物理,农村卫生专项,10571,广东医科大学,127,15,15,560,77150
2026,物理,农村卫生专项,10571,广东医科大学,128,7,7,565,70068
2026,物理,农村卫生专项,10571,广东医科大学,129,24,24,589,41482
2026,物理,农村卫生专项,10572,广州中医药大学,101,3,3,596,33876
2026,物理,农村卫生专项,10572,广州中医药大学,102,1,1,605,25815
2026,物理,农村卫生专项,10572,广州中医药大学,103,2,2,586,44670
2026,物理,农村卫生专项,10572,广州中医药大学,104,3,3,582,48418
2026,物理,农村卫生专项,10572,广州中医药大学,105,1,1,599,31261
2026,物理,农村卫生专项,10572,广州中医药大学,106,2,2,581,50497
2026,物理,农村卫生专项,10572,广州中医药大学,107,1,1,586,44129
2026,物理,农村卫生专项,10572,广州中医药大学,108,3,3,586,44291
2026,物理,农村卫生专项,10572,广州中医药大学,109,3,3,589,40584
2026,物理,农村卫生专项,10572,广州中医药大学,110,6,6,577,54632
2026,物理,农村卫生专项,10572,广州中医药大学,111,3,3,581,50182
2026,物理,农村卫生专项,10572,广州中医药大学,112,8,8,568,65873
2026,物理,农村卫生专项,10572,广州中医药大学,113,3,3,580,51302
2026,物理,农村卫生专项,10572,广州中医药大学,114,6,6,569,65095
2026,物理,农村卫生专项,10572,广州中医药大学,115,7,7,576,55852
2026,物理,农村卫生专项,10572,广州中医药大学,116,8,8,574,58883
2026,物理,农村卫生专项,10572,广州中医药大学,117,1,1,596,33816
2026,物理,农村卫生专项,10572,广州中医药大学,118,3,3,591,38565
2026,物理,农村卫生专项,10572,广州中医药大学,119,2,2,582,49341
2026,物理,农村卫生专项,10572,广州中医药大学,120,1,1,591,38553
2026,物理,农村卫生专项,10572,广州中医药大学,121,1,1,590,39959
2026,物理,农村卫生专项,10572,广州中医药大学,122,1,1,608,23837
2026,物理,农村卫生专项,10572,广州中医药大学,123,1,1,605,26358
2026,物理,农村卫生专项,10572,广州中医药大学,124,6,6,571,62754
2026,物理,农村卫生专项,10572,广州中医药大学,125,3,3,570,63417
2026,物理,农村卫生专项,10572,广州中医药大学,126,4,4,564,72032
2026,物理,农村卫生专项,10572,广州中医药大学,127,4,4,564,71719
2026,物理,农村卫生专项,10572,广州中医药大学,128,1,1,589,41082
2026,物理,农村卫生专项,10572,广州中医药大学,129,1,1,575,57655
2026,物理,农村卫生专项,10572,广州中医药大学,130,1,1,603,28105
2026,物理,农村卫生专项,10572,广州中医药大学,131,1,1,587,43358
2026,物理,农村卫生专项,10572,广州中医药大学,132,8,8,568,66507
2026,物理,农村卫生专项,10572,广州中医药大学,133,1,1,597,33472
2026,物理,农村卫生专项,10572,广州中医药大学,134,1,1,568,66169
2026,物理,农村卫生专项,10572,广州中医药大学,135,3,3,568,65815
2026,物理,农村卫生专项,10572,广州中医药大学,136,5,5,566,69580
2026,物理,农村卫生专项,10572,广州中医药大学,137,3,3,586,44465
2026,物理,农村卫生专项,10572,广州中医药大学,138,4,4,581,50029
2026,物理,农村卫生专项,10572,广州中医药大学,139,3,3,580,50643
2026,物理,农村卫生专项,10572,广州中医药大学,140,1,1,584,46214
2026,物理,农村卫生专项,10572,广州中医药大学,141,1,1,579,51903
2026,物理,农村卫生专项,10572,广州中医药大学,142,4,4,574,58954
2026,物理,农村卫生专项,10572,广州中医药大学,143,3,3,580,51011
2026,物理,农村卫生专项,10572,广州中医药大学,144,4,4,565,70376
2026,物理,农村卫生专项,10572,广州中医药大学,145,6,6,608,23400
2026,物理,农村卫生专项,10573,广东药科大学,101,1,1,578,53183
2026,物理,农村卫生专项,10573,广东药科大学,102,1,1,578,53395
2026,物理,农村卫生专项,10573,广东药科大学,103,4,4,560,77423
2026,物理,农村卫生专项,10573,广东药科大学,104,5,5,562,75040
2026,物理,农村卫生专项,10573,广东药科大学,105,1,1,568,66697
2026,物理,农村卫生专项,10573,广东药科大学,106,10,10,558,80226
2026,物理,农村卫生专项,10573,广东药科大学,107,4,4,560,78303
2026,物理,农村卫生专项,10573,广东药科大学,108,10,10,555,85502
2026,物理,农村卫生专项,10573,广东药科大学,109,7,7,571,62686
2026,物理,农村卫生专项,10573,广东药科大学,110,2,2,588,41628
2026,物理,农村卫生专项,10573,广东药科大学,111,3,3,574,59124
2026,物理,农村卫生专项,10573,广东药科大学,112,7,7,565,70850
2026,物理,农村卫生专项,10573,广东药科大学,113,1,1,562,75288
2026,物理,农村卫生专项,10573,广东药科大学,114,4,4,561,75768
2026,物理,农村卫生专项,10573,广东药科大学,115,2,2,586,44657
2026,物理,农村卫生专项,10573,广东药科大学,116,2,2,585,45488
2026,物理,农村卫生专项,10573,广东药科大学,117,6,6,571,61962
2026,物理,农村卫生专项,10573,广东药科大学,118,5,5,580,51357
2026,物理,农村卫生专项,10573,广东药科大学,119,3,3,574,58763
2026,物理,农村卫生专项,10573,广东药科大学,120,2,2,595,35152
2026,物理,农村卫生专项,10573,广东药科大学,121,3,3,584,46573
2026,物理,农村卫生专项,10573,广东药科大学,122,3,3,558,79954
2026,物理,农村卫生专项,10573,广东药科大学,123,5,5,566,69284
2026,物理,农村卫生专项,10573,广东药科大学,124,1,1,564,72340
2026,物理,农村卫生专项,10573,广东药科大学,125,4,4,564,72531
2026,物理,农村卫生专项,10573,广东药科大学,126,10,10,561,76867
2026,物理,农村卫生专项,10573,广东药科大学,127,5,5,562,75397
2026,物理,农村卫生专项,10573,广东药科大学,128,2,2,570,64378
2026,物理,农村卫生专项,10573,广东药科大学,129,2,2,574,58507
2026,物理,农村卫生专项,10573,广东药科大学,130,5,5,570,64069
2026,物理,农村卫生专项,10573,广东药科大学,131,12,12,564,72370
2026,物理,农村卫生专项,10573,广东药科大学,132,15,15,559,79625
2026,物理,农村卫生专项,10576,韶关学院,109,3,3,557,81769
2026,物理,农村卫生专项,10576,韶关学院,110,5,5,555,84881
2026,物理,农村卫生专项,10576,韶关学院,111,1,1,564,72772
2026,物理,农村卫生专项,10576,韶关学院,112,2,2,554,86005
2026,物理,农村卫生专项,10576,韶关学院,113,6,6,560,77867
2026,物理,农村卫生专项,10576,韶关学院,114,1,1,567,67523
2026,物理,农村卫生专项,10576,韶关学院,115,10,10,558,80364
2026,物理,农村卫生专项,10576,韶关学院,116,4,4,549,94473
2026,物理,农村卫生专项,10576,韶关学院,117,5,5,556,83443
2026,物理,农村卫生专项,10576,韶关学院,118,2,2,551,90980
2026,物理,农村卫生专项,10576,韶关学院,119,13,13,546,99005
2026,物理,农村卫生专项,10576,韶关学院,120,12,12,550,93220
2026,物理,农村卫生专项,10576,韶关学院,121,3,3,565,70361
2026,物理,农村卫生专项,10576,韶关学院,122,26,26,548,95212
2026,物理,农村卫生专项,10576,韶关学院,123,24,24,545,100198
2026,物理,农村卫生专项,10576,韶关学院,124,8,8,555,85525
2026,物理,农村卫生专项,10576,韶关学院,125,5,5,545,100330
2026,物理,农村卫生专项,10576,韶关学院,126,10,10,546,99084
2026,物理,农村卫生专项,10576,韶关学院,127,8,8,546,99767
2026,物理,农村卫生专项,10582,嘉应学院,119,3,3,570,64038
2026,物理,农村卫生专项,10582,嘉应学院,120,24,24,550,92010
2026,物理,农村卫生专项,10582,嘉应学院,121,8,8,554,86311
2026,物理,农村卫生专项,10582,嘉应学院,122,5,5,563,73064
2026,物理,农村卫生专项,10582,嘉应学院,123,28,28,546,98517
2026,物理,农村卫生专项,10582,嘉应学院,124,2,2,563,72946
2026,物理,农村卫生专项,10582,嘉应学院,125,53,53,548,95594
2026,物理,农村卫生专项,10582,嘉应学院,126,17,17,545,100695
2026,物理,农村卫生专项,80001,汕头大学医学院,101,7,7,585,45480
2026,物理,农村卫生专项,80001,汕头大学医学院,102,3,3,584,46421
2026,物理,农村卫生专项,80001,汕头大学医学院,103,7,7,579,52197
2026,物理,农村卫生专项,80001,汕头大学医学院,104,7,7,577,55495
2026,物理,农村卫生专项,80001,汕头大学医学院,105,25,25,564,71764
2026,物理,农村卫生专项,80001,汕头大学医学院,106,13,13,578,54067
2026,物理,农村卫生专项,80001,汕头大学医学院,107,22,22,567,67649
2026,物理,农村卫生专项,80001,汕头大学医学院,108,7,7,571,62339
