code,name,group,major,plan,admit,score,rank,score_bound,rank_bound
10001,北京大学(高校专项计划),201,,1,1,648,124,,
10001,北京大学,203,,24,24,660,29,,
10002,中国人民大学(高校专项计划),201,,3,3,617,1299,,
10002,中国人民大学,202,,58,58,645,164,,
10002,中国人民大学,207,,5,5,657,43,,
10003,清华大学,201,,4,4,666,18,,
10004,北京交通大学,201,,10,10,599,3453,,
10004,北京交通大学,208,,2,2,602,2981,,
10006,北京航空航天大学,201,,6,6,631,496,,
10007,北京理工大学,201,,9,9,617,1238,,
10007,北京理工大学,205,,8,8,611,1838,,
10008,北京科技大学,201,,9,9,592,4651,,
10010,北京化工大学,201,,12,12,580,7883,,
10011,北京工商大学,201,,8,8,556,17147,,
10012,北京服装学院,201,,3,3,546,22315,,
10015,北京印刷学院,201,,1,1,552,19023,,
10017,北京石油化工学院,201,,2,2,537,27475,,
10019,中国农业大学,201,,7,7,593,4547,,
10019,中国农业大学,202,,9,9,605,2525,,
10019,中国农业大学(中外合作办学),203,,4,4,586,6198,,
10019,中国农业大学(中外合作办学),204,,2,2,593,4560,,
10019,中国农业大学(中外合作办学),209,,2,2,585,6377,,
10022,北京林业大学,201,,3,3,580,7675,,
10022,北京林业大学,202,,11,11,583,6971,,
10022,北京林业大学,203,,2,2,598,3695,,
10022,北京林业大学,204,,2,3,587,5795,,
10026,北京中医药大学,201,,6,6,576,9028,,
10027,北京师范大学,201,,13,13,629,557,,
10027,北京师范大学,213,,2,2,623,854,,
10028,首都师范大学,201,,2,2,585,6364,,
10028,首都师范大学,202,,6,6,587,5858,,
10029,首都体育学院,201,,4,4,537,27637,,
10030,北京外国语大学,201,,19,19,606,2413,,
10030,北京外国语大学,203,,2,2,612,1736,,
10030,北京外国语大学(中外合作办学),204,,5,5,593,4462,,
10031,北京第二外国语学院,201,,3,3,579,8174,,
10031,北京第二外国语学院,202,,14,14,565,13123,,
10031,北京第二外国语学院,203,,8,8,573,9982,,
10032,北京语言大学,201,,22,22,577,8684,,
10032,北京语言大学,203,,3,3,579,7990,,
10033,中国传媒大学,201,,2,2,602,2954,,
10033,中国传媒大学,202,,14,14,606,2493,,
10033,中国传媒大学(中外合作办学),203,,6,6,593,4600,,
10033,中国传媒大学,209,,5,5,600,3337,,
10033,中国传媒大学,210,,4,4,603,2822,,
10034,中央财经大学(高校专项计划),201,,1,1,598,3587,,
10034,中央财经大学,202,,38,38,611,1878,,
10034,中央财经大学(中外合作办学),203,,6,6,603,2780,,
10036,对外经济贸易大学,201,,39,39,610,2014,,
10036,对外经济贸易大学(高校专项计划),202,,1,1,605,2567,,
10036,对外经济贸易大学(中外合作办学),203,,6,6,595,4137,,
10037,北京物资学院,201,,3,3,548,20863,,
10038,首都经济贸易大学,201,,3,3,577,8724,,
10041,中国人民公安大学,201,,3,3,600,3256,,
10043,北京体育大学,201,,4,4,577,8618,,
10043,北京体育大学,202,,1,1,577,8576,,
10043,北京体育大学(中外合作办学),203,,8,8,534,29583,,
10046,中国音乐学院,201,,1,1,567,12257,,
10047,中央美术学院,201,,3,3,590,5161,,
10047,中央美术学院,202,,1,1,587,5846,,
10047,中央美术学院(中外合作办学),203,,6,6,502,52909,,
10048,中央戏剧学院,201,,9,9,571,10854,,
10049,中国戏曲学院,201,,1,1,547,21848,,
10049,中国戏曲学院,202,,3,3,549,20351,,
10050,北京电影学院,201,,2,2,583,6787,,
10050,北京电影学院,206,,2,2,573,10154,,
10050,北京电影学院,207,,2,2,576,8949,,
10050,北京电影学院,208,,2,2,578,8301,,
10050,北京电影学院,209,,3,3,578,8476,,
10050,北京电影学院,210,,3,3,576,8898,,
10052,中央民族大学,201,,20,20,601,3128,,
10052,中央民族大学,202,,30,30,600,3299,,
10053,中国政法大学,201,,65,65,604,2680,,
10053,中国政法大学,202,,10,10,636,328,,
10053,中国政法大学,203,,7,7,607,2276,,
10053,中国政法大学(中外合作办学),204,,8,8,581,7343,,
10054,华北电力大学(北京),201,,7,7,586,6227,,
10055,南开大学,201,,35,37,623,844,,
10056,天津大学,201,,13,13,606,2466,,
10056,天津大学(中外合作办学),203,,8,8,585,6339,,
10057,天津科技大学,201,,4,4,547,21391,,
10057,天津科技大学(中外合作办学),202,,2,2,551,19233,,
10058,天津工业大学,201,,18,18,556,16914,,
10058,天津工业大学,202,,8,8,538,26544,,
10059,中国民航大学,201,,29,29,554,18156,,
10059,中国民航大学,202,,1,1,559,15360,,
10063,天津中医药大学,201,,2,2,541,24999,,
10065,天津师范大学,201,,21,21,544,23172,,
10065,天津师范大学,202,,2,2,542,24456,,
10068,天津外国语大学,201,,2,2,556,17275,,
10068,天津外国语大学,202,,4,4,563,13623,,
10068,天津外国语大学(中外合作办学),203,,1,1,533,29619,,
10068,天津外国语大学,204,,2,2,565,12917,,
10068,天津外国语大学,209,,2,2,543,23929,,
10068,天津外国语大学,210,,6,6,551,19564,,
10069,天津商业大学,201,,3,3,537,27474,,
10069,天津商业大学,202,,6,6,528,33506,,
10069,天津商业大学,203,,25,25,535,28404,,
10070,天津财经大学,201,,4,4,570,11290,,
10070,天津财经大学,202,,4,4,563,13636,,
10070,天津财经大学,203,,3,3,564,13209,,
10070,天津财经大学,205,,4,4,551,19453,,
10070,天津财经大学,206,,2,2,545,22580,,
10071,天津体育学院,201,,1,1,529,32511,,
10071,天津体育学院,202,,3,3,517,41049,,
10077,河北地质大学,201,,6,6,517,40830,,
10079,华北电力大学(保定),201,,9,9,573,10131,,
10081,华北理工大学(联合培养),201,,2,2,529,32782,,
10081,华北理工大学,202,,3,3,526,34690,,
10081,华北理工大学,203,,3,3,542,24202,,
10081,华北理工大学,204,,3,3,518,40468,,
10089,河北医科大学,201,,3,3,535,28691,,
10094,河北师范大学(中外合作办学),201,,3,3,513,44425,,
10101,衡水学院,201,,2,2,511,45643,,
10104,邢台学院,201,,8,8,511,45800,,
10105,沧州师范学院,201,,10,10,510,46148,,
10107,石家庄铁道大学,201,,2,2,527,34136,,
10108,山西大学,201,,16,16,559,15372,,
10110,中北大学,201,,4,4,526,34708,,
10110,中北大学,202,,6,6,521,38359,,
10113,山西农业大学,201,,5,5,516,41557,,
10113,山西农业大学,202,,5,5,523,36722,,
10114,山西医科大学,201,,7,7,518,40269,,
10114,山西医科大学(中外合作办学),202,,2,2,504,51376,,
10114,山西医科大学,203,,2,2,526,34537,,
10118,山西师范大学,201,,24,24,521,38270,,
10118,山西师范大学,202,,2,2,546,21901,,
10120,山西大同大学,201,,5,5,511,45687,,
10125,山西财经大学,201,,4,4,522,37567,,
10126,内蒙古大学,201,,3,3,546,22342,,
10126,内蒙古大学,202,,1,1,573,10157,,
10126,内蒙古大学,203,,16,16,556,17006,,
10126,内蒙古大学,204,,1,1,556,16971,,
10126,内蒙古大学,205,,2,2,548,20852,,
10126,内蒙古大学,206,,4,4,555,17372,,
10127,内蒙古科技大学,201,,8,8,511,45968,,
10127,内蒙古科技大学,202,,3,3,511,45646,,
10129,内蒙古农业大学(联合培养),201,,3,3,498,56042,,
10135,内蒙古师范大学,201,,25,25,510,46723,,
10135,内蒙古师范大学,202,,5,5,525,34923,,
10136,内蒙古民族大学,201,,8,8,508,48170,,
10136,内蒙古民族大学,202,,3,3,516,41889,,
10140,辽宁大学,201,,3,3,572,10370,,
10140,辽宁大学,202,,21,21,569,11339,,
10140,辽宁大学,203,,27,27,569,11488,,
10140,辽宁大学(中外合作办学),204,,6,6,562,14029,,
10140,辽宁大学(中外合作办学),205,,2,2,549,20629,,
10140,辽宁大学(中外合作办学),206,,2,2,555,17503,,
10140,辽宁大学(中外合作办学),207,,5,5,558,15976,,
10140,辽宁大学(中外合作办学),208,,3,3,550,20029,,
10141,大连理工大学,201,,15,15,594,4244,,
10142,沈阳工业大学,201,,5,5,507,48546,,
10147,辽宁工程技术大学,201,,10,10,511,45321,,
10150,大连交通大学(中外合作办学),201,,3,3,522,37215,,
10151,大连海事大学,201,,3,3,580,7715,,
10151,大连海事大学,202,,18,18,582,7265,,
10151,大连海事大学(中外合作办学),203,,4,4,583,6990,,
10152,大连工业大学,201,,2,2,511,45836,,
10162,辽宁中医药大学,201,,2,2,552,18897,,
10165,辽宁师范大学(中外合作办学),201,,2,2,517,41116,,
10166,沈阳师范大学,201,,2,2,525,35493,,
10166,沈阳师范大学(中外合作办学),202,,7,7,501,53660,,
10167,渤海大学,201,,2,2,511,45810,,
10169,鞍山师范学院,201,,2,2,510,46744,,
10169,鞍山师范学院,202,,3,3,510,46358,,
10171,朝阳师范学院,201,,2,2,512,44550,,
10172,大连外国语大学,201,,1,1,557,16751,,
10172,大连外国语大学,202,,15,15,543,23896,,
10172,大连外国语大学(中外合作办学),203,,3,3,534,29568,,
10173,东北财经大学,201,,2,2,559,15542,,
10173,东北财经大学,202,,4,4,579,8090,,
10173,东北财经大学(中外合作办学),203,,5,5,549,20249,,
10173,东北财经大学(中外合作办学),204,,4,4,556,17233,,
10173,东北财经大学(中外合作办学),205,,4,4,545,22422,,
10173,东北财经大学(中外合作办学),206,,4,4,554,17976,,
10173,东北财经大学(中外合作办学),207,,2,2,573,10023,,
10173,东北财经大学(中外合作办学),208,,2,2,561,14861,,
10177,沈阳音乐学院,201,,2,2,516,41757,,
10183,吉林大学,201,,1,1,600,3354,,
10183,吉林大学,202,,4,4,598,3645,,
10183,吉林大学(高校专项计划),203,,1,1,582,7097,,
10183,吉林大学,204,,11,11,600,3327,,
10183,吉林大学,205,,8,8,601,3049,,
10183,吉林大学,206,,4,4,622,895,,
10183,吉林大学,207,,4,4,608,2159,,
10183,吉林大学,208,,9,9,600,3335,,
10184,延边大学,201,,3,3,547,21471,,
10184,延边大学,202,,6,6,542,24461,,
10184,延边大学,203,,6,6,555,17447,,
10184,延边大学,204,,6,6,548,21287,,
10184,延边大学,205,,3,3,554,17742,,
10186,长春理工大学,201,,4,4,521,37826,,
10186,长春理工大学,202,,15,15,520,39152,,
10186,长春理工大学,203,,8,8,521,38136,,
10188,东北电力大学,201,,2,2,533,29809,,
10190,长春工业大学,201,,2,2,515,42641,,
10190,长春工业大学,202,,2,2,511,45564,,
10190,长春工业大学,203,,2,2,501,53889,,
10190,长春工业大学,204,,2,2,519,39860,,
10190,长春工业大学,205,,4,4,518,39923,,
10191,吉林建筑大学,201,,1,1,514,43233,,
10200,东北师范大学,201,,3,3,578,8364,,
10200,东北师范大学(高校专项计划),202,,1,1,572,10308,,
10200,东北师范大学,203,,10,10,577,8701,,
10200,东北师范大学,204,,3,3,543,23662,,
10200,东北师范大学(中外合作办学),205,,2,2,556,16815,,
10200,东北师范大学(中外合作办学),206,,2,2,561,14653,,
10201,北华大学,201,,2,2,517,41345,,
10201,北华大学,202,,10,10,510,46116,,
10201,北华大学,208,,4,4,521,37751,,
10203,吉林师范大学,201,,4,4,518,40015,,
10203,吉林师范大学,202,,2,2,543,23630,,
10205,长春师范大学,201,,2,2,529,32435,,
10205,长春师范大学,202,,4,4,538,26662,,
10205,长春师范大学(校企联合培养),206,,2,2,507,48640,,
10207,吉林财经大学,201,,4,4,528,33270,,
10207,吉林财经大学,202,,4,4,545,22530,,
10207,吉林财经大学(中外合作办学),203,,4,4,525,35256,,
10207,吉林财经大学,208,,5,5,513,43898,,
10207,吉林财经大学,209,,2,2,535,28350,,
10207,吉林财经大学,210,,2,2,543,23598,,
10207,吉林财经大学,211,,4,4,504,51207,,
10212,黑龙江大学,201,,4,4,546,22348,,
10212,黑龙江大学,202,,18,18,527,34011,,
10212,黑龙江大学,215,,11,11,520,39100,,
10212,黑龙江大学,216,,14,14,524,35992,,
10212,黑龙江大学,217,,4,4,549,20445,,
10214,哈尔滨理工大学,201,,12,12,513,43911,,
10214,哈尔滨理工大学,202,,8,8,509,47114,,
10214,哈尔滨理工大学(联合培养),207,,5,5,442,111655,,
10216,燕山大学,201,,14,14,540,25758,,
10217,哈尔滨工程大学,201,,4,4,579,8179,,
10217,哈尔滨工程大学,202,,2,2,580,7780,,
10217,哈尔滨工程大学,230,,7,7,577,8589,,
10217,哈尔滨工程大学,231,,2,2,579,8080,,
10219,黑龙江科技大学,201,,18,18,509,47244,,
10220,东北石油大学,201,,1,1,527,33954,,
10220,东北石油大学,202,,5,5,527,33730,,
10222,佳木斯大学,201,,5,5,509,47386,,
10222,佳木斯大学,202,,5,5,509,46959,,
10222,佳木斯大学,203,,5,5,507,48528,,
10222,佳木斯大学,204,,24,24,507,48676,,
10224,东北农业大学,201,,3,3,557,16685,,
10224,东北农业大学,202,,20,20,553,18479,,
10224,东北农业大学(中美121双学位),213,,2,2,538,26901,,
10225,东北林业大学,201,,6,6,567,12281,,
10226,哈尔滨医科大学,210,,1,1,542,24603,,
10228,黑龙江中医药大学,201,,2,2,553,18669,,
10231,哈尔滨师范大学,201,,5,5,527,34060,,
10231,哈尔滨师范大学,202,,29,29,513,43828,,
10231,哈尔滨师范大学,203,,5,5,540,25705,,
10232,齐齐哈尔大学,201,,20,20,507,48486,,
10232,齐齐哈尔大学,202,,4,4,511,45391,,
10232,齐齐哈尔大学,203,,6,6,507,48574,,
10233,牡丹江师范学院,201,,7,7,508,48305,,
10233,牡丹江师范学院,202,,15,15,508,48313,,
10234,哈尔滨学院,201,,1,1,512,45060,,
10234,哈尔滨学院,202,,10,10,509,46980,,
10234,哈尔滨学院,203,,1,1,512,44558,,
10236,绥化学院,201,,4,4,508,48011,,
10240,哈尔滨商业大学,201,,10,10,510,46780,,
10240,哈尔滨商业大学,202,,20,20,510,46660,,
10240,哈尔滨商业大学(联合培养),206,,2,2,473,79271,,
10242,哈尔滨体育学院,201,,6,6,509,47487,,
10245,哈尔滨金融学院,201,,10,10,513,43931,,
10246,复旦大学(高校专项计划),201,,3,1,626,677,,
10246,复旦大学,202,,24,24,648,128,,
10247,同济大学,201,,9,9,626,662,,
10248,上海交通大学,201,,2,2,655,52,,
10251,华东理工大学,201,,7,7,590,5209,,
10252,上海理工大学,201,,4,4,575,9435,,
10252,上海理工大学(中外合作办学),202,,2,2,556,17158,,
10254,上海海事大学,201,,21,21,566,12557,,
10255,东华大学,201,,8,8,594,4300,,
10264,上海海洋大学,201,,9,9,568,11791,,
10264,上海海洋大学(中外合作办学),202,,10,10,548,21062,,
10269,华东师范大学,201,,24,24,614,1557,,
10269,华东师范大学(高校专项计划),202,,2,2,593,4577,,
10270,上海师范大学(中外合作办学),201,,5,5,548,21176,,
10271,上海外国语大学,201,,13,13,603,2798,,
10271,上海外国语大学(高校专项计划),202,,1,1,585,6262,,
10271,上海外国语大学(中外合作办学),203,,4,4,600,3363,,
10272,上海财经大学,201,,3,3,609,2042,,
10272,上海财经大学,202,,19,19,614,1550,,
10272,上海财经大学,203,,1,1,613,1593,,
10274,上海海关学院,201,,35,35,556,16992,,
10276,华东政法大学,201,,6,6,614,1509,,
10276,华东政法大学,202,,11,11,602,2976,,
10277,上海体育大学,201,,2,2,570,11050,,
10277,上海体育大学,208,,4,4,565,12910,,
10278,上海音乐学院,201,,2,2,562,14145,,
10279,上海戏剧学院,201,,4,4,562,14402,,
10284,南京大学,201,,32,32,639,270,,
10285,苏州大学(高校专项计划),201,,2,2,576,9023,,
10285,苏州大学,202,,10,10,595,4141,,
10285,苏州大学,203,,6,6,601,3196,,
10286,东南大学,201,,10,10,614,1532,,
10287,南京航空航天大学,201,,6,6,592,4770,,
10288,南京理工大学,201,,12,12,586,6065,,
10289,江苏科技大学,201,,2,2,548,21256,,
10289,江苏科技大学,202,,1,1,546,22128,,
10290,中国矿业大学,201,,23,23,579,8018,,
10291,南京工业大学,201,,4,4,557,16723,,
10292,常州大学,201,,4,4,535,28593,,
10294,河海大学,201,,13,13,581,7524,,
10295,江南大学,201,,6,6,582,7204,,
10295,江南大学,202,,4,4,588,5749,,
10295,江南大学(中外合作办学),203,,2,2,580,7674,,
10295,江南大学,204,,2,2,586,6020,,
10295,江南大学,205,,5,5,580,7817,,
10298,南京林业大学,201,,12,12,560,15077,,
10299,江苏大学,201,,4,4,578,8390,,
10300,南京信息工程大学,201,,14,14,565,13129,,
10304,南通大学,201,,9,9,552,18773,,
10304,南通大学,202,,2,2,544,23019,,
10304,南通大学,203,,2,2,556,16784,,
10307,南京农业大学,201,,13,13,580,7850,,
10312,南京医科大学,201,,2,2,566,12569,,
10316,中国药科大学,201,,9,9,579,8155,,
10319,南京师范大学,201,,12,12,589,5454,,
10320,江苏师范大学,201,,2,2,547,21793,,
10320,江苏师范大学,202,,4,4,547,21773,,
10324,盐城师范学院,201,,2,2,546,22369,,
10327,南京财经大学,201,,16,16,558,16167,,
10331,南京艺术学院,201,,8,8,539,26321,,
10332,苏州科技大学,201,,6,6,545,22669,,
10335,浙江大学(高校专项计划),201,,4,4,602,2913,,
10335,浙江大学,202,,38,38,638,275,,
10336,杭州电子科技大学,201,,5,5,554,17804,,
10336,杭州电子科技大学,202,,10,10,551,19634,,
10337,浙江工业大学,201,,5,5,561,14647,,
10337,浙江工业大学,202,,3,3,556,16756,,
10338,浙江理工大学,201,,16,16,550,19941,,
10341,浙江农林大学,201,,5,5,551,19531,,
10344,浙江中医药大学,201,,2,2,549,20361,,
10345,浙江师范大学,201,,13,13,563,13826,,
10345,浙江师范大学,202,,3,3,552,19085,,
10345,浙江师范大学,203,,4,4,572,10408,,
10345,浙江师范大学,215,,5,5,547,21736,,
10346,杭州师范大学,201,,4,4,546,21986,,
10347,湖州师范大学,201,,2,2,540,25406,,
10349,绍兴大学,201,,5,5,536,27872,,
10351,温州大学,201,,4,4,560,15274,,
10351,温州大学,202,,1,1,547,21653,,
10353,浙江工商大学,201,,17,17,559,15361,,
10353,浙江工商大学,202,,7,7,551,19445,,
10355,中国美术学院,201,,14,14,551,19492,,
10356,中国计量大学,201,,3,3,577,8665,,
10357,安徽大学,201,,39,39,576,9141,,
10359,合肥工业大学,201,,8,8,570,11053,,
10359,合肥工业大学,202,,7,7,581,7621,,
10361,安徽理工大学,201,,2,2,539,25956,,
10361,安徽理工大学,202,,6,6,539,26371,,
10369,安徽中医药大学,201,,2,2,565,12858,,
10370,安徽师范大学,201,,10,10,548,21171,,
10372,安庆师范大学,201,,5,5,519,39264,,
10373,淮北师范大学,201,,1,1,543,24012,,
10373,淮北师范大学,202,,4,4,525,35282,,
10373,淮北师范大学,203,,2,2,543,23690,,
10377,滁州学院,201,,20,20,512,44661,,
10378,安徽财经大学,201,,34,34,532,30361,,
10383,铜陵学院,201,,14,14,512,44948,,
10384,厦门大学(高校专项计划),202,,1,1,601,3144,,
10384,厦门大学,203,,23,23,618,1155,,
10384,厦门大学(马来西亚分校),204,,15,15,590,5268,,
10385,华侨大学,202,,64,64,544,23076,,
10385,华侨大学,204,,4,4,552,18876,,
10385,华侨大学(中美121双学位),213,,5,5,536,28044,,
10388,福建理工大学,201,,7,7,537,27100,,
10389,福建农林大学,201,,2,2,549,20352,,
10389,福建农林大学(中外合作办学),202,,3,3,514,43618,,
10389,福建农林大学(中外合作办学),203,,3,3,522,37161,,
10390,集美大学,201,,8,8,555,17358,,
10390,集美大学,202,,3,3,541,25074,,
10393,福建中医药大学,201,,4,4,570,11200,,
10394,福建师范大学,201,,29,29,552,18870,,
10394,福建师范大学(中外合作办学),202,,4,4,528,33291,,
10395,闽江大学,201,,2,2,548,21267,,
10397,武夷学院,201,,11,11,515,42782,,
10399,泉州师范学院,201,,6,6,533,29710,,
10399,泉州师范学院,202,,2,2,533,30230,,
10402,闽南师范大学,201,,2,2,518,40007,,
10402,闽南师范大学,202,,3,3,528,33035,,
10403,南昌大学,201,,7,7,582,7094,,
10403,南昌大学,202,,4,4,584,6601,,
10404,华东交通大学,201,,24,24,544,23371,,
10404,华东交通大学,202,,2,2,533,29680,,
10405,东华理工大学(联合培养),201,,7,7,502,53236,,
10406,南昌航空大学,201,,6,6,541,24791,,
10406,南昌航空大学,202,,4,4,541,24803,,
10406,南昌航空大学(学分互认),213,,10,10,506,49437,,
10407,江西理工大学,201,,19,19,533,29662,,
10408,景德镇陶瓷大学,201,,1,1,555,17509,,
10408,景德镇陶瓷大学,202,,1,1,543,23776,,
10408,景德镇陶瓷大学,203,,2,2,555,17494,,
10412,江西中医药大学,201,,4,4,568,11696,,
10414,江西师范大学,201,,6,6,565,13102,,
10414,江西师范大学,202,,56,56,556,17062,,
10414,江西师范大学,204,,3,3,549,20710,,
10414,江西师范大学,205,,7,7,559,15651,,
10414,江西师范大学,206,,3,3,576,9097,,
10414,江西师范大学,220,,2,2,574,9510,,
10414,江西师范大学,221,,2,2,561,14580,,
10414,江西师范大学,222,,5,5,541,25310,,
10416,上饶师范学院,201,,6,6,513,44329,,
10416,上饶师范学院,202,,8,8,512,44646,,
10416,上饶师范学院,203,,3,3,512,44621,,
10417,宜春学院,201,,4,4,515,42809,,
10417,宜春学院,202,,3,3,520,38900,,
10417,宜春学院,203,,2,2,521,38282,,
10418,赣南师范大学,201,,4,4,541,25294,,
10418,赣南师范大学,202,,27,27,530,31626,,
10418,赣南师范大学,203,,4,4,536,28235,,
10418,赣南师范大学,204,,9,9,529,32680,,
10418,赣南师范大学,205,,5,5,544,23210,,
10419,井冈山大学,201,,9,9,525,35024,,
10421,江西财经大学,201,,2,2,559,15645,,
10421,江西财经大学,202,,54,54,565,13031,,
10421,江西财经大学,209,,11,11,574,9662,,
10422,山东大学,201,,12,12,606,2382,,
10422,山东大学,207,,26,26,602,2982,,
10423,中国海洋大学(高校专项计划),201,,1,1,572,10413,,
10423,中国海洋大学,202,,18,18,595,4224,,
10423,中国海洋大学,203,,17,17,593,4601,,
10423,中国海洋大学(中外合作办学),204,,2,2,597,3878,,
10423,中国海洋大学,205,,2,2,597,3867,,
10424,山东科技大学,201,,2,2,538,26780,,
10425,中国石油大学(华东),201,,2,2,579,8170,,
10425,中国石油大学(华东),202,,4,4,587,5825,,
10427,济南大学,201,,37,37,536,27729,,
10427,济南大学,202,,2,2,539,26017,,
10427,济南大学,203,,5,5,540,25827,,
10427,济南大学,204,,2,2,554,17933,,
10429,青岛理工大学,201,,2,2,541,24981,,
10429,青岛理工大学,202,,17,17,530,31880,,
10430,山东建筑大学,201,,2,2,522,37145,,
10430,山东建筑大学,202,,8,8,523,36351,,
10430,山东建筑大学(中外合作办学),203,,2,2,492,61781,,
10431,齐鲁工业大学,201,,15,15,521,38114,,
10434,山东农业大学,201,,7,7,530,31671,,
10434,山东农业大学,202,,2,2,535,28654,,
10435,青岛农业大学,201,,2,2,521,38353,,
10439,山东第一医科大学,201,,2,2,525,35097,,
10445,山东师范大学,201,,3,3,553,18701,,
10445,山东师范大学,202,,26,26,530,31620,,
10445,山东师范大学(中外合作办学),203,,1,1,524,35879,,
10445,山东师范大学,204,,5,5,545,22662,,
10445,山东师范大学,205,,2,2,570,11051,,
10447,聊城大学,201,,5,5,533,29739,,
10449,山东航空学院,201,,1,1,525,35188,,
10451,鲁东大学,201,,4,4,517,40970,,
10452,临沂大学,201,,7,7,530,31894,,
10452,临沂大学(中外合作办学),202,,3,3,503,51755,,
10455,菏泽学院,201,,4,4,512,44473,,
10456,山东财经大学,201,,14,14,546,21964,,
10458,山东艺术学院,201,,4,4,515,42313,,
10459,郑州大学,201,,10,10,583,6865,,
10459,郑州大学,210,,3,3,591,4919,,
10460,河南理工大学,202,,5,5,525,35506,,
10462,郑州轻工业大学,201,,21,21,522,37320,,
10463,河南工业大学,201,,3,3,534,29334,,
10463,河南工业大学,202,,6,6,535,28580,,
10464,河南科技大学,201,,5,5,523,36738,,
10465,中原工学院,201,,4,4,530,32194,,
10466,河南农业大学,201,,4,4,532,30310,,
10467,河南科技学院,201,,2,2,527,33928,,
10467,河南科技学院,202,,4,4,511,45424,,
10471,河南中医药大学,201,,3,3,521,38028,,
10471,河南中医药大学,202,,6,6,563,13936,,
10472,河南医药大学,201,,2,2,513,43858,,
10472,河南医药大学,202,,4,4,515,42332,,
10475,河南大学,201,,66,66,549,20663,,
10475,河南大学(中外合作办学),202,,15,15,539,26306,,
10475,河南大学,203,,13,13,560,15267,,
10476,河南师范大学,201,,5,5,545,22550,,
10476,河南师范大学,202,,30,30,525,34868,,
10478,周口师范学院,201,,9,9,510,46092,,
10481,南阳师范学院,201,,3,3,514,43020,,
10481,南阳师范学院,202,,24,24,511,45790,,
10481,南阳师范学院(中外合作办学),203,,6,6,503,52333,,
10482,洛阳师范学院,201,,5,5,511,45994,,
10482,洛阳师范学院,202,,4,4,511,45642,,
10483,商丘师范学院,201,,7,7,511,45969,,
10484,河南财经政法大学,201,,1,1,552,18722,,
10484,河南财经政法大学,208,,1,1,559,15683,,
10484,河南财经政法大学,209,,1,1,567,12148,,
10485,郑州航空工业管理学院,201,,4,4,518,40605,,
10486,武汉大学,201,,46,46,625,699,,
10486,武汉大学,202,,3,3,625,735,,
10487,华中科技大学,201,,12,12,609,2026,,
10488,武汉科技大学,201,,26,26,546,22067,,
10489,长江大学,201,,7,7,543,23899,,
10489,长江大学,204,,1,1,546,22355,,
10491,中国地质大学(武汉),201,,18,18,579,7892,,
10491,中国地质大学(武汉),202,,3,3,587,5982,,
10495,武汉纺织大学,201,,7,7,538,27077,,
10496,武汉轻工大学,201,,2,2,543,24055,,
10496,武汉轻工大学,202,,5,5,543,23687,,
10496,武汉轻工大学(中外合作办学),203,,5,5,514,43121,,
10497,武汉理工大学,201,,41,41,580,7745,,
10497,武汉理工大学(中外合作办学),203,,4,4,577,8720,,
10497,武汉理工大学,204,,4,4,587,5804,,
10500,湖北工业大学,202,,23,23,539,26201,,
10504,华中农业大学,201,,3,3,579,8140,,
10504,华中农业大学,202,,9,9,576,9101,,
10504,华中农业大学(中外合作办学),203,,3,3,571,10734,,
10507,湖北中医药大学,201,,9,9,528,32951,,
10507,湖北中医药大学,202,,10,10,566,12442,,
10511,华中师范大学(高校专项计划),201,,2,2,580,7689,,
10511,华中师范大学,203,,29,29,602,2980,,
10511,华中师范大学,204,,2,2,600,3238,,
10511,华中师范大学,205,,5,5,600,3213,,
10512,湖北大学,201,,6,6,554,18221,,
10512,湖北大学,202,,17,17,553,18471,,
10512,湖北大学(中外合作办学),203,,7,7,537,27562,,
10513,湖北师范大学,201,,4,4,544,23258,,
10519,湖北文理学院,201,,3,3,518,40356,,
10520,中南财经政法大学(高校专项计划),201,,1,1,600,3276,,
10520,中南财经政法大学(中外合作办学),203,,6,6,557,16307,,
10520,中南财经政法大学(中外合作办学),211,,5,5,594,4361,,
10522,武汉体育学院,201,,6,6,527,34147,,
10523,湖北美术学院,201,,1,1,522,37205,,
10524,中南民族大学,201,,7,7,556,16760,,
10524,中南民族大学,202,,1,1,558,16073,,
10524,中南民族大学,203,,2,2,565,13028,,
10530,湘潭大学,202,,31,31,567,12371,,
10531,吉首大学,201,,13,13,529,32369,,
10532,湖南大学(本科预科班),202,,1,1,552,18798,,
10532,湖南大学,203,,70,70,604,2744,,
10533,中南大学(高校专项计划),201,,1,0,,,,
10533,中南大学,202,,30,30,606,2463,,
10534,湖南科技大学,201,,5,5,544,23056,,
10534,湖南科技大学,202,,3,3,542,24698,,
10534,湖南科技大学,203,,39,39,535,28671,,
10534,湖南科技大学,204,,4,4,546,22248,,
10534,湖南科技大学,205,,3,3,556,17024,,
10536,长沙理工大学,201,,4,4,550,20186,,
10536,长沙理工大学,202,,13,13,550,20177,,
10536,长沙理工大学,203,,7,7,551,19272,,
10537,湖南农业大学,201,,5,5,545,22412,,
10537,湖南农业大学,202,,41,41,537,27102,,
10537,湖南农业大学(中外合作办学),203,,10,10,520,38586,,
10537,湖南农业大学,204,,3,3,549,20625,,
10538,中南林业科技大学,201,,27,27,535,28979,,
10538,中南林业科技大学(中外合作办学),204,,1,1,538,26831,,
10542,湖南师范大学,201,,68,68,580,7725,,
10542,湖南师范大学,202,,4,4,586,6036,,
10542,湖南师范大学,203,,2,2,594,4322,,
10542,湖南师范大学,204,,2,2,584,6763,,
10542,湖南师范大学,205,,6,6,587,5778,,
10543,湖南理工大学,201,,6,6,535,28406,,
10543,湖南理工大学,202,,11,11,534,29414,,
10545,湘南学院,202,,9,9,517,41235,,
10546,衡阳师范学院,201,,2,2,522,37666,,
10546,衡阳师范学院,202,,13,13,515,42535,,
10546,衡阳师范学院,203,,2,2,525,35001,,
10547,邵阳学院,201,,4,4,513,44435,,
10547,邵阳学院,202,,2,2,520,38967,,
10548,怀化学院,201,,2,2,513,44146,,
10548,怀化学院,202,,1,1,516,41538,,
10549,湖南文理学院,201,,6,6,514,43277,,
10551,湖南科技学院,201,,3,3,516,41460,,
10551,湖南科技学院,202,,3,3,514,43565,,
10553,湖南人文科技学院(中外合作办学),201,,5,5,502,52853,,
10553,湖南人文科技学院,202,,8,8,512,44777,,
10553,湖南人文科技学院,203,,4,4,516,41386,,
10554,湖南工商大学,201,,1,1,549,20343,,
10554,湖南工商大学,202,,2,2,554,18077,,
10555,南华大学,201,,2,2,544,23092,,
10555,南华大学,202,,2,2,545,22947,,
10555,南华大学,203,,10,10,545,22668,,
10555,南华大学,212,,4,4,549,20617,,
10558,中山大学(高校专项计划),201,,5,5,606,2396,,
10558,中山大学,202,,166,166,616,1364,,
10558,中山大学,203,,36,36,615,1446,,
10558,中山大学,204,,158,158,616,1383,,
10558,中山大学,205,,153,153,625,746,,
10559,暨南大学,201,,6,6,594,4292,,
10559,暨南大学,203,,53,53,592,4831,,
10559,暨南大学,204,,97,97,594,4342,,
10559,暨南大学,205,,51,51,600,3281,,
10559,暨南大学,206,,125,125,595,4175,,
10559,暨南大学,207,,72,72,599,3435,,
10559,暨南大学,208,,25,25,594,4317,,
10559,暨南大学,209,,53,53,603,2825,,
10560,汕头大学,201,,211,211,558,16264,,
10560,汕头大学,202,,204,204,561,14757,,
10560,汕头大学,203,,161,161,557,16686,,
10560,汕头大学,204,,92,92,557,16460,,
10560,汕头大学(地方专项),205,,22,22,550,19910,,
10560,汕头大学(地方专项),206,,19,19,548,20922,,
10561,华南理工大学,201,,5,5,612,1696,,
10561,华南理工大学,202,,225,225,608,2193,,
10564,华南农业大学,201,,60,60,574,9747,,
10564,华南农业大学,202,,448,448,567,12132,,
10564,华南农业大学,203,,831,831,566,12747,,
10564,华南农业大学,205,,533,533,559,15508,,
10564,华南农业大学,206,,5,5,568,11758,,
10564,华南农业大学,207,,151,151,556,16904,,
10564,华南农业大学(国际班),209,,265,265,514,43172,,
10566,广东海洋大学,234,,46,46,535,28635,,
10566,广东海洋大学,235,,25,25,543,23811,,
10566,广东海洋大学,236,,474,474,528,33496,,
10566,广东海洋大学,237,,10,10,543,23837,,
10566,广东海洋大学,238,,468,468,528,33502,,
10566,广东海洋大学(地方专项),239,,10,10,540,25429,,
10566,广东海洋大学,240,,148,148,530,31808,,
10566,广东海洋大学,241,,10,10,541,24906,,
10570,广州医科大学,207,,189,189,551,19657,,
10570,广州医科大学(地方专项),209,,5,5,545,22803,,
10571,广东医科大学,214,,483,483,524,35959,,
10572,广州中医药大学,210,,21,21,606,2412,,
10572,广州中医药大学,211,,105,105,576,8956,,
10572,广州中医药大学,212,,11,11,578,8372,,
10572,广州中医药大学,213,,59,59,546,22142,,
10572,广州中医药大学,214,,123,123,550,20089,,
10572,广州中医药大学(地方专项),218,,2,2,568,11804,,
10572,广州中医药大学(地方专项),219,,15,15,533,29853,,
10573,广东药科大学,215,,44,44,557,16678,,
10573,广东药科大学,216,,497,497,521,37977,,
10573,广东药科大学,217,,39,39,543,24070,,
10573,广东药科大学(国际班),218,,18,18,514,43362,,
10574,华南师范大学,201,,62,62,602,3038,,
10574,华南师范大学,202,,484,484,591,5042,,
10574,华南师范大学,203,,65,65,594,4372,,
10574,华南师范大学,204,,29,29,593,4557,,
10574,华南师范大学,205,,10,10,590,5136,,
10574,华南师范大学,206,,45,45,592,4718,,
10574,华南师范大学,207,,79,79,585,6345,,
10574,华南师范大学,208,,294,294,585,6453,,
10574,华南师范大学,209,,10,10,589,5417,,
10574,华南师范大学,210,,66,66,588,5568,,
10574,华南师范大学,211,,10,10,596,4071,,
10574,华南师范大学(联合培养),212,,10,10,583,6938,,
10574,华南师范大学(地方专项),213,,25,25,554,18047,,
10574,华南师范大学(地方专项),214,,10,10,564,13331,,
10574,华南师范大学(地方专项),215,,20,20,557,16568,,
10574,华南师范大学(地方专项),216,,20,20,579,7895,,
10574,华南师范大学(地方专项),218,,5,5,585,6310,,
10574,华南师范大学(地方专项),219,,10,10,573,10086,,
10574,华南师范大学(地方专项),220,,10,10,562,14182,,
10574,华南师范大学(联合培养),221,,10,10,581,7622,,
10574,华南师范大学(中外合作办学),222,,24,24,577,8620,,
10576,韶关学院,211,,404,404,517,40938,,
10576,韶关学院,212,,359,359,515,42784,,
10576,韶关学院,213,,180,180,514,43611,,
10576,韶关学院(学分互认),216,,30,30,509,46879,,
10576,韶关学院,218,,91,91,515,42459,,
10576,韶关学院,219,,50,50,524,36085,,
10576,韶关学院,220,,15,15,513,43684,,
10576,韶关学院,221,,91,91,513,43880,,
10577,惠州学院,201,,69,69,539,26216,,
10577,惠州学院,202,,113,113,529,32544,,
10577,惠州学院,203,,57,57,534,29348,,
10577,惠州学院,204,,210,210,541,25166,,
10577,惠州学院,205,,109,109,533,29894,,
10577,惠州学院,206,,93,93,533,29825,,
10577,惠州学院,207,,18,18,526,34662,,
10577,惠州学院,208,,47,47,532,30646,,
10577,惠州学院,209,,181,181,532,30791,,
10577,惠州学院,210,,216,216,525,35031,,
10577,惠州学院,211,,23,23,524,35726,,
10577,惠州学院,212,,36,36,538,26739,,
10577,惠州学院,213,,60,60,525,35204,,
10577,惠州学院(联合培养),214,,45,45,503,52171,,
10577,惠州学院(联合培养),215,,60,60,505,50237,,
10577,惠州学院(中外合作办学),216,,60,60,483,69955,,
10578,韩山师范学院,201,,52,52,530,31567,,
10578,韩山师范学院,202,,49,49,521,38190,,
10578,韩山师范学院,203,,264,264,520,38821,,
10578,韩山师范学院,204,,187,187,516,41532,,
10578,韩山师范学院,205,,110,110,518,39965,,
10578,韩山师范学院,206,,125,125,514,43256,,
10578,韩山师范学院,207,,124,124,515,42394,,
10578,韩山师范学院,208,,205,205,514,43301,,
10578,韩山师范学院(协同培养),209,,25,25,518,40376,,
10578,韩山师范学院(联合培养),210,,33,33,499,55874,,
10578,韩山师范学院(联合培养),211,,33,33,491,62323,,
10579,岭南师范学院,201,,76,76,533,30072,,
10579,岭南师范学院,202,,130,130,521,37833,,
10579,岭南师范学院,203,,326,326,516,42033,,
10579,岭南师范学院,204,,302,302,517,41295,,
10579,岭南师范学院,205,,497,497,518,40517,,
10579,岭南师范学院,206,,40,40,541,24985,,
10580,肇庆学院,201,,202,202,521,38287,,
10580,肇庆学院,202,,130,130,523,36626,,
10580,肇庆学院,203,,527,527,525,35436,,
10580,肇庆学院,204,,203,203,520,39127,,
10580,肇庆学院,205,,100,100,521,38071,,
10580,肇庆学院,206,,88,88,518,40191,,
10580,肇庆学院,207,,152,152,525,35331,,
10580,肇庆学院,208,,55,55,522,37446,,
10580,肇庆学院(联合培养),233,,30,30,499,55141,,
10580,肇庆学院(联合培养),234,,25,25,503,51872,,
10582,嘉应学院,224,,78,78,514,43404,,
10582,嘉应学院,225,,52,52,513,44100,,
10582,嘉应学院,226,,89,89,520,39053,,
10582,嘉应学院,227,,4,4,513,44117,,
10582,嘉应学院,229,,534,534,513,43870,,
10582,嘉应学院,230,,147,147,512,44682,,
10582,嘉应学院,231,,152,152,513,43978,,
10582,嘉应学院,232,,97,97,513,43971,,
10582,嘉应学院,233,,73,73,513,44333,,
10582,嘉应学院(联合培养),234,,30,30,501,53510,,
10582,嘉应学院(联合培养),235,,40,40,500,54300,,
10585,广州体育学院,201,,79,79,523,36848,,
10586,广州美术学院,203,,105,105,524,35641,,
10587,星海音乐学院,201,,33,33,522,37089,,
10588,广东技术师范大学,235,,146,146,554,17929,,
10588,广东技术师范大学(地方专项),236,,25,25,547,21620,,
10588,广东技术师范大学,237,,107,107,549,20678,,
10588,广东技术师范大学,238,,94,94,548,20899,,
10588,广东技术师范大学,239,,72,72,534,29448,,
10588,广东技术师范大学,240,,93,93,538,26752,,
10588,广东技术师范大学,241,,150,150,546,21869,,
10588,广东技术师范大学,242,,130,130,549,20657,,
10588,广东技术师范大学,243,,229,229,539,26462,,
10588,广东技术师范大学(学分互认),244,,40,40,510,46078,,
10588,广东技术师范大学(学分互认),245,,36,36,510,46631,,
10588,广东技术师范大学(学分互认),246,,80,80,507,49151,,
10588,广东技术师范大学(学分互认),247,,20,20,507,49059,,
10588,广东技术师范大学(少数民族班),248,,170,170,417,139808,,
10589,海南大学,201,,2,2,581,7388,,
10589,海南大学,202,,9,9,574,9559,,
10589,海南大学,203,,8,8,583,7012,,
10589,海南大学(中外合作办学),204,,19,19,546,21875,,
10589,海南大学(中外合作办学),205,,2,2,553,18681,,
10589,海南大学,219,,2,2,594,4343,,
10590,深圳大学,201,,141,141,591,5057,,
10590,深圳大学,202,,230,230,583,6804,,
10590,深圳大学,203,,357,357,582,7330,,
10590,深圳大学,204,,6,6,583,6904,,
10590,深圳大学,205,,266,266,583,6896,,
10590,深圳大学,206,,33,33,583,6814,,
10590,深圳大学,207,,104,104,583,6889,,
10590,深圳大学(地方专项),211,,50,50,563,13885,,
10592,广东财经大学,201,,158,158,556,17086,,
10592,广东财经大学,202,,222,222,560,15286,,
10592,广东财经大学,203,,132,132,554,17780,,
10592,广东财经大学,204,,193,193,551,19356,,
10592,广东财经大学,205,,337,337,561,14533,,
10592,广东财经大学,206,,170,170,553,18692,,
10592,广东财经大学,207,,358,358,550,19791,,
10592,广东财经大学,208,,142,142,552,19051,,
10592,广东财经大学,209,,25,25,551,19417,,
10592,广东财经大学(联合培养),210,,109,109,544,23316,,
10595,桂林电子科技大学(本科预科班),201,,1,1,501,53394,,
10595,桂林电子科技大学,202,,4,4,530,31998,,
10596,桂林理工大学,201,,2,2,531,31346,,
10596,桂林理工大学,202,,2,2,520,38753,,
10596,桂林理工大学,203,,2,2,518,40416,,
10598,广西医科大学,201,,10,10,523,36855,,
10598,广西医科大学,202,,6,6,528,32975,,
10599,右江民族医学院,201,,1,1,513,44050,,
10599,右江民族医学院,202,,1,1,513,43666,,
10599,右江民族医学院,203,,2,2,526,34728,,
10600,广西中医药大学,201,,1,1,590,5274,,
10600,广西中医药大学,202,,4,4,567,12317,,
10602,广西师范大学,202,,4,4,540,25806,,
10602,广西师范大学,203,,5,5,551,19355,,
10602,广西师范大学,204,,2,2,543,24073,,
10602,广西师范大学,205,,2,2,535,28638,,
10603,南宁师范大学,201,,6,6,535,28712,,
10603,南宁师范大学,202,,4,4,550,19866,,
10606,玉林师范学院,201,,14,14,513,44463,,
10606,玉林师范学院,202,,2,2,512,44856,,
10606,玉林师范学院,203,,38,38,512,44758,,
10606,玉林师范学院,204,,4,4,513,44454,,
10607,广西艺术学院,201,,35,35,509,46964,,
10608,广西民族大学,201,,2,2,542,24111,,
10608,广西民族大学,202,,26,26,514,42986,,
10608,广西民族大学,213,,3,3,529,32533,,
10608,广西民族大学(联合培养),214,,2,2,507,48621,,
10610,四川大学(高校专项计划),201,,1,1,601,3178,,
10610,四川大学,202,,27,27,612,1758,,
10610,四川大学,203,,3,3,586,6056,,
10610,四川大学,204,,4,4,596,4074,,
10611,重庆大学,201,,8,8,607,2319,,
10611,重庆大学,216,,7,7,586,6012,,
10613,西南交通大学,201,,11,11,585,6276,,
10613,西南交通大学,202,,2,2,594,4242,,
10614,电子科技大学,201,,8,8,603,2833,,
10615,西南石油大学,201,,2,2,561,14511,,
10615,西南石油大学,202,,2,2,555,17604,,
10615,西南石油大学,203,,7,7,563,13828,,
10615,西南石油大学,204,,7,7,562,14301,,
10615,西南石油大学,205,,4,4,563,13607,,
10615,西南石油大学,214,,5,5,542,24129,,
10616,成都理工大学,201,,2,2,573,10052,,
10616,成都理工大学,202,,5,5,552,19106,,
10616,成都理工大学(中外合作办学),203,,2,2,540,25580,,
10617,重庆邮电大学,201,,8,8,539,26103,,
10618,重庆交通大学,201,,3,3,544,23485,,
10618,重庆交通大学,202,,13,13,544,23286,,
10619,西南科技大学,201,,30,30,531,31414,,
10619,西南科技大学(中外合作办学),202,,3,3,500,54192,,
10619,西南科技大学,203,,3,3,544,23123,,
10621,成都信息工程大学,201,,8,8,540,25574,,
10621,成都信息工程大学,202,,2,2,550,19740,,
10621,成都信息工程大学(联合培养),209,,2,2,511,45964,,
10622,四川轻化工大学,201,,2,2,536,28196,,
10623,西华大学(本科预科班),201,,1,1,500,54394,,
10623,西华大学,202,,8,8,549,20315,,
10624,中国民用航空飞行学院,201,,6,6,535,28573,,
10624,中国民用航空飞行学院,202,,13,13,524,35638,,
10624,中国民用航空飞行学院,203,,2,2,537,27635,,
10628,西昌学院,201,,5,5,510,46624,,
10633,成都中医药大学,201,,11,11,544,23148,,
10633,成都中医药大学(中外合作办学),202,,3,3,533,30228,,
10634,川北医学院,201,,5,5,515,42638,,
10634,川北医学院,202,,5,5,520,38574,,
10635,西南大学,201,,1,1,591,5063,,
10635,西南大学(高校专项计划),202,,1,1,561,14778,,
10635,西南大学,203,,7,7,581,7465,,
10635,西南大学(中外合作办学),204,,2,2,583,6843,,
10635,西南大学,225,,5,5,576,8901,,
10636,四川师范大学,201,,34,34,543,23904,,
10636,四川师范大学(中外合作办学),202,,1,1,532,30430,,
10636,四川师范大学,204,,10,10,558,16005,,
10636,四川师范大学(联合培养),218,,1,1,566,12815,,
10637,重庆师范大学,201,,26,26,542,24639,,
10637,重庆师范大学,202,,4,4,569,11397,,
10638,西华师范大学,201,,16,16,526,34742,,
10639,绵阳师范学院,201,,7,7,512,44695,,
10639,绵阳师范学院,202,,2,2,512,44928,,
10639,绵阳师范学院,203,,2,2,530,32159,,
10640,内江师范学院,201,,11,11,531,31149,,
10643,重庆三峡科技大学,201,,13,13,522,37250,,
10644,四川文理学院,201,,22,22,511,45781,,
10644,四川文理学院,202,,6,6,511,45323,,
10647,长江师范学院,201,,2,2,528,33280,,
10649,乐山师范学院,201,,11,11,511,45382,,
10650,四川外国语大学,201,,7,7,554,17797,,
10650,四川外国语大学(中外合作办学),202,,2,2,542,24507,,
10650,四川外国语大学,203,,10,10,547,21458,,
10650,四川外国语大学(中外合作办学),204,,1,1,542,24601,,
10650,四川外国语大学,205,,1,1,559,15795,,
10651,西南财经大学(高校专项计划),201,,1,1,574,9630,,
10651,西南财经大学,202,,16,16,600,3230,,
10651,西南财经大学(中外合作办学),203,,15,15,574,9579,,
10652,西南政法大学,201,,20,20,604,2689,,
10652,西南政法大学,202,,59,59,602,3041,,
10652,西南政法大学,203,,29,29,578,8307,,
10652,西南政法大学(中外合作办学),204,,6,6,602,3001,,
10652,西南政法大学,208,,6,6,588,5674,,
10652,西南政法大学(高校专项计划),209,,1,1,598,3573,,
10653,成都体育学院,201,,1,1,556,17190,,
10654,四川音乐学院,201,,2,2,517,41161,,
10654,四川音乐学院,226,,3,3,523,36397,,
10654,四川音乐学院,227,,1,1,532,30885,,
10654,四川音乐学院,228,,4,4,525,34924,,
10654,四川音乐学院(联合培养),229,,1,1,512,44922,,
10654,四川音乐学院(联合培养),230,,3,3,511,45510,,
10655,四川美术学院,201,,8,8,530,32092,,
10656,西南民族大学,201,,4,4,544,23067,,
10656,西南民族大学,202,,27,27,546,22371,,
10657,贵州大学(高校专项计划),201,,1,1,549,20510,,
10657,贵州大学,202,,2,2,581,7519,,
10657,贵州大学,203,,2,2,573,9883,,
10661,遵义医科大学,201,,3,3,531,31447,,
10661,遵义医科大学,202,,3,3,520,38524,,
10661,遵义医科大学,203,,5,5,515,42360,,
10661,遵义医科大学,208,,33,33,530,31637,,
10662,贵州中医药大学,201,,7,7,556,16882,,
10663,贵州师范大学,201,,7,7,546,22270,,
10663,贵州师范大学,202,,10,10,544,23362,,
10663,贵州师范大学,203,,5,5,512,44794,,
10663,贵州师范大学,204,,2,2,546,21955,,
10664,遵义师范学院,201,,2,2,537,27267,,
10664,遵义师范学院,202,,3,3,529,32841,,
10667,安顺学院,201,,1,1,512,44504,,
10667,安顺学院,202,,1,1,513,44371,,
10667,安顺学院,203,,1,1,516,41836,,
10668,贵州工程应用技术学院,201,,4,4,511,45469,,
10668,贵州工程应用技术学院,202,,2,2,512,44689,,
10671,贵州财经大学,201,,8,8,536,28051,,
10671,贵州财经大学(中外合作办学),202,,3,3,509,47073,,
10672,贵州民族大学,201,,2,2,523,36621,,
10673,云南大学,202,,9,9,583,7009,,
10673,云南大学,203,,2,2,580,7702,,
10674,昆明理工大学,201,,6,6,541,24998,,
10677,西南林业大学,201,,12,12,525,35431,,
10679,大理大学,201,,16,16,513,44218,,
10680,云南中医药大学,201,,2,2,555,17536,,
10680,云南中医药大学,202,,1,1,514,43069,,
10681,云南师范大学,201,,4,4,552,19100,,
10681,云南师范大学,202,,5,5,544,23448,,
10681,云南师范大学,203,,2,2,547,21643,,
10681,云南师范大学,204,,4,4,514,43216,,
10681,云南师范大学,205,,3,3,552,18829,,
10681,云南师范大学,206,,4,4,559,15695,,
10687,红河学院,201,,10,10,510,46376,,
10689,云南财经大学,201,,2,2,535,28857,,
10689,云南财经大学,202,,24,24,538,26811,,
10689,云南财经大学(中外合作办学),203,,5,5,527,33870,,
10690,云南艺术学院,201,,6,6,520,38954,,
10691,云南民族大学,201,,9,9,509,47525,,
10691,云南民族大学,202,,6,6,537,27205,,
10691,云南民族大学,203,,5,5,547,21748,,
10694,西藏大学,201,,1,1,542,24337,,
10694,西藏大学,202,,3,3,540,25353,,
10694,西藏大学,203,,2,2,552,18864,,
10694,西藏大学,204,,1,1,536,28207,,
10694,西藏大学,205,,2,2,537,27224,,
10694,西藏大学,206,,4,4,543,23870,,
10695,西藏民族大学,201,,2,2,524,35774,,
10697,西北大学(高校专项计划),201,,1,1,559,15349,,
10697,西北大学,202,,6,6,587,5842,,
10697,西北大学,203,,1,1,612,1752,,
10698,西安交通大学,201,,8,8,614,1501,,
10698,西安交通大学(中外合作办学),202,,9,9,581,7336,,
10699,西北工业大学,201,,19,19,595,4083,,
10699,西北工业大学,202,,3,3,603,2908,,
10702,西安工业大学,201,,2,2,544,23136,,
10703,西安建筑科技大学,201,,6,6,536,27943,,
10704,西安科技大学,201,,4,4,540,25476,,
10705,西安石油大学,201,,3,3,540,25856,,
10708,陕西科技大学,201,,4,4,542,24478,,
10710,长安大学,201,,15,15,572,10198,,
10710,长安大学,202,,2,2,573,10124,,
10712,西北农林科技大学,201,,2,2,590,5155,,
10712,西北农林科技大学,202,,5,5,592,4832,,
10716,陕西中医药大学,201,,2,2,560,14904,,
10718,陕西师范大学,201,,7,7,589,5384,,
10718,陕西师范大学(高校专项计划),202,,1,1,585,6465,,
10718,陕西师范大学,203,,31,31,582,7291,,
10718,陕西师范大学,204,,2,2,584,6663,,
10718,陕西师范大学,205,,4,4,588,5697,,
10718,陕西师范大学,222,,3,3,573,10152,,
10719,延安大学,201,,6,6,517,41245,,
10720,陕西理工大学,201,,8,8,516,41803,,
10720,陕西理工大学,202,,2,2,527,33790,,
10722,咸阳师范学院,201,,4,4,513,44288,,
10723,渭南师范学院(中外合作办学),201,,2,2,491,62443,,
10724,西安外国语大学,201,,30,30,547,21645,,
10724,西安外国语大学,202,,2,2,556,17095,,
10726,西北政法大学,201,,28,28,586,6061,,
10726,西北政法大学,203,,2,2,602,2944,,
10730,兰州大学(高校专项计划),201,,1,1,570,11230,,
10730,兰州大学,202,,1,1,603,2820,,
10730,兰州大学,203,,2,2,599,3444,,
10730,兰州大学,204,,4,4,596,3921,,
10730,兰州大学,205,,10,10,595,4219,,
10730,兰州大学,206,,12,12,594,4442,,
10730,兰州大学,207,,5,5,597,3854,,
10731,兰州理工大学,201,,8,8,511,45767,,
10732,兰州交通大学,201,,12,12,520,38825,,
10733,甘肃农业大学,201,,34,34,509,46960,,
10735,甘肃中医药大学,201,,1,1,583,6897,,
10735,甘肃中医药大学,202,,4,4,546,22378,,
10736,西北师范大学,201,,25,25,516,42053,,
10737,兰州城市学院,201,,5,5,508,48410,,
10738,陇东学院,201,,6,6,509,46909,,
10738,陇东学院,202,,6,6,509,47057,,
10739,天水师范大学,201,,3,3,511,45670,,
10739,天水师范大学,202,,3,3,511,45548,,
10741,兰州财经大学,201,,4,4,513,43736,,
10741,兰州财经大学,202,,34,34,517,40998,,
10741,兰州财经大学,203,,2,2,519,39344,,
10741,兰州财经大学(联合培养),208,,2,2,510,46546,,
10741,兰州财经大学(联合培养),209,,2,2,512,45091,,
10742,西北民族大学,201,,4,4,513,44324,,
10742,西北民族大学,202,,2,2,538,26790,,
10743,青海大学,201,,7,7,549,20272,,
10746,青海师范大学,201,,3,3,495,58952,,
10746,青海师范大学,202,,13,13,510,46611,,
10748,青海民族大学,201,,5,5,508,48039,,
10749,宁夏大学,201,,15,15,541,25247,,
10753,宁夏师范大学,201,,7,7,511,45435,,
10753,宁夏师范大学,202,,4,4,512,45138,,
10755,新疆大学,201,,2,2,553,18639,,
10755,新疆大学,202,,11,11,548,21052,,
10755,新疆大学,203,,2,2,570,11287,,
10758,新疆农业大学,201,,6,6,508,48371,,
10758,新疆农业大学,202,,15,15,508,48310,,
10758,新疆农业大学,203,,11,11,505,50819,,
10762,新疆师范大学,201,,2,2,513,44143,,
10762,新疆师范大学,202,,28,28,509,47589,,
10762,新疆师范大学,203,,3,3,522,37475,,
10763,喀什大学,201,,21,21,508,47677,,
10763,喀什大学,202,,6,6,513,43908,,
10763,喀什大学,203,,7,7,508,48083,,
10763,喀什大学,204,,2,2,507,48523,,
10763,喀什大学,205,,2,2,512,44676,,
10763,喀什大学,206,,5,5,510,46573,,
10764,伊犁师范大学,201,,2,2,508,47720,,
10764,伊犁师范大学,202,,26,26,508,48417,,
10765,新疆和田学院,201,,2,2,509,46824,,
10765,新疆和田学院,202,,2,2,507,48815,,
10765,新疆和田学院,203,,2,2,508,48030,,
10766,新疆财经大学,201,,25,25,507,49125,,
10766,新疆财经大学,202,,6,6,516,41701,,
10768,新疆艺术学院,201,,11,11,506,49473,,
10792,天津城建大学,201,,2,2,524,36020,,
10792,天津城建大学,202,,1,1,519,39767,,
10792,天津城建大学,203,,1,1,527,34002,,
10792,天津城建大学(中外合作办学),204,,2,2,497,57306,,
10792,天津城建大学(中外合作办学),205,,2,2,490,63852,,
10812,吕梁学院,201,,1,1,509,47575,,
10822,广东白云学院,218,,354,354,492,61844,,
10822,广东白云学院,219,,116,116,487,66538,,
10822,广东白云学院,220,,96,96,485,67855,,
10822,广东白云学院,221,,79,79,478,74241,,
10822,广东白云学院,222,,231,231,482,70973,,
10822,广东白云学院,223,,278,278,481,72097,,
10822,广东白云学院,224,,451,451,483,70128,,
10822,广东白云学院,225,,140,140,481,71394,,
10822,广东白云学院,226,,130,130,486,67365,,
10822,广东白云学院(国际班),227,,20,20,469,83916,,
10833,广东轻工职业技术大学,212,,34,34,523,36727,,
10834,武汉职业技术大学,201,,4,4,513,44251,,
10841,辽宁对外经贸学院,201,,1,1,484,69129,,
10841,辽宁对外经贸学院,202,,8,8,466,86531,,
10846,江西科技学院,201,,3,3,505,50838,,
10850,南京工业职业技术大学,201,,10,10,521,38328,,
10856,上海工程技术大学,201,,5,5,545,22781,,
10876,浙江万里学院,201,,11,11,512,44814,,
10876,浙江万里学院(中外合作办学),202,,5,5,491,62644,,
10878,安徽建筑大学,201,,3,3,517,40808,,
10895,萍乡学院,201,,2,2,512,44782,,
10895,萍乡学院,202,,5,5,512,44719,,
10908,山东工艺美术学院,201,,4,4,509,47376,,
10920,湖北理工学院,201,,2,2,523,36239,,
10920,湖北理工学院,202,,3,3,527,33588,,
10920,湖北理工学院,203,,2,2,521,38357,,
10955,黄冈职业技术大学,201,,5,5,509,47032,,
10964,吉林外国语大学,201,,36,36,491,62081,,
10964,吉林外国语大学(中外合作办学),203,,5,5,475,77023,,
10977,六盘水师范学院,201,,8,8,512,45089,,
10997,昌吉学院,201,,6,6,508,47962,,
10997,昌吉学院,202,,15,15,506,49767,,
11032,天津职业大学,201,,2,2,526,34734,,
11035,沈阳大学,201,,6,6,513,43655,,
11047,上海立信会计金融学院,201,,7,7,554,18055,,
11048,金陵科技学院,201,,3,3,530,32144,,
11053,徐州工程学院,201,,2,2,525,35130,,
11053,徐州工程学院,202,,2,2,525,35102,,
11057,浙江科技大学,201,,12,12,533,30045,,
11061,芜湖职业技术大学,201,,5,5,511,45734,,
11062,厦门理工学院,201,,2,2,543,24005,,
11062,厦门理工学院,202,,4,4,536,28208,,
11065,青岛大学,201,,23,23,543,23918,,
11066,烟台大学(本科预科班),201,,1,1,531,31252,,
11066,烟台大学,202,,6,6,534,29505,,
11066,烟台大学(联合培养),205,,2,2,507,48649,,
11067,潍坊学院,201,,2,2,513,44150,,
11067,潍坊学院,202,,8,8,510,46437,,
11068,郑州工程技术学院,201,,18,18,511,46002,,
11070,洛阳理工学院,201,,12,12,511,45527,,
11072,江汉大学,201,,8,8,544,23093,,
11075,三峡大学,201,,2,2,543,23812,,
11075,三峡大学,202,,2,2,545,22521,,
11075,三峡大学,210,,2,2,532,30573,,
11077,长沙学院,201,,3,3,534,29234,,
11077,长沙学院,202,,8,8,519,39524,,
11078,广州大学,221,,337,337,566,12647,,
11078,广州大学,222,,32,32,573,9966,,
11078,广州大学,223,,41,41,566,12676,,
11078,广州大学,225,,273,273,562,14354,,
11078,广州大学,226,,282,282,555,17664,,
11078,广州大学(国际班),240,,10,10,541,25094,,
11078,广州大学(国际班),241,,10,10,535,28396,,
11078,广州大学(国际班),242,,10,10,543,23555,,
11078,广州大学(国际班),243,,10,10,519,39484,,
11078,广州大学(中外合作办学),244,,40,40,541,25278,,
11078,广州大学(地方专项),262,,15,15,549,20518,,
11078,广州大学(地方专项),263,,5,5,565,12874,,
11078,广州大学(地方专项),264,,9,9,543,23653,,
11078,广州大学(地方专项),265,,21,21,546,22266,,
11078,广州大学(地方专项),266,,22,22,546,22043,,
11078,广州大学(地方专项),267,,23,23,543,23797,,
11079,成都大学,201,,4,4,552,19081,,
11079,成都大学(中外合作办学),202,,8,8,530,31864,,
11079,成都大学,203,,4,4,557,16458,,
11079,成都大学(联合培养),220,,2,2,520,38766,,
11079,成都大学,221,,3,3,544,23082,,
11080,西安文理学院,201,,2,2,512,44831,,
11080,西安文理学院,202,,2,2,539,26045,,
11100,海南热带海洋学院,201,,20,20,516,41546,,
11100,海南热带海洋学院(中外合作办学),202,,5,5,492,61746,,
11100,海南热带海洋学院(中外合作办学),203,,3,3,503,52057,,
11104,应急管理大学,201,,6,6,523,36835,,
11104,应急管理大学,202,,8,8,534,29205,,
11104,应急管理大学,203,,8,8,518,40492,,
11104,应急管理大学,204,,6,6,527,33687,,
11104,应急管理大学,205,,8,8,516,41646,,
11104,应急管理大学,206,,10,10,515,42624,,
11106,广州航海学院,211,,337,337,532,30616,,
11106,广州航海学院(联合培养),212,,40,40,508,48311,,
11106,广州航海学院(联合培养),213,,43,43,522,37135,,
11110,广东警官学院,202,,188,188,546,21905,,
11113,深圳职业技术大学,241,,135,135,550,19767,,
11117,扬州大学,201,,8,8,553,18270,,
11122,三江学院,201,,11,11,488,65525,,
11122,三江学院,202,,31,31,491,62932,,
11149,中华女子学院,201,,20,20,532,30346,,
11149,中华女子学院,202,,4,4,529,32771,,
11230,齐齐哈尔医学院,201,,1,1,510,46359,,
11230,齐齐哈尔医学院,202,,2,2,514,42960,,
11230,齐齐哈尔医学院,203,,1,1,509,47229,,
11242,太原学院(本科预科班),201,,2,2,482,70925,,
11242,太原学院,202,,1,1,509,46796,,
11261,吉林工商学院,201,,10,10,509,47287,,
11276,南京工程学院,201,,7,7,531,31099,,
11287,南京审计大学,201,,12,12,576,9033,,
11287,南京审计大学(中外合作办学),202,,2,2,575,9339,,
11312,龙岩学院,201,,2,2,513,44462,,
11313,福建商学院(本科预科班),201,,2,2,469,83520,,
11318,江西科技师范大学,201,,2,2,541,25108,,
11318,江西科技师范大学,202,,13,13,532,30388,,
11318,江西科技师范大学,213,,4,4,537,27161,,
11319,江西水利电力大学,201,,10,10,520,39126,,
11326,信阳农林学院,201,,3,3,510,46200,,
11326,信阳农林学院,202,,2,2,512,44919,,
11330,安阳工学院,201,,2,2,511,45477,,
11336,荆楚理工学院,201,,3,3,512,45195,,
11342,湖南工程学院,201,,2,2,515,42186,,
11347,仲恺农业工程学院,209,,1332,1332,519,39453,,
11349,五邑大学,216,,154,154,527,33607,,
11349,五邑大学,217,,51,51,538,26679,,
11349,五邑大学,218,,137,137,535,28835,,
11349,五邑大学(联合培养),219,,136,136,496,57692,,
11349,五邑大学(联合培养),220,,184,184,493,60539,,
11354,梧州学院,201,,11,11,513,44181,,
11354,梧州学院,202,,1,1,516,41851,,
11355,南宁职业技术大学,201,,6,6,512,44885,,
11360,攀枝花学院,201,,4,4,511,45833,,
11390,玉溪师范学院,201,,4,4,511,45364,,
11392,云南警官学院,201,,1,1,546,22098,,
11393,昆明学院,201,,2,2,524,35656,,
11393,昆明学院,202,,2,2,519,39771,,
11393,昆明学院,203,,3,3,511,45334,,
11400,西安培华学院,201,,17,17,494,59782,,
11400,西安培华学院,202,,2,2,503,51810,,
11406,甘肃政法大学,201,,1,1,540,25798,,
11406,甘肃政法大学,202,,25,25,513,43810,,
11406,甘肃政法大学,203,,1,1,558,16235,,
11406,甘肃政法大学,204,,1,1,546,22020,,
11407,北方民族大学,201,,5,5,522,37066,,
11407,北方民族大学,202,,1,1,522,37298,,
11407,北方民族大学,203,,1,1,529,32488,,
11415,中国地质大学(北京),201,,10,10,580,7873,,
11417,北京联合大学,201,,2,2,546,22001,,
11417,北京联合大学,202,,3,3,557,16629,,
11418,北京城市学院,201,,2,2,492,62017,,
11418,北京城市学院,202,,30,30,462,90556,,
11418,北京城市学院,214,,1,1,480,73242,,
11420,河北金融学院,201,,5,5,510,46281,,
11420,河北金融学院,202,,4,4,510,46417,,
11420,河北金融学院(中外合作办学),203,,2,2,506,49866,,
11437,长春工程学院(本科预科班),201,,1,1,428,127855,,
11460,南京晓庄学院,201,,4,4,528,33180,,
11460,南京晓庄学院,202,,12,12,530,31649,,
11463,江苏理工学院,201,,1,1,535,28975,,
11482,浙江财经大学,201,,3,3,564,13426,,
11482,浙江财经大学,202,,8,8,571,10528,,
11482,浙江财经大学(中外合作办学),203,,4,4,543,23692,,
11488,衢州学院,201,,3,3,523,36845,,
11488,衢州学院,202,,2,2,518,40034,,
11504,江西警察学院,201,,2,2,542,24658,,
11508,新余学院,201,,2,2,514,43111,,
11508,新余学院,202,,2,2,517,40929,,
11510,山东交通学院,201,,6,6,513,44062,,
11517,河南工程学院,201,,1,1,513,44236,,
11517,河南工程学院,202,,10,10,511,45395,,
11517,河南工程学院,203,,3,3,518,40477,,
11527,湖南城市学院,201,,4,4,516,41939,,
11527,湖南城市学院,202,,4,4,512,44992,,
11532,湖南财政经济学院,201,,10,10,531,31026,,
11535,湖南工业大学,201,,7,7,535,28825,,
11535,湖南工业大学,202,,16,16,533,30111,,
11538,湖南女子学院,201,,4,4,519,39673,,
11540,广东金融学院,211,,343,343,546,22052,,
11540,广东金融学院,212,,354,354,538,26557,,
11540,广东金融学院,213,,275,275,537,27121,,
11540,广东金融学院,214,,288,288,534,29098,,
11540,广东金融学院,215,,1143,1143,521,38014,,
11540,广东金融学院(联合培养),216,,231,231,512,44795,,
11545,电子科技大学中山学院,205,,415,415,495,59283,,
11545,电子科技大学中山学院,209,,500,500,494,59654,,
11546,广西科技师范学院,201,,4,4,514,43257,,
11546,广西科技师范学院,202,,8,8,512,44514,,
11548,广西财经学院,201,,13,13,522,36960,,
11548,广西财经学院(中外合作办学),202,,4,4,503,52179,,
11549,南宁学院,201,,13,13,502,52826,,
11551,重庆科技大学,201,,5,5,540,25490,,
11560,西安财经大学,201,,8,8,538,26586,,
11562,兰州文理学院,201,,3,3,512,44813,,
11600,湖北经济学院,201,,7,7,542,24245,,
11600,湖北经济学院(中外合作办学),202,,3,3,502,53172,,
11607,北部湾大学,201,,21,21,516,41575,,
11629,北华航天工业学院,201,,1,1,519,39468,,
11629,北华航天工业学院,202,,2,2,518,40569,,
11641,江苏海洋大学,201,,2,2,536,27994,,
11646,宁波大学,201,,3,3,578,8396,,
11646,宁波大学,202,,7,7,573,9980,,
11647,浙江传媒学院,201,,1,1,553,18305,,
11647,浙江传媒学院,202,,31,31,551,19297,,
11647,浙江传媒学院(中外合作办学),203,,4,4,544,22965,,
11647,浙江传媒学院,215,,21,21,543,24031,,
11652,河南财政金融学院,201,,3,3,511,45357,,
11652,河南财政金融学院,202,,23,23,511,45430,,
11652,河南财政金融学院,203,,2,2,509,47191,,
11653,南阳理工学院,201,,5,5,511,45839,,
11656,广东石油化工学院,220,,125,125,517,41168,,
11656,广东石油化工学院,221,,235,235,513,43749,,
11656,广东石油化工学院,222,,143,143,514,43258,,
11656,广东石油化工学院,223,,405,405,513,43803,,
11656,广东石油化工学院,224,,60,60,514,43409,,
11658,海南师范大学,201,,2,2,558,15937,,
11658,海南师范大学,202,,21,21,546,22321,,
11658,海南师范大学,203,,5,5,543,23601,,
11658,海南师范大学,204,,2,2,548,21260,,
11658,海南师范大学,205,,2,2,554,18188,,
11658,海南师范大学,206,,5,5,553,18343,,
11658,海南师范大学,207,,3,3,548,20917,,
11658,海南师范大学,226,,3,3,536,28066,,
11660,重庆理工大学,201,,2,2,543,24023,,
11660,重庆理工大学,202,,4,4,544,23100,,
11660,重庆理工大学,203,,2,2,546,22330,,
11664,西安邮电大学,201,,2,2,545,22587,,
11664,西安邮电大学(本科预科班),202,,1,1,431,123578,,
11664,西安邮电大学,203,,13,13,537,27360,,
11688,山东工商学院,201,,1,1,517,40991,,
11688,山东工商学院,202,,5,5,518,40521,,
11726,长春大学,201,,2,2,517,41138,,
11726,长春大学,202,,2,2,517,41103,,
11726,长春大学(中外合作办学),203,,3,3,499,55338,,
11726,长春大学(中外合作办学),204,,2,2,502,52957,,
11731,贵州商学院(中外合作办学),201,,2,2,483,70220,,
11785,江西职业技术大学,201,,22,22,509,46801,,
11798,武汉东湖学院,201,,2,2,500,54918,,
11798,武汉东湖学院,202,,7,7,499,55155,,
11799,重庆工商大学,202,,29,29,539,26175,,
11799,重庆工商大学(联合培养),203,,2,2,518,40308,,
11799,重庆工商大学(中外合作办学),205,,3,3,532,30764,,
11800,汉口学院,201,,5,5,495,58924,,
11800,汉口学院,202,,18,18,487,65926,,
11819,东莞理工学院,206,,474,474,531,31194,,
11819,东莞理工学院,207,,321,321,523,36640,,
11819,东莞理工学院(粤台联合培养),214,,58,58,529,32515,,
11824,桂林师范学院,201,,3,3,513,44396,,
11824,桂林师范学院,202,,3,3,512,44871,,
11825,桂林航天工业学院,201,,3,3,514,43305,,
11833,上海杉达学院,201,,3,3,505,50756,,
11834,黄河科技学院,201,,6,6,506,50005,,
11835,上海政法学院,201,,36,36,570,11072,,
11835,上海政法学院,202,,4,4,587,5834,,
11837,桂林旅游学院(中外合作办学),201,,5,5,489,64040,,
11837,桂林旅游学院(中外合作办学),209,,4,4,491,62640,,
11838,贺州学院,201,,8,8,512,44581,,
11843,九江学院,201,,18,18,513,44380,,
11845,广东工业大学,200,,40,40,549,20592,,
11845,广东工业大学,201,,128,128,551,19298,,
11845,广东工业大学,202,,58,58,550,19948,,
11845,广东工业大学,203,,202,202,551,19495,,
11845,广东工业大学,204,,138,138,557,16346,,
11845,广东工业大学,205,,70,70,555,17411,,
11845,广东工业大学(联合培养),261,,70,70,520,38809,,
11845,广东工业大学(联合培养),263,,40,40,525,35409,,
11845,广东工业大学(联合培养),265,,35,35,536,27734,,
11845,广东工业大学(联合培养),267,,23,23,544,23434,,
11845,广东工业大学(联合培养),273,,25,25,530,31937,,
11845,广东工业大学(地方专项),281,,65,65,540,25492,,
11846,广东外语外贸大学,201,,280,280,575,9392,,
11846,广东外语外贸大学,202,,116,116,579,7989,,
11846,广东外语外贸大学,203,,79,79,575,9166,,
11846,广东外语外贸大学,204,,327,327,577,8578,,
11846,广东外语外贸大学,205,,225,225,575,9206,,
11846,广东外语外贸大学,206,,24,24,574,9802,,
11846,广东外语外贸大学,207,,242,242,573,9949,,
11846,广东外语外贸大学(内地澳门合作办学),208,,20,20,556,16987,,
11846,广东外语外贸大学(国际班),209,,17,17,552,19148,,
11846,广东外语外贸大学(国际班),210,,29,29,560,14964,,
11846,广东外语外贸大学(地方专项),211,,77,77,545,22911,,
11847,佛山大学,220,,135,135,551,19593,,
11847,佛山大学,221,,122,122,554,18230,,
11847,佛山大学,222,,60,60,550,19951,,
11847,佛山大学,223,,30,30,553,18322,,
11847,佛山大学(内地澳门联合培养),224,,45,45,509,47427,,
11847,佛山大学(地方专项),225,,25,25,532,30314,,
11847,佛山大学(地方专项),226,,10,10,534,29217,,
11939,连云港师范学院,201,,7,7,516,41976,,
12026,大连民族大学,201,,3,3,518,40181,,
12044,上海第二工业大学,201,,4,4,545,22795,,
12048,南京特殊教育师范学院,201,,3,3,536,27934,,
12048,南京特殊教育师范学院,202,,2,2,532,30756,,
12048,南京特殊教育师范学院,203,,1,1,561,14684,,
12050,上海商学院,201,,4,4,545,22653,,
12053,哈尔滨建筑科技职业大学,201,,3,3,505,50411,,
12056,南通理工学院,201,,15,15,485,68083,,
12059,广东培正学院,206,,684,684,474,78412,,
12059,广东培正学院,207,,546,546,474,78421,,
12059,广东培正学院,208,,607,607,475,77905,,
12059,广东培正学院(学分互认),209,,15,15,468,84579,,
12104,柳州职业技术大学,201,,10,10,512,44940,,
12107,贵州警察学院,201,,5,5,530,31983,,
12121,南方医科大学,207,,177,177,559,15461,,
12215,重庆工业职业技术大学,201,,6,6,511,45360,,
12216,安徽新华学院,201,,8,8,492,62034,,
12303,湖南涉外经济学院,201,,30,30,482,70900,,
12308,海口经济学院,201,,17,17,460,92641,,
12308,海口经济学院,202,,109,109,449,103854,,
12309,武昌首义学院,201,,5,5,501,53422,,
12310,武昌理工学院,201,,6,6,497,57037,,
12310,武昌理工学院,208,,5,5,459,93324,,
12332,烟台南山学院,201,,5,5,497,57540,,
12362,武汉生物工程学院,201,,18,18,497,57518,,
12453,中国劳动关系学院,201,,15,15,541,24745,,
12453,中国劳动关系学院,202,,1,1,565,13038,,
12544,宁夏理工学院,202,,8,8,487,66324,,
12560,云南经济管理学院,201,,5,5,499,55888,,
12574,广东东软学院,221,,63,63,488,65388,,
12574,广东东软学院,222,,60,60,481,71413,,
12574,广东东软学院,223,,30,30,483,70318,,
12574,广东东软学院,224,,37,37,486,67491,,
12574,广东东软学院,225,,30,30,480,73265,,
12587,上海立达学院,201,,28,28,448,105480,,
12608,重庆工程学院,201,,4,4,507,49152,,
12609,重庆电子科技职业大学,201,,10,10,511,45638,,
12617,广州城市理工学院,205,,539,539,501,53515,,
12618,广州软件学院,216,,223,223,478,74737,,
12618,广州软件学院,217,,341,341,471,80951,,
12618,广州软件学院,218,,36,36,461,92030,,
12618,广州软件学院(校企联合培养),219,,119,119,477,75249,,
12619,广州南方学院,201,,1389,1389,482,70580,,
12619,广州南方学院(联合培养),205,,76,76,451,102431,,
12620,广东外语外贸大学南国商学院,211,,197,197,492,61951,,
12620,广东外语外贸大学南国商学院,212,,342,342,488,65270,,
12620,广东外语外贸大学南国商学院,213,,409,409,486,67238,,
12620,广东外语外贸大学南国商学院,214,,210,210,483,69845,,
12620,广东外语外贸大学南国商学院,215,,196,196,486,67522,,
12620,广东外语外贸大学南国商学院(联合培养),231,,61,61,470,82868,,
12621,广州华商学院,201,,1908,1908,459,94141,,
12621,广州华商学院,202,,275,275,458,94333,,
12622,湛江科技学院,204,,2483,2483,444,109978,,
12622,湛江科技学院,205,,10,2,444,109394,,
12622,湛江科技学院,206,,70,70,440,113596,,
12623,华南农业大学珠江学院,201,,560,560,457,95430,,
12623,华南农业大学珠江学院,202,,88,88,445,109081,,
12623,华南农业大学珠江学院,203,,65,65,456,97324,,
12623,华南农业大学珠江学院(国际班),204,,70,70,454,98752,,
12636,成都东软学院,201,,4,4,499,55353,,
12651,湘潭理工学院,201,,2,2,509,47053,,
12652,长沙工业学院,201,,2,2,519,39601,,
12656,中南林业科技大学涉外学院,201,,13,13,507,48552,,
12657,常德学院,201,,2,2,507,48512,,
12657,常德学院,202,,2,2,509,47588,,
12658,岳阳学院,201,,3,3,496,57885,,
12659,衡阳师范学院南岳学院,201,,2,2,512,45200,,
12662,张家界学院,201,,2,2,499,55940,,
12662,张家界学院,202,,2,0,,,,
12668,广州理工学院,205,,901,901,461,92126,,
12668,广州理工学院(联合培养),206,,10,10,453,100147,,
12689,东南大学成贤学院,201,,5,5,507,49048,,
12710,闽南理工学院,201,,1,1,496,58302,,
12712,西安欧亚学院,201,,9,9,480,72453,,
12713,西安外事学院,201,,25,25,480,72842,,
12715,西京学院,201,,6,6,497,56817,,
12747,郑州工业应用技术学院,201,,5,5,500,54291,,
12766,江西工程学院,201,,4,4,506,49722,,
12779,山西应用科技学院,201,,4,4,496,58098,,
12784,河北传媒学院,201,,14,14,495,58948,,
12784,河北传媒学院,213,,14,14,476,76637,,
12792,浙江越秀外国语学院,201,,21,21,482,70664,,
12795,南昌理工学院,201,,31,31,495,59071,,
12799,上海建桥学院,201,,6,6,487,66570,,
12799,上海建桥学院,202,,12,12,483,69641,,
12802,吉利学院,201,,4,4,493,60415,,
12914,上海兴伟学院,201,,4,4,451,102303,,
12915,上海中侨职业技术大学,201,,23,23,454,99182,,
12928,泉州职业技术大学,201,,15,15,488,65102,,
12938,江西应用科技学院,201,,3,3,496,57999,,
12938,江西应用科技学院,202,,23,23,486,66750,,
12973,青海职业技术大学,201,,12,12,507,48875,,
12992,闽南科技学院,201,,1,1,504,51249,,
12992,闽南科技学院,202,,3,3,499,55708,,
12992,闽南科技学院,203,,2,2,494,59544,,
13001,宁波财经学院,201,,12,12,492,61536,,
13009,淄博职业技术大学,201,,10,10,508,47904,,
13021,浙大城市学院,201,,4,4,550,19769,,
13022,浙大宁波理工学院(中外合作办学),201,,8,8,507,49246,,
13065,安徽外国语学院,201,,10,10,486,67334,,
13121,西安思源学院,201,,1,1,494,60266,,
13161,长春职业技术大学,201,,2,2,507,48970,,
13188,武汉晴川学院,202,,5,5,497,57364,,
13198,大连工程学院,201,,4,4,479,73977,,
13201,沈阳工学院,201,,4,4,448,105947,,
13203,大连工业大学艺术与信息工程学院,201,,4,4,469,83245,,
13215,辽宁师范大学海华学院,201,,5,5,491,62084,,
13215,辽宁师范大学海华学院,202,,2,2,496,58450,,
13217,辽宁理工学院,201,,3,3,468,84091,,
13218,大连财经学院,201,,13,13,484,68732,,
13220,沈阳城市学院,201,,9,9,456,96443,,
13234,湖北大学知行学院,201,,2,2,506,49905,,
13234,湖北大学知行学院,202,,3,3,504,51236,,
13235,武汉城市学院,201,,8,8,496,57767,,
13236,三峡大学科技学院,201,,8,8,501,53636,,
13238,湖北工业大学工程技术学院,201,,2,2,506,49710,,
13238,湖北工业大学工程技术学院,202,,5,5,503,51807,,
13239,武汉工程大学邮电与信息工程学院,201,,9,9,497,56988,,
13240,武汉纺织大学外经贸学院,201,,1,1,497,57304,,
13240,武汉纺织大学外经贸学院,202,,4,4,497,56819,,
13241,武昌工学院,201,,4,4,500,54979,,
13242,武汉工商学院,201,,10,10,499,55480,,
13246,长江大学文理学院,201,,3,3,506,49914,,
13247,湖北商贸学院,201,,4,4,499,55442,,
13250,湖北恩施学院,201,,2,2,504,51696,,
13250,湖北恩施学院,202,,8,8,495,59171,,
13251,湖北经济学院法商学院,201,,8,8,498,56103,,
13253,武汉体育学院体育科技学院,201,,2,2,507,49216,,
13256,湖北师范大学文理学院,201,,3,3,506,49810,,
13256,湖北师范大学文理学院,202,,7,7,504,51231,,
13262,文华学院,201,,2,2,497,57276,,
13262,文华学院,202,,6,6,502,53084,,
13275,浙江工业大学之江学院,201,,2,2,501,54063,,
13275,浙江工业大学之江学院,202,,3,3,499,55594,,
13283,浙江农林大学暨阳学院,201,,6,6,498,55951,,
13290,浙江工商大学杭州商学院,202,,16,16,503,52045,,
13296,黑龙江外国语学院,201,,20,20,474,78350,,
13296,黑龙江外国语学院,202,,36,36,461,91981,,
13296,黑龙江外国语学院,203,,28,28,443,110690,,
13298,黑龙江财经学院,201,,2,2,481,71677,,
13299,哈尔滨石油学院,201,,2,2,482,70931,,
13300,黑龙江工商学院,201,,53,53,450,103143,,
13307,哈尔滨华德学院,201,,8,8,467,85219,,
13324,山东协和学院,201,,4,4,482,71238,,
13324,山东协和学院,202,,6,6,492,61686,,
13326,滇池学院,201,,1,1,509,46955,,
13326,滇池学院,202,,9,9,494,59527,,
13328,丽江文化旅游学院,201,,2,2,499,55257,,
13328,丽江文化旅游学院,202,,3,3,494,60150,,
13330,昆明城市学院,201,,6,6,499,55075,,
13332,昆明医科大学海源学院,201,,2,2,496,58515,,
13359,烟台理工学院,201,,6,6,498,56454,,
13378,青岛城市学院,201,,2,2,488,65387,,
13402,河北外国语学院,201,,4,4,488,64971,,
13408,华北理工大学轻工学院,201,,2,2,498,55949,,
13415,河北医科大学临床学院,201,,5,5,505,50161,,
13418,江西服装学院,201,,16,16,489,64060,,
13418,江西服装学院(中外合作办学),202,,3,1,462,90685,,
13420,南昌职业大学,201,,12,12,488,64937,,
13421,南昌工学院,201,,6,6,494,59939,,
13429,南昌大学科学技术学院,201,,11,11,509,46852,,
13431,南昌交通学院,201,,2,2,505,50605,,
13431,南昌交通学院,202,,2,2,503,51891,,
13431,南昌交通学院,203,,4,4,502,52532,,
13432,赣东学院,201,,7,7,516,41519,,
13433,南昌航空大学科技学院,201,,3,3,510,46491,,
13433,南昌航空大学科技学院,202,,9,9,506,50056,,
13433,南昌航空大学科技学院,203,,6,6,507,49167,,
13434,赣南科技学院,201,,4,4,521,37800,,
13434,赣南科技学院,202,,2,2,512,44480,,
13436,江西农业大学南昌商学院,201,,2,2,508,48017,,
13436,江西农业大学南昌商学院,202,,10,10,506,49275,,
13436,江西农业大学南昌商学院,203,,1,1,505,50659,,
13437,南昌医学院,201,,2,2,525,35427,,
13437,南昌医学院,202,,8,8,511,45384,,
13438,江西师范大学科学技术学院,201,,12,12,508,48048,,
13439,赣南师范大学科技学院,201,,2,2,509,46893,,
13439,赣南师范大学科技学院,202,,10,10,510,46362,,
13439,赣南师范大学科技学院,203,,4,4,509,46914,,
13439,赣南师范大学科技学院,204,,1,1,520,38616,,
13440,南昌应用技术师范学院,201,,8,8,506,49882,,
13441,江西财经大学现代经济管理学院,201,,1,1,512,44920,,
13441,江西财经大学现代经济管理学院,202,,25,25,507,48861,,
13468,阳光学院,201,,1,1,481,71813,,
13468,阳光学院,202,,5,5,489,64294,,
13469,厦门大学嘉庚学院,201,,5,5,509,47605,,
13469,厦门大学嘉庚学院,202,,12,12,509,47521,,
13469,厦门大学嘉庚学院,210,,16,16,509,47149,,
13470,福州大学至诚学院,201,,2,2,511,45731,,
13470,福州大学至诚学院,202,,8,8,507,48530,,
13471,集美大学诚毅学院,201,,2,2,512,44915,,
13471,集美大学诚毅学院,202,,10,10,509,47433,,
13472,福建师范大学协和学院,201,,3,3,511,45628,,
13472,福建师范大学协和学院,203,,1,1,498,56687,,
13497,郑州财经学院,201,,16,16,502,52607,,
13511,兰州工商学院,201,,3,3,487,65812,,
13514,兰州博文科技学院,201,,6,6,487,65920,,
13524,北海艺术设计学院,201,,56,56,484,69087,,
13538,山西晋中理工学院,201,,12,12,496,58162,,
13558,新疆理工学院,201,,4,4,507,48503,,
13558,新疆理工学院,202,,3,3,507,48809,,
13560,新疆第二医学院,201,,1,1,509,47096,,
13561,新疆科技学院,201,,2,2,507,49257,,
13571,无锡太湖学院,201,,48,48,486,66963,,
13578,河北工程大学科信学院,201,,1,1,506,49714,,
13579,中国矿业大学徐海学院,201,,2,2,499,55469,,
13579,中国矿业大学徐海学院,202,,12,12,501,53789,,
13588,重庆外语外事学院,201,,6,6,506,49418,,
13588,重庆外语外事学院,202,,11,11,504,51304,,
13589,重庆对外经贸学院,201,,5,5,508,47844,,
13589,重庆对外经贸学院,202,,8,8,506,49345,,
13590,重庆财经学院,201,,7,7,509,47472,,
13593,石家庄铁道大学四方学院,201,,7,7,505,50886,,
13594,河北地质大学华信学院,201,,8,8,496,58487,,
13597,山西科技学院,201,,1,1,518,40272,,
13599,大连艺术学院,201,,36,17,440,114509,,
13600,长春光华学院,201,,2,2,472,80401,,
13602,长春电子科技学院,201,,2,2,484,68802,,
13603,长春财经学院,201,,8,8,482,70983,,
13611,蚌埠工商学院,201,,4,4,497,57106,,
13614,马鞍山学院,201,,7,7,489,64639,,
13615,合肥城市学院,201,,3,3,489,64379,,
13621,沈阳科技学院,201,,2,2,465,87466,,
13622,吉林师范大学博达学院,201,,4,4,481,72299,,
13622,吉林师范大学博达学院,202,,8,8,483,69531,,
13622,吉林师范大学博达学院,203,,2,2,494,59513,,
13625,昆明文理学院,201,,2,2,500,54875,,
13625,昆明文理学院,202,,27,27,488,65296,,
13625,昆明文理学院,203,,2,2,499,55495,,
13626,昆明理工大学津桥学院,201,,3,3,497,57202,,
13626,昆明理工大学津桥学院,202,,11,11,493,61135,,
13627,重庆移通学院,201,,17,17,504,51096,,
13628,新疆政法学院,201,,2,2,512,44554,,
13628,新疆政法学院,202,,15,15,511,45266,,
13628,新疆政法学院,203,,4,4,511,45717,,
13629,首都师范大学科德学院,201,,16,9,441,113204,,
13631,大连东软信息学院,201,,10,10,446,107371,,
13632,上海视觉艺术学院,201,,4,4,489,64446,,
13632,上海视觉艺术学院,211,,1,1,497,57296,,
13634,武汉学院,201,,12,12,501,53562,,
13636,上海外国语大学贤达经济人文学院,201,,2,2,486,67438,,
13639,柳州工学院,201,,5,5,498,56571,,
13639,柳州工学院,202,,25,25,494,59903,,
13640,广西民族大学相思湖学院,201,,24,24,505,50527,,
13641,桂林学院,201,,9,9,499,55584,,
13642,南宁师范大学师园学院,201,,8,8,509,47153,,
13643,广西中医药大学赛恩斯新医药学院,201,,12,12,536,27924,,
13644,桂林信息科技学院,201,,31,31,488,65357,,
13645,南宁理工学院,201,,40,40,482,70757,,
13645,南宁理工学院,202,,5,5,479,73523,,
13650,贵阳信息科技学院,201,,10,10,492,61480,,
13651,贵阳人文科技学院,201,,2,2,504,50978,,
13654,南京理工大学紫金学院,201,,13,13,509,47552,,
13655,南京航空航天大学金城学院,201,,2,2,505,50754,,
13655,南京航空航天大学金城学院,202,,8,8,501,53922,,
13656,广州华立学院,213,,373,373,455,98152,,
13656,广州华立学院,214,,65,65,459,94158,,
13656,广州华立学院,215,,10,10,469,83206,,
13656,广州华立学院,216,,256,256,453,100611,,
13656,广州华立学院,217,,307,307,452,100681,,
13656,广州华立学院,218,,12,12,455,98405,,
13657,广州应用科技学院(联合培养),209,,93,93,455,97974,,
13657,广州应用科技学院,237,,1565,1565,460,93190,,
13657,广州应用科技学院(校企联合培养),238,,20,20,466,86394,,
13658,天津外国语大学滨海外事学院,201,,2,2,488,65346,,
13658,天津外国语大学滨海外事学院,202,,3,3,493,60454,,
13658,天津外国语大学滨海外事学院,203,,8,8,497,56970,,
13660,天津商业大学宝德学院,201,,1,1,495,58953,,
13660,天津商业大学宝德学院,202,,1,1,492,61890,,
13660,天津商业大学宝德学院,203,,2,2,493,60947,,
13660,天津商业大学宝德学院,204,,3,3,496,58116,,
13661,天津医科大学临床医学院,201,,1,1,505,50405,,
13662,长春人文学院,201,,4,4,485,67597,,
13665,电子科技大学成都学院,201,,2,2,506,50034,,
13665,电子科技大学成都学院,202,,9,9,501,53400,,
13666,武汉华夏理工学院,201,,6,6,496,58220,,
13667,广州商学院,201,,2097,2097,488,64958,,
13667,广州商学院(中外合作办学),202,,40,40,465,87080,,
13667,广州商学院,203,,205,205,481,71518,,
13668,成都理工大学工程技术学院,201,,8,8,502,52898,,
13669,四川传媒学院,201,,6,6,498,56670,,
13669,四川传媒学院,202,,22,22,499,55763,,
13669,四川传媒学院,203,,2,2,499,55384,,
13669,四川传媒学院,204,,5,5,508,47902,,
13669,四川传媒学院,209,,5,5,502,52534,,
13669,四川传媒学院,210,,6,6,500,54823,,
13670,成都银杏酒店管理学院,201,,6,6,496,58231,,
13673,成都外国语学院,201,,53,53,498,56710,,
13675,广东江门南粤学院,201,,69,69,495,59123,,
13678,西北大学现代学院,201,,7,7,488,65243,,
13682,西安工商学院,201,,2,2,503,51710,,
13684,珠海科技学院,207,,1754,1754,506,49717,,
13686,武汉传媒学院,201,,24,24,486,67304,,
13687,南京传媒学院,201,,26,26,503,52514,,
13687,南京传媒学院(中外合作办学),202,,2,2,509,47606,,
13714,广州工商学院,201,,1384,1384,457,95545,,
13714,广州工商学院,202,,25,25,464,88557,,
13714,广州工商学院,203,,59,59,447,107026,,
13714,广州工商学院,204,,55,55,453,99965,,
13714,广州工商学院,205,,116,116,447,106151,,
13714,广州工商学院,206,,30,30,450,103108,,
13717,广州科技职业技术大学,201,,528,528,470,82851,,
13717,广州科技职业技术大学(校企联合培养),209,,10,10,475,77532,,
13719,广东科技学院,201,,590,590,466,86574,,
13719,广东科技学院,202,,30,30,461,91226,,
13719,广东科技学院(联合培养),203,,20,20,449,104570,,
13719,广东科技学院,217,,25,25,474,78102,,
13720,广东理工学院,201,,655,655,452,100943,,
13720,广东理工学院,202,,75,75,447,106596,,
13720,广东理工学院,203,,50,50,449,104245,,
13720,广东理工学院,204,,50,50,449,103926,,
13720,广东理工学院,214,,120,120,451,102145,,
13721,广东工商职业技术大学,203,,685,685,447,106479,,
13721,广东工商职业技术大学,204,,303,303,446,107879,,
13727,新疆天山职业技术大学,201,,15,15,492,62007,,
13744,黑河学院,201,,3,3,509,46890,,
13744,黑河学院,202,,19,19,507,48906,,
13762,福州外语外贸学院,201,,5,5,493,61198,,
13763,福建江夏学院,201,,2,2,534,29031,,
13766,泉州信息工程学院,201,,5,5,492,61391,,
13773,福州理工学院,201,,3,3,485,67916,,
13774,豫章师范学院,201,,5,5,513,44303,,
13774,豫章师范学院,202,,5,5,512,44933,,
13774,豫章师范学院,203,,3,3,521,38182,,
13775,抚州医药学院,201,,4,4,511,45917,,
13776,江西软件职业技术大学,201,,5,5,484,68768,,
13776,江西软件职业技术大学,202,,12,12,488,65646,,
13806,长沙师范学院,201,,5,5,514,43008,,
13809,湖南应用技术学院,201,,3,3,500,54272,,
13810,肇庆医学院,205,,29,29,440,113666,,
13810,肇庆医学院,207,,76,76,512,44490,,
13811,琼台师范学院,201,,4,4,515,42249,,
13811,琼台师范学院,202,,21,21,512,45177,,
13811,琼台师范学院,203,,2,2,516,41887,,
13811,琼台师范学院(中外合作办学),204,,12,12,485,68368,,
13816,四川工业科技学院,201,,6,6,500,54396,,
13830,广西外国语学院,201,,12,12,498,56476,,
13843,南京师范大学泰州学院,201,,5,5,505,50643,,
13843,南京师范大学泰州学院,202,,30,30,501,53881,,
13844,东莞城市学院,203,,210,210,453,99846,,
13844,东莞城市学院,204,,40,40,462,91119,,
13844,东莞城市学院,205,,868,868,460,92433,,
13844,东莞城市学院,220,,60,60,459,94194,,
13892,三亚学院,201,,55,55,476,76142,,
13892,三亚学院(中外合作办学),202,,2,2,445,108380,,
13892,三亚学院,203,,2,2,498,56362,,
13892,三亚学院,213,,2,2,477,75335,,
13893,上海师范大学天华学院,201,,2,2,491,62807,,
13894,西安明德理工学院,201,,4,4,486,67111,,
13897,天津理工大学中环信息学院,201,,3,3,493,60885,,
13898,北京科技大学天津学院,201,,6,6,501,54027,,
13899,北京中医药大学东方学院,201,,4,4,493,60473,,
13899,北京中医药大学东方学院,202,,5,5,528,33241,,
13899,北京中医药大学东方学院,203,,1,1,508,48122,,
13900,辽宁财贸学院,201,,5,5,458,95140,,
13901,北京邮电大学世纪学院,201,,1,1,491,62601,,
13902,广州新华学院,201,,879,879,499,55340,,
13902,广州新华学院,202,,26,26,499,55878,,
13903,成都锦城学院,201,,24,24,507,49233,,
13903,成都锦城学院,209,,3,3,502,53008,,
13905,南京工业大学浦江学院,201,,33,33,498,56466,,
13906,南京师范大学中北学院,201,,8,8,504,51678,,
13920,广西城市职业大学,201,,75,75,479,73774,,
13924,湖南交通工程学院,201,,2,2,493,60414,,
13937,湖南汽车工程职业大学,201,,3,3,510,46622,,
13957,辽宁传媒学院,201,,10,10,469,83665,,
13980,南京医科大学康达学院,201,,4,4,502,52747,,
13980,南京医科大学康达学院,202,,6,6,500,54426,,
13980,南京医科大学康达学院,203,,2,2,507,49016,,
13982,无锡学院,201,,4,4,536,27836,,
13983,苏州城市学院,201,,15,15,532,30584,,
13983,苏州城市学院,202,,5,5,532,30687,,
13984,苏州大学应用技术学院,201,,7,7,499,55922,,
13986,江苏大学京江学院,201,,1,1,506,49683,,
13986,江苏大学京江学院,202,,13,13,502,53208,,
13987,扬州大学广陵学院,202,,23,23,504,51688,,
13988,江苏师范大学科文学院,201,,2,2,505,50376,,
13988,江苏师范大学科文学院,202,,4,4,505,50110,,
13988,江苏师范大学科文学院,203,,2,2,500,54330,,
13988,江苏师范大学科文学院,204,,2,2,504,51453,,
13988,江苏师范大学科文学院,205,,2,2,498,56196,,
13990,南京财经大学红山学院,201,,17,17,503,51748,,
13991,江苏科技大学苏州理工学院,201,,3,3,504,51586,,
13992,常州大学怀德学院,201,,30,30,493,60360,,
13993,南通大学杏林学院,201,,2,2,506,49632,,
13993,南通大学杏林学院,202,,10,10,486,66919,,
13993,南通大学杏林学院,203,,5,5,494,59704,,
13994,南京审计大学金审学院,201,,47,47,504,50984,,
13994,南京审计大学金审学院(中外合作办学),202,,5,5,457,96027,,
13995,青岛工学院,201,,2,2,489,64601,,
13995,青岛工学院,202,,5,5,496,58361,,
14001,聊城大学东昌学院,201,,10,10,503,52462,,
14002,烟台科技学院,201,,11,11,491,62213,,
14037,西南财经大学天府学院,201,,16,16,498,56254,,
14038,天津仁爱学院,201,,2,2,486,67584,,
14038,天津仁爱学院,202,,1,1,479,73308,,
14038,天津仁爱学院,203,,1,1,495,58611,,
14038,天津仁爱学院,204,,1,1,511,46007,,
14039,四川大学锦江学院,201,,1,1,504,51133,,
14039,四川大学锦江学院,202,,7,7,506,49867,,
14039,四川大学锦江学院,203,,1,1,508,48207,,
14040,郑州商学院,201,,11,11,502,52931,,
14042,西安科技大学高新学院,201,,3,3,489,64472,,
14043,四川文化艺术学院,201,,11,11,485,67625,,
14046,福建农林大学金山学院,201,,2,2,502,53293,,
14087,天津财经大学珠江学院,201,,6,6,491,62884,,
14087,天津财经大学珠江学院,202,,7,7,498,56060,,
14098,合肥师范学院,201,,4,4,517,40806,,
14098,合肥师范学院,202,,6,6,523,36610,,
14099,湖北第二师范学院,201,,3,3,529,32858,,
14099,湖北第二师范学院(中外合作办学),202,,3,3,495,58960,,
14139,民政职业大学,201,,16,16,516,41410,,
14139,民政职业大学,202,,2,2,522,37460,,
14160,宿迁学院,201,,2,2,515,42617,,
14160,宿迁学院,202,,7,7,516,41697,,
14172,海南科技职业大学,201,,26,26,450,102872,,
14201,北京第二外国语学院中瑞酒店管理学院,201,,2,2,472,80410,,
14202,沧州交通学院,201,,6,6,488,65501,,
14202,沧州交通学院,202,,9,9,492,61656,,
14207,上海财经大学浙江学院,201,,8,8,505,50249,,
14223,贵州师范学院,201,,3,3,516,41394,,
14225,河北东方学院,201,,6,6,499,55406,,
14226,运城职业技术大学,201,,6,6,500,55025,,
14226,运城职业技术大学,202,,1,1,510,46513,,
14262,西南交通大学希望学院,201,,3,3,499,55188,,
14277,山东青年政治学院,201,,5,5,512,44924,,
14277,山东青年政治学院,202,,5,5,513,44128,,
14278,广东第二师范学院,211,,574,574,539,26387,,
14278,广东第二师范学院,212,,102,102,545,22912,,
14278,广东第二师范学院,213,,76,76,537,27256,,
14278,广东第二师范学院,214,,103,103,547,21478,,
14278,广东第二师范学院,216,,30,30,530,31990,,
14278,广东第二师范学院(学分互认),231,,30,30,514,43585,,
14278,广东第二师范学院(学分互认),232,,15,15,510,46586,,
14278,广东第二师范学院(学分互认),233,,15,15,513,44401,,
14278,广东第二师范学院(学分互认),235,,15,15,501,54080,,
14327,青岛电影学院,201,,39,39,443,111451,,
14389,成都师范学院,201,,4,4,536,27739,,
14389,成都师范学院,202,,4,4,524,36141,,
14410,四川电影电视学院,201,,17,17,494,59863,,
14434,山西传媒学院,201,,10,10,509,47200,,
14434,山西传媒学院,202,,2,2,510,46729,,
14437,南昌师范学院,201,,4,4,520,38832,,
14437,南昌师范学院,202,,2,2,519,39876,,
14437,南昌师范学院,203,,4,4,521,37969,,
14596,中国社会科学院大学,201,,13,13,605,2617,,
14596,中国社会科学院大学,202,,2,2,604,2735,,
14623,滇西应用技术大学,201,,2,2,517,41122,,
14654,郑州西亚斯学院,201,,20,20,500,54767,,
14654,郑州西亚斯学院(中外合作办学),202,,10,10,454,99125,,
14655,深圳技术大学,204,,243,243,563,13830,,
14655,深圳技术大学(国际班),222,,80,80,530,31964,,
14829,海南比勒费尔德应用科学大学(中外合作办学),201,,16,16,446,107391,,
14830,重庆中医药学院,201,,5,5,559,15459,,
14944,海南警察学院,201,,2,2,543,23700,,
14948,海南洛桑旅游大学(中外合作办学),201,,25,12,457,95967,,
16202,河北石油职业技术大学,201,,10,10,508,48092,,
16203,河北科技工程职业技术大学,201,,8,8,508,47836,,
16204,河北工业职业技术大学,201,,8,8,509,46967,,
16205,广西农业职业技术大学,201,,7,7,511,45491,,
16206,贵阳康养职业大学,201,,1,1,510,46123,,
16301,宁波诺丁汉大学(中外合作办学),201,,13,13,574,9718,,
16301,宁波诺丁汉大学(中外合作办学),202,,6,6,570,11099,,
16302,西交利物浦大学(中外合作办学),201,,4,4,581,7365,,
16401,北师香港浸会大学(内地香港办学),201,,140,140,550,20155,,
16405,温州肯恩大学(中外合作办学),201,,17,17,540,25864,,
16409,深圳北理莫斯科大学(中外合作办学),204,,5,4,546,21917,,
18213,哈尔滨工业大学(深圳),201,,49,49,613,1666,,
19001,北京大学医学部,201,,3,3,650,94,,
19002,中国人民大学(苏州校区)(中外合作办学),201,,12,12,615,1436,,
19004,北京交通大学(威海校区)(中外合作办学),201,,5,5,569,11307,,
19027,北京师范大学(珠海校区),201,,72,72,616,1384,,
19145,东北大学秦皇岛分校,201,,3,3,591,5050,,
19145,东北大学秦皇岛分校,202,,7,7,588,5592,,
19359,合肥工业大学(宣城校区),201,,4,4,573,9892,,
19422,山东大学威海分校,201,,11,11,597,3822,,
19422,山东大学威海分校(中外合作办学),202,,8,8,580,7801,,
19635,西南大学(荣昌校区),201,,2,2,578,8467,,
51285,江西飞行学院,201,,5,5,512,44469,,
51721,河北环境工程学院,201,,9,9,510,46751,,
80002,华南师范大学(汕尾校区),201,,35,35,575,9195,,
80002,华南师范大学(汕尾校区),202,,62,62,573,10132,,
80003,广东工业大学(揭阳校区),251,,90,90,543,23659,,
80004,广东技术师范大学(河源校区),203,,14,14,543,23660,,
81012,香港珠海学院,201,,6,6,495,59148,,
