code,name,group,plan,admit,score,rank
10001,北京大学,203,24,24,683,88
10002,中国人民大学,203,47,47,665,644
10002,中国人民大学,204,3,3,665,673
10003,清华大学,,59,63,683,88
10004,北京交通大学,203,7,7,621,9948
10004,北京交通大学,204,53,53,614,13274
10004,北京交通大学,205,38,38,612,14464
10004,北京交通大学,211,2,2,605,18483
10004,北京交通大学,212,2,2,606,17771
10005,北京工业大学,201,10,10,603,19925
10006,北京航空航天大学,203,111,111,654,1623
10007,北京理工大学,202,69,71,646,2757
10007,北京理工大学,203,5,5,615,12818
10007,北京理工大学,205,4,4,629,7099
10008,北京科技大学,201,27,27,610,15442
10008,北京科技大学,202,42,42,610,15136
10008,北京科技大学,203,2,2,610,15625
10010,北京化工大学,202,43,43,604,19357
10010,北京化工大学,203,52,52,596,24517
10010,北京化工大学,207,3,3,588,31175
10010,北京化工大学,208,14,14,582,36227
10011,北京工商大学,201,7,7,555,64202
10011,北京工商大学,202,10,10,573,44270
10011,北京工商大学,203,6,6,567,50428
10011,北京工商大学,204,5,5,552,68054
10012,北京服装学院,202,5,5,543,79627
10012,北京服装学院,203,13,13,515,119504
10013,北京邮电大学,201,5,5,647,2535
10013,北京邮电大学,202,111,111,625,8321
10015,北京印刷学院,202,6,6,532,94006
10015,北京印刷学院,203,3,3,538,85849
10016,北京建筑大学,201,1,1,602,20228
10016,北京建筑大学,202,7,7,582,35644
10017,北京石油化工学院,201,3,3,537,87169
10017,北京石油化工学院,202,7,7,542,81411
10017,北京石油化工学院,203,2,2,539,84689
10017,北京石油化工学院,204,2,2,542,80578
10019,中国农业大学,202,42,42,610,15264
10019,中国农业大学,203,27,27,613,13836
10019,中国农业大学,204,10,10,612,14345
10019,中国农业大学,208,5,5,601,21235
10022,北京林业大学,205,68,68,591,28131
10022,北京林业大学,206,5,5,592,27746
10022,北京林业大学,207,14,14,589,30340
10022,北京林业大学,210,3,3,586,32707
10022,北京林业大学,212,2,2,572,45956
10026,北京中医药大学,203,2,2,596,24868
10026,北京中医药大学,204,27,27,597,23598
10027,北京师范大学,202,12,12,653,1676
10027,北京师范大学,203,12,12,656,1407
10028,首都师范大学,203,4,4,591,28114
10029,首都体育学院,202,1,1,538,86028
10030,北京外国语大学,207,18,18,614,13368
10030,北京外国语大学,208,2,2,632,6055
10031,北京第二外国语学院,204,13,13,572,45530
10031,北京第二外国语学院,205,3,3,588,31111
10032,北京语言大学,204,5,5,594,25954
10032,北京语言大学,205,12,12,583,34921
10033,中国传媒大学,203,49,49,607,16828
10033,中国传媒大学,207,9,9,604,18879
10033,中国传媒大学,208,6,6,584,34053
10034,中央财经大学,203,61,61,629,7117
10034,中央财经大学,205,15,15,618,11418
10036,对外经济贸易大学,202,26,26,628,7231
10036,对外经济贸易大学,203,21,21,627,7685
10037,北京物资学院,203,6,6,548,72603
10037,北京物资学院,204,1,1,548,72994
10038,首都经济贸易大学,202,6,6,586,32415
10041,中国人民公安大学,201,3,3,614,13136
10043,北京体育大学,203,4,4,590,29351
10043,北京体育大学,204,2,2,585,33044
10043,北京体育大学,205,4,4,584,34470
10043,北京体育大学,206,5,5,585,33072
10043,北京体育大学,207,3,3,588,31115
10050,北京电影学院,202,2,2,607,17461
10050,北京电影学院,203,3,3,604,19180
10052,中央民族大学,203,2,2,607,16862
10052,中央民族大学,204,53,53,605,18373
10052,中央民族大学,205,6,6,606,17636
10053,中国政法大学,205,1,1,616,12302
10053,中国政法大学,206,4,4,621,9921
10053,中国政法大学,207,46,46,615,12478
10054,华北电力大学(北京),203,92,92,602,20370
10054,华北电力大学(北京),204,6,6,598,22897
10055,南开大学,202,46,48,641,3777
10055,南开大学,203,23,24,637,4674
10056,天津大学,201,35,44,627,7713
10056,天津大学,202,33,33,626,8183
10056,天津大学,203,4,5,627,7728
10057,天津科技大学,202,23,23,549,71395
10057,天津科技大学,203,10,10,544,77711
10057,天津科技大学,204,8,8,540,82866
10057,天津科技大学,210,6,6,540,83814
10057,天津科技大学,211,3,3,533,92879
10058,天津工业大学,201,47,47,580,38279
10058,天津工业大学,202,16,16,563,55188
10058,天津工业大学,206,5,5,567,50846
10059,中国民航大学,205,2,2,560,59032
10059,中国民航大学,206,11,11,561,57902
10059,中国民航大学,207,9,9,567,50635
10059,中国民航大学,208,115,115,546,76079
10059,中国民航大学,209,34,34,544,78542
10059,中国民航大学,210,5,5,544,78172
10060,天津理工大学,201,77,77,545,77458
10060,天津理工大学,202,10,10,543,79113
10060,天津理工大学,204,18,18,540,83994
10061,天津农学院,201,15,15,503,138535
10061,天津农学院,202,11,11,508,129608
10061,天津农学院,203,9,9,503,137074
10061,天津农学院,204,1,1,501,141196
10063,天津中医药大学,204,4,4,551,69332
10063,天津中医药大学,205,6,6,543,79111
10063,天津中医药大学,206,16,16,560,58927
10063,天津中医药大学,207,6,6,551,68750
10065,天津师范大学,202,45,45,559,59863
10065,天津师范大学,203,5,5,581,36605
10065,天津师范大学,204,4,4,584,34071
10065,天津师范大学,205,3,3,589,30237
10066,天津职业技术师范大学,201,31,31,518,115505
10068,天津外国语大学,207,2,2,556,62879
10068,天津外国语大学,208,14,14,556,63327
10069,天津商业大学,203,52,52,527,101702
10069,天津商业大学,207,6,6,526,102744
10070,天津财经大学,202,33,33,570,47237
10070,天津财经大学,207,5,5,566,51986
10071,天津体育学院,202,4,4,512,123429
10076,河北工程大学,201,22,22,529,99105
10077,河北地质大学,202,26,26,517,116883
10078,华北水利水电大学,201,13,13,546,75828
10078,华北水利水电大学,202,7,7,546,75726
10078,华北水利水电大学,204,5,5,516,117267
10079,华北电力大学(保定),203,78,78,600,21573
10079,华北电力大学(保定),204,9,9,587,31567
10079,华北电力大学(保定),205,14,14,587,31451
10080,河北工业大学,202,22,22,589,30411
10080,河北工业大学,204,1,1,594,26439
10081,华北理工大学,204,6,6,529,98431
10081,华北理工大学,205,3,3,542,81425
10081,华北理工大学,206,3,3,539,85426
10081,华北理工大学,209,3,3,536,88445
10081,华北理工大学,210,2,2,576,41842
10081,华北理工大学,211,4,4,536,88464
10089,河北医科大学,202,4,4,522,109499
10089,河北医科大学,203,3,3,546,76053
10089,河北医科大学,204,3,3,547,74707
10089,河北医科大学,205,5,5,544,77957
10089,河北医科大学,206,6,6,584,34252
10092,河北北方学院,201,7,7,540,82969
10092,河北北方学院,202,3,3,508,130391
10093,承德医学院,201,3,3,550,70907
10094,河北师范大学,203,2,2,557,62472
10094,河北师范大学,204,6,6,555,63915
10094,河北师范大学,205,2,2,559,59868
10101,衡水学院,202,6,6,500,141895
10101,衡水学院,203,2,2,500,142744
10101,衡水学院,211,2,2,491,156608
10103,邯郸学院,202,5,5,497,146477
10104,邢台学院,202,2,2,503,137562
10105,沧州师范学院,203,8,8,498,146033
10105,沧州师范学院,204,2,2,497,147832
10107,石家庄铁道大学,202,1,1,543,79320
10107,石家庄铁道大学,203,2,2,549,71361
10107,石家庄铁道大学,204,2,2,555,64849
10107,石家庄铁道大学,205,4,4,539,84788
10108,山西大学,206,8,8,577,41013
10108,山西大学,207,5,5,557,61765
10108,山西大学,208,6,6,556,63322
10109,太原科技大学,201,10,10,527,101112
10109,太原科技大学,202,2,2,519,113297
10110,中北大学,203,111,111,540,83640
10110,中北大学,204,25,25,533,92731
10110,中北大学,205,13,13,537,88126
10110,中北大学,206,5,5,482,171644
10110,中北大学,207,20,20,528,100608
10112,太原理工大学,201,27,27,584,34174
10112,太原理工大学,202,30,30,584,34504
10113,山西农业大学,202,7,7,521,110034
10113,山西农业大学,203,2,2,508,130108
10113,山西农业大学,204,8,8,508,129557
10113,山西农业大学,205,2,2,508,129685
10114,山西医科大学,201,2,2,540,83258
10114,山西医科大学,202,6,6,487,164159
10114,山西医科大学,203,2,2,580,37851
10114,山西医科大学,204,10,10,555,64185
10117,长治医学院,201,2,2,518,115125
10117,长治医学院,202,4,4,539,84730
10117,长治医学院,203,4,4,544,78068
10118,山西师范大学,202,14,14,523,107383
10118,山西师范大学,203,4,4,510,126492
10120,山西大同大学,202,10,10,530,97691
10124,忻州师范学院,201,8,8,499,144729
10124,忻州师范学院,202,1,1,496,148547
10124,忻州师范学院,203,1,1,497,146997
10125,山西财经大学,202,11,11,537,87240
10126,内蒙古大学,207,6,6,571,46400
10126,内蒙古大学,208,2,2,567,51226
10126,内蒙古大学,209,3,3,576,41254
10126,内蒙古大学,210,6,6,574,43442
10126,内蒙古大学,211,2,2,577,40179
10126,内蒙古大学,212,1,1,565,53431
10126,内蒙古大学,213,3,3,568,49810
10126,内蒙古大学,214,12,12,551,69620
10126,内蒙古大学,215,6,6,558,60735
10126,内蒙古大学,216,2,2,558,61236
10126,内蒙古大学,217,2,2,566,52051
10126,内蒙古大学,218,2,2,551,68868
10127,内蒙古科技大学,202,43,43,496,148246
10127,内蒙古科技大学,203,10,10,495,151044
10128,内蒙古工业大学,201,21,21,514,120475
10128,内蒙古工业大学,202,26,26,494,152209
10128,内蒙古工业大学,203,3,3,505,134821
10129,内蒙古农业大学,202,4,4,498,145026
10129,内蒙古农业大学,203,5,5,506,132842
10129,内蒙古农业大学,204,2,2,505,134034
10132,内蒙古医科大学,201,1,1,492,155548
10132,内蒙古医科大学,202,13,13,532,94782
10135,内蒙古师范大学,202,5,5,496,149077
10135,内蒙古师范大学,203,6,6,518,115291
10136,内蒙古民族大学,203,3,3,502,138740
10136,内蒙古民族大学,204,5,5,495,150111
10136,内蒙古民族大学,205,5,5,529,98246
10136,内蒙古民族大学,206,2,2,496,148516
10136,内蒙古民族大学,207,8,8,497,146989
10140,辽宁大学,204,5,5,553,66560
10140,辽宁大学,206,4,4,564,54605
10140,辽宁大学,212,5,5,567,50560
10141,大连理工大学,203,8,8,608,16277
10141,大连理工大学,204,62,62,613,13656
10141,大连理工大学,207,10,10,607,17441
10142,沈阳工业大学,202,60,60,527,101570
10143,沈阳航空航天大学,201,4,4,543,79003
10143,沈阳航空航天大学,202,1,1,581,37324
10144,沈阳理工大学,201,18,18,533,93663
10144,沈阳理工大学,202,2,2,527,102201
10145,东北大学,202,2,2,607,16970
10145,东北大学,203,2,2,612,14041
10145,东北大学,204,100,100,604,18894
10145,东北大学,205,2,2,607,17055
10145,东北大学,208,20,20,584,34359
10145,东北大学,209,17,17,587,32006
10146,辽宁科技大学,201,11,11,523,108008
10146,辽宁科技大学,204,4,4,493,153133
10147,辽宁工程技术大学,202,10,10,532,94753
10148,辽宁石油化工大学,202,2,2,510,126630
10148,辽宁石油化工大学,203,2,2,522,108690
10148,辽宁石油化工大学,204,1,1,526,102819
10148,辽宁石油化工大学,208,5,5,503,137902
10148,辽宁石油化工大学,209,5,5,495,150721
10149,沈阳化工大学,201,7,7,521,110136
10149,沈阳化工大学,202,8,8,516,118539
10149,沈阳化工大学,203,1,1,520,111877
10149,沈阳化工大学,204,5,5,515,118632
10150,大连交通大学,202,2,2,542,81242
10150,大连交通大学,203,2,2,528,100793
10150,大连交通大学,204,8,8,539,85332
10150,大连交通大学,208,6,6,538,85901
10150,大连交通大学,209,2,2,541,82200
10150,大连交通大学,211,7,7,519,113214
10151,大连海事大学,203,3,3,588,30797
10151,大连海事大学,204,85,85,584,34451
10151,大连海事大学,206,14,14,571,46627
10152,大连工业大学,201,3,3,538,86470
10152,大连工业大学,202,1,1,527,102363
10152,大连工业大学,203,2,2,517,115690
10152,大连工业大学,204,5,5,520,111726
10152,大连工业大学,205,4,4,518,114132
10152,大连工业大学,209,2,2,533,92806
10152,大连工业大学,210,2,2,524,106438
10152,大连工业大学,211,4,4,512,124336
10152,大连工业大学,212,3,3,522,109629
10153,沈阳建筑大学,201,21,21,523,108037
10153,沈阳建筑大学,202,2,2,562,56758
10158,大连海洋大学,202,18,18,506,133139
10158,大连海洋大学,203,7,7,507,131472
10158,大连海洋大学,204,2,2,510,127037
10159,中国医科大学,201,21,21,591,28490
10159,中国医科大学,205,4,4,559,59417
10160,锦州医科大学,201,13,13,547,74829
10160,锦州医科大学,202,6,6,516,117234
10160,锦州医科大学,205,5,5,494,152531
10161,大连医科大学,201,12,12,585,33451
10162,辽宁中医药大学,202,6,6,544,77735
10163,沈阳药科大学,205,2,2,543,79780
10163,沈阳药科大学,206,2,2,540,83434
10163,沈阳药科大学,207,19,19,550,71070
10163,沈阳药科大学,209,6,6,505,134820
10164,沈阳医学院,201,4,4,549,72260
10165,辽宁师范大学,206,3,3,513,121726
10167,渤海大学,202,2,2,531,95307
10169,鞍山师范学院,202,1,1,501,140732
10172,大连外国语大学,204,1,1,554,65757
10172,大连外国语大学,205,7,7,556,63664
10172,大连外国语大学,206,2,2,550,71071
10172,大连外国语大学,207,2,2,547,74136
10173,东北财经大学,205,1,1,575,42216
10173,东北财经大学,206,13,13,584,34466
10173,东北财经大学,210,3,3,570,47877
10173,东北财经大学,211,1,1,577,40547
10173,东北财经大学,212,5,5,577,40908
10173,东北财经大学,213,6,6,575,42587
10173,东北财经大学,214,4,4,568,49562
10183,吉林大学,208,3,3,608,16536
10183,吉林大学,209,1,1,617,11559
10183,吉林大学,210,2,2,614,13254
10183,吉林大学,211,57,57,612,14018
10183,吉林大学,212,27,27,610,15531
10183,吉林大学,213,20,20,609,15926
10183,吉林大学,214,4,4,608,16416
10183,吉林大学,215,95,95,609,15985
10183,吉林大学,216,14,14,609,16122
10183,吉林大学,217,4,4,609,16196
10183,吉林大学,218,10,10,621,9955
10183,吉林大学,219,7,7,607,17033
10183,吉林大学,220,2,2,623,9359
10183,吉林大学,221,4,4,610,15186
10183,吉林大学,222,5,5,612,14479
10183,吉林大学,223,2,2,611,14796
10183,吉林大学,225,18,18,618,11079
10184,延边大学,202,12,12,570,47600
10184,延边大学,203,4,4,577,41104
10186,长春理工大学,203,4,4,533,93238
10186,长春理工大学,204,187,187,535,90246
10186,长春理工大学,205,4,4,527,101192
10186,长春理工大学,206,3,3,533,93121
10186,长春理工大学,207,6,6,543,79699
10186,长春理工大学,208,5,5,538,86415
10186,长春理工大学,209,27,27,521,110047
10188,东北电力大学,202,2,2,544,77695
10188,东北电力大学,203,33,33,544,78535
10188,东北电力大学,205,3,3,566,51746
10190,长春工业大学,201,30,30,522,108646
10190,长春工业大学,202,5,5,515,119351
10190,长春工业大学,203,1,1,513,122352
10190,长春工业大学,204,9,9,511,125590
10191,吉林建筑大学,201,10,10,512,123879
10191,吉林建筑大学,202,2,2,512,124505
10191,吉林建筑大学,203,14,14,506,133124
10191,吉林建筑大学,205,4,4,508,129578
10193,吉林农业大学,201,4,4,508,130177
10193,吉林农业大学,202,5,5,508,130471
10193,吉林农业大学,203,2,2,505,135075
10199,长春中医药大学,201,26,26,529,99201
10199,长春中医药大学,202,1,1,516,117147
10200,东北师范大学,204,2,2,593,26632
10200,东北师范大学,205,1,1,598,23223
10200,东北师范大学,206,1,1,599,22564
10200,东北师范大学,207,2,2,591,28682
10200,东北师范大学,208,2,2,598,22928
10200,东北师范大学,209,10,10,600,22056
10200,东北师范大学,210,2,2,607,17141
10201,北华大学,203,27,27,511,126000
10201,北华大学,204,4,4,511,125335
10201,北华大学,205,5,5,505,135461
10203,吉林师范大学,204,8,8,522,109546
10205,长春师范大学,203,10,10,514,120712
10205,长春师范大学,204,2,2,528,100945
10205,长春师范大学,205,2,2,532,94607
10205,长春师范大学,206,2,2,525,104727
10206,白城师范学院,201,5,5,498,145170
10207,吉林财经大学,202,17,17,529,98349
10207,吉林财经大学,206,7,7,510,127026
10212,黑龙江大学,202,121,121,525,104885
10212,黑龙江大学,203,62,62,510,126984
10212,黑龙江大学,204,2,2,534,92332
10213,哈尔滨工业大学,201,46,46,642,3455
10213,哈尔滨工业大学,202,9,9,609,15821
10213,哈尔滨工业大学,204,7,7,599,22311
10213,哈尔滨工业大学,205,5,5,613,13500
10214,哈尔滨理工大学,203,242,242,527,101736
10214,哈尔滨理工大学,204,14,14,523,107409
10214,哈尔滨理工大学,205,55,55,526,102814
10216,燕山大学,203,3,3,536,89595
10216,燕山大学,204,3,3,556,63736
10216,燕山大学,205,30,30,567,51175
10216,燕山大学,206,6,6,560,58329
10217,哈尔滨工程大学,202,52,52,600,21476
10217,哈尔滨工程大学,208,2,2,581,37300
10217,哈尔滨工程大学,209,2,2,588,30838
10217,哈尔滨工程大学,210,2,2,594,26161
10217,哈尔滨工程大学,211,2,2,590,29499
10219,黑龙江科技大学,204,68,68,509,128995
10219,黑龙江科技大学,205,2,2,508,130066
10220,东北石油大学,203,12,12,523,106737
10220,东北石油大学,204,1,1,523,107044
10220,东北石油大学,205,6,6,525,104362
10222,佳木斯大学,203,5,5,496,148231
10222,佳木斯大学,204,58,58,494,151347
10222,佳木斯大学,205,10,10,541,81612
10224,东北农业大学,203,20,20,571,46248
10224,东北农业大学,204,2,2,571,46402
10224,东北农业大学,205,2,2,570,47140
10224,东北农业大学,206,6,6,564,54242
10224,东北农业大学,207,4,4,572,45260
10224,东北农业大学,208,9,9,571,46631
10225,东北林业大学,202,18,18,578,39398
10225,东北林业大学,203,7,7,574,43904
10225,东北林业大学,206,4,4,567,50841
10226,哈尔滨医科大学,202,6,6,534,91147
10226,哈尔滨医科大学,203,15,15,586,32360
10226,哈尔滨医科大学,204,7,7,566,52384
10226,哈尔滨医科大学,205,2,2,566,52047
10228,黑龙江中医药大学,201,6,6,569,48752
10228,黑龙江中医药大学,202,10,10,515,119643
10228,黑龙江中医药大学,203,29,29,513,122809
10229,牡丹江医学院,201,3,3,512,123257
10229,牡丹江医学院,202,10,10,533,93743
10231,哈尔滨师范大学,204,3,3,550,71068
10231,哈尔滨师范大学,205,15,15,528,100381
10231,哈尔滨师范大学,206,5,5,553,67077
10231,哈尔滨师范大学,207,16,16,508,129630
10232,齐齐哈尔大学,203,64,64,501,140473
10232,齐齐哈尔大学,204,8,8,498,145383
10232,齐齐哈尔大学,205,25,25,493,152902
10233,牡丹江师范学院,206,17,17,496,149362
10233,牡丹江师范学院,207,4,4,496,149464
10234,哈尔滨学院,202,13,13,497,146837
10234,哈尔滨学院,203,1,1,498,145342
10240,哈尔滨商业大学,202,4,4,516,118146
10240,哈尔滨商业大学,203,85,85,498,145210
10240,哈尔滨商业大学,204,16,16,504,136629
10240,哈尔滨商业大学,205,10,10,495,150193
10242,哈尔滨体育学院,202,20,20,491,157483
10246,复旦大学,202,38,38,671,376
10246,复旦大学,205,24,24,669,452
10246,复旦大学,206,3,3,681,116
10247,同济大学,204,8,8,646,2785
10247,同济大学,205,66,66,647,2626
10247,同济大学,206,18,18,644,3004
10247,同济大学,210,5,5,640,3948
10248,上海交通大学,202,8,8,681,111
10248,上海交通大学,203,50,50,674,279
10248,上海交通大学,204,88,88,660,961
10251,华东理工大学,202,25,25,609,15950
10251,华东理工大学,204,4,4,610,15555
10251,华东理工大学,205,2,2,610,15512
10251,华东理工大学,210,11,11,593,26858
10252,上海理工大学,201,23,23,589,30387
10252,上海理工大学,203,15,15,576,41835
10254,上海海事大学,202,85,85,557,61798
10254,上海海事大学,203,7,7,566,52071
10255,东华大学,205,22,22,604,18914
10255,东华大学,206,4,4,596,24814
10256,上海电力大学,201,8,8,597,24115
10256,上海电力大学,203,2,2,599,22458
10259,上海应用技术大学,201,5,5,553,66941
10259,上海应用技术大学,202,19,19,556,62674
10262,上海健康医学院,201,15,15,522,108773
10262,上海健康医学院,202,15,15,519,112680
10264,上海海洋大学,202,29,29,571,46644
10264,上海海洋大学,206,13,13,554,65740
10269,华东师范大学,203,23,23,639,4127
10269,华东师范大学,204,4,4,643,3232
10269,华东师范大学,205,3,3,640,3903
10269,华东师范大学,206,2,2,642,3392
10270,上海师范大学,208,3,3,551,69224
10271,上海外国语大学,207,12,12,613,13628
10272,上海财经大学,202,40,40,634,5295
10276,华东政法大学,202,18,18,620,10356
10277,上海体育学院,203,9,9,551,68810
10278,上海音乐学院,202,1,1,590,28964
10280,上海大学,203,5,5,603,19571
10284,南京大学,202,40,40,662,845
10284,南京大学,203,56,56,665,643
10285,苏州大学,207,2,2,615,12489
10285,苏州大学,208,11,11,600,21577
10285,苏州大学,209,9,9,603,19756
10285,苏州大学,210,11,11,608,16664
10285,苏州大学,211,2,2,592,27297
10285,苏州大学,212,19,19,608,16438
10285,苏州大学,213,4,4,600,21971
10286,东南大学,204,81,81,636,4814
10287,南京航空航天大学,201,3,3,612,14160
10287,南京航空航天大学,202,5,5,612,14124
10287,南京航空航天大学,203,62,62,614,13443
10288,南京理工大学,201,63,63,611,14703
10288,南京理工大学,202,10,10,606,17839
10289,江苏科技大学,203,42,42,550,70371
10289,江苏科技大学,204,2,2,551,69878
10289,江苏科技大学,205,5,5,546,75902
10290,中国矿业大学,202,99,99,595,25199
10290,中国矿业大学,203,10,10,590,28949
10290,中国矿业大学,207,3,3,580,37858
10291,南京工业大学,202,21,21,578,39990
10291,南京工业大学,203,4,4,579,39099
10291,南京工业大学,204,6,6,579,38859
10292,常州大学,201,13,13,539,84307
10292,常州大学,202,5,5,536,88619
10292,常州大学,203,3,3,546,75696
10292,常州大学,204,7,7,533,92502
10292,常州大学,205,4,4,537,87853
10292,常州大学,208,2,2,536,89001
10293,南京邮电大学,201,144,144,596,24604
10294,河海大学,204,126,126,596,24708
10294,河海大学,205,5,5,598,23512
10294,河海大学,206,8,8,594,26015
10294,河海大学,212,6,6,582,36280
10294,河海大学,213,5,5,582,36022
10295,江南大学,202,11,11,604,19366
10295,江南大学,203,28,29,587,31907
10295,江南大学,206,6,6,581,36883
10298,南京林业大学,202,47,47,567,51116
10298,南京林业大学,203,21,21,566,52447
10298,南京林业大学,204,20,20,558,61479
10298,南京林业大学,205,6,6,561,57931
10299,江苏大学,202,10,10,579,38774
10299,江苏大学,203,34,34,566,51985
10300,南京信息工程大学,203,73,73,585,33524
10300,南京信息工程大学,208,14,14,574,43724
10304,南通大学,204,5,5,552,67771
10304,南通大学,205,5,5,544,78802
10304,南通大学,206,1,1,553,67083
10304,南通大学,207,9,9,545,77019
10304,南通大学,208,10,10,559,59590
10304,南通大学,209,11,11,522,108454
10305,盐城工学院,201,5,5,514,120413
10307,南京农业大学,202,46,46,587,31964
10307,南京农业大学,203,39,39,584,34155
10312,南京医科大学,202,2,2,636,4740
10312,南京医科大学,203,2,2,582,35816
10312,南京医科大学,204,4,4,625,8431
10312,南京医科大学,205,2,2,585,32997
10315,南京中医药大学,202,9,9,552,67851
10316,中国药科大学,203,10,10,599,22139
10316,中国药科大学,204,14,14,611,14953
10316,中国药科大学,207,4,4,593,26662
10319,南京师范大学,202,5,5,597,24060
10319,南京师范大学,203,3,3,607,17211
10320,江苏师范大学,205,1,1,562,56156
10324,盐城师范学院,202,26,26,500,142161
10324,盐城师范学院,203,2,2,510,126793
10327,南京财经大学,204,28,28,568,49833
10327,南京财经大学,207,2,2,570,47680
10329,江苏警官学院,202,3,3,538,86439
10330,南京体育学院,203,5,5,504,136921
10332,苏州科技大学,205,10,10,554,66098
10332,苏州科技大学,206,4,4,550,70473
10332,苏州科技大学,209,2,2,539,85181
10333,常熟理工学院,201,10,10,519,113749
10335,浙江大学,202,54,54,670,421
10335,浙江大学,203,2,2,671,366
10335,浙江大学(农学),204,43,43,643,3207
10336,杭州电子科技大学,202,84,84,586,32322
10336,杭州电子科技大学,204,11,11,584,33923
10337,浙江工业大学,201,13,13,573,44889
10337,浙江工业大学,202,3,3,578,39847
10337,浙江工业大学,203,71,71,583,34995
10337,浙江工业大学,204,20,20,575,42324
10337,浙江工业大学,206,10,10,570,47153
10338,浙江理工大学,203,9,9,559,59476
10338,浙江理工大学,204,85,85,567,51344
10338,浙江理工大学,205,5,5,564,54051
10338,浙江理工大学,206,27,27,528,99703
10340,浙江海洋大学,204,2,2,546,75414
10340,浙江海洋大学,205,2,2,542,80813
10340,浙江海洋大学,206,3,3,531,95457
10340,浙江海洋大学,207,2,2,552,68627
10340,浙江海洋大学,208,2,2,543,79480
10340,浙江海洋大学,210,3,3,526,103293
10341,浙江农林大学,203,14,14,545,76637
10341,浙江农林大学,204,6,6,550,70424
10341,浙江农林大学,205,6,6,546,75817
10341,浙江农林大学,210,4,4,531,95662
10343,温州医科大学,202,15,15,591,28546
10343,温州医科大学,205,2,2,589,30205
10344,浙江中医药大学,203,2,2,548,73309
10344,浙江中医药大学,204,5,5,558,60419
10344,浙江中医药大学,205,7,7,550,70957
10345,浙江师范大学,204,3,3,589,30394
10345,浙江师范大学,205,6,6,565,52747
10345,浙江师范大学,207,32,32,575,42440
10345,浙江师范大学,209,3,3,553,66469
10345,浙江师范大学,210,8,8,568,49780
10345,浙江师范大学,216,8,8,556,63774
10346,杭州师范大学,202,15,15,569,48501
10346,杭州师范大学,203,2,2,574,43697
10346,杭州师范大学,204,2,2,585,33686
10346,杭州师范大学,205,3,3,574,43537
10347,湖州师范学院,202,8,8,516,117288
10352,丽水学院,201,14,14,508,129328
10352,丽水学院,202,3,3,520,112284
10352,丽水学院,203,2,2,543,79221
10352,丽水学院,204,7,7,508,130094
10352,丽水学院,205,4,4,501,140353
10353,浙江工商大学,205,2,2,574,43805
10353,浙江工商大学,206,5,5,555,64266
10354,嘉兴学院,201,26,26,534,91135
10354,嘉兴学院,202,9,9,521,110377
10355,中国美术学院,202,8,8,594,26008
10356,中国计量大学,202,1,1,574,43572
10356,中国计量大学,203,53,53,564,54661
10356,中国计量大学,204,2,2,563,55253
10356,中国计量大学,205,2,2,560,58293
10357,安徽大学,203,48,48,594,25918
10357,安徽大学,205,4,4,579,38724
10358,中国科学技术大学,201,70,70,665,660
10358,中国科学技术大学,202,20,23,663,788
10359,合肥工业大学,204,10,10,589,30146
10359,合肥工业大学,205,84,84,592,27518
10359,合肥工业大学,206,6,6,588,30894
10359,合肥工业大学,211,7,7,574,43421
10360,安徽工业大学,202,14,14,542,81225
10360,安徽工业大学,203,2,2,535,91011
10361,安徽理工大学,201,60,60,540,83937
10361,安徽理工大学,202,12,12,535,89642
10361,安徽理工大学,203,34,34,528,100847
10361,安徽理工大学,205,4,4,529,99115
10363,安徽工程大学,201,2,2,540,82860
10363,安徽工程大学,202,3,3,530,98039
10363,安徽工程大学,203,5,5,510,127539
10363,安徽工程大学,205,2,2,526,102554
10364,安徽农业大学,203,6,6,548,73666
10364,安徽农业大学,204,16,16,539,85211
10364,安徽农业大学,205,3,3,542,81179
10366,安徽医科大学,202,11,11,558,60407
10369,安徽中医药大学,202,1,1,550,70759
10369,安徽中医药大学,203,2,2,511,124794
10369,安徽中医药大学,204,4,4,533,92966
10370,安徽师范大学,202,15,15,545,77111
10370,安徽师范大学,203,4,4,564,54463
10370,安徽师范大学,204,6,6,551,69517
10372,安庆师范大学,202,10,10,516,118531
10373,淮北师范大学,205,1,1,527,101730
10373,淮北师范大学,206,1,1,515,118645
10373,淮北师范大学,207,5,5,518,115286
10378,安徽财经大学,203,15,15,540,83884
10378,安徽财经大学,204,13,13,541,81652
10378,安徽财经大学,206,2,2,541,81598
10383,铜陵学院,201,22,22,497,146859
10384,厦门大学(马来西亚分校),206,25,25,590,28943
10384,厦门大学(马来西亚分校),207,4,4,586,32970
10384,厦门大学(马来西亚分校),208,4,4,584,34115
10384,厦门大学,210,31,31,631,6380
10384,厦门大学,211,17,17,626,7916
10384,厦门大学,212,15,15,624,8621
10384,厦门大学,218,54,54,625,8523
10385,华侨大学,209,134,134,553,67168
10385,华侨大学,210,19,19,551,69436
10385,华侨大学,211,15,15,553,67064
10386,福州大学,202,3,3,588,30670
10386,福州大学,203,5,5,590,29048
10386,福州大学,204,19,19,598,23089
10386,福州大学,206,15,15,582,36374
10389,福建农林大学,203,29,29,539,85104
10389,福建农林大学,204,34,34,534,91650
10389,福建农林大学,205,26,26,521,110769
10389,福建农林大学,206,21,21,524,106523
10389,福建农林大学,207,8,8,541,82000
10390,集美大学,203,10,10,558,60659
10390,集美大学,204,6,6,549,71597
10390,集美大学,205,8,8,548,72564
10390,集美大学,208,6,6,561,57621
10392,福建医科大学,201,4,4,532,94710
10392,福建医科大学,202,7,7,573,44602
10392,福建医科大学,203,2,2,563,55281
10393,福建中医药大学,201,2,2,570,47244
10393,福建中医药大学,202,2,2,570,47490
10393,福建中医药大学,203,1,1,546,75735
10394,福建师范大学,205,3,3,581,37095
10394,福建师范大学,206,50,50,557,61874
10394,福建师范大学,207,19,19,553,67108
10394,福建师范大学,208,24,24,549,71969
10394,福建师范大学,217,27,27,538,85585
10395,闽江学院,202,5,5,526,102946
10395,闽江学院,203,2,2,528,100134
10397,武夷学院,203,11,11,508,130710
10397,武夷学院,204,1,1,507,132077
10399,泉州师范学院,201,2,2,549,71816
10399,泉州师范学院,202,2,2,540,83336
10399,泉州师范学院,203,2,2,539,85092
10399,泉州师范学院,204,10,10,522,108191
10399,泉州师范学院,205,4,4,521,110886
10399,泉州师范学院,206,4,4,506,132417
10402,闽南师范大学,201,20,20,532,93935
10403,南昌大学,205,44,44,594,26170
10403,南昌大学,206,5,5,587,32027
10403,南昌大学,207,16,16,591,28427
10403,南昌大学,208,4,4,590,29335
10403,南昌大学,209,13,13,593,26924
10403,南昌大学,214,5,5,559,59564
10403,南昌大学,215,7,7,588,31058
10403,南昌大学,216,11,11,585,33194
10404,华东交通大学,203,5,5,545,76479
10404,华东交通大学,204,108,108,541,81491
10404,华东交通大学,205,17,17,538,85559
10404,华东交通大学,207,3,3,530,97867
10405,东华理工大学,202,50,50,536,88910
10406,南昌航空大学,204,60,60,546,75881
10406,南昌航空大学,205,33,33,532,94041
10406,南昌航空大学,210,4,4,562,55821
10406,南昌航空大学,211,4,4,535,89755
10406,南昌航空大学,212,4,4,547,74781
10407,江西理工大学,203,3,3,549,71244
10407,江西理工大学,204,64,64,546,76187
10407,江西理工大学,205,4,4,545,77064
10407,江西理工大学,206,28,28,533,92972
10407,江西理工大学,209,10,10,550,70675
10407,江西理工大学,210,3,3,536,88501
10408,景德镇陶瓷大学,205,4,4,518,115052
10408,景德镇陶瓷大学,206,1,1,514,120823
10408,景德镇陶瓷大学,207,1,1,525,103998
10410,江西农业大学,204,3,3,521,109940
10410,江西农业大学,205,16,16,531,95445
10410,江西农业大学,206,2,2,541,82761
10410,江西农业大学,207,10,10,531,96098
10410,江西农业大学,208,12,12,520,111848
10412,江西中医药大学,205,1,1,556,63596
10412,江西中医药大学,206,12,12,563,55280
10412,江西中医药大学,207,7,7,537,87614
10412,江西中医药大学,208,2,2,521,110935
10412,江西中医药大学,209,3,3,538,86783
10413,赣南医学院,201,10,10,498,144904
10413,赣南医学院,202,5,5,512,123674
10413,赣南医学院,203,6,6,520,112488
10413,赣南医学院,204,14,14,552,68203
10414,江西师范大学,210,1,1,550,71080
10414,江西师范大学,211,2,2,559,59289
10414,江西师范大学,212,1,1,582,36415
10414,江西师范大学,213,107,107,539,84303
10414,江西师范大学,214,7,7,569,48812
10414,江西师范大学,215,12,12,549,71696
10414,江西师范大学,216,9,9,553,67148
10414,江西师范大学,217,5,5,569,48801
10416,上饶师范学院,205,23,23,501,140608
10416,上饶师范学院,206,3,3,506,132664
10416,上饶师范学院,207,8,8,500,143132
10417,宜春学院,205,10,10,504,136165
10417,宜春学院,206,16,16,532,94715
10417,宜春学院,207,2,2,505,134616
10417,宜春学院,208,1,1,522,109724
10418,赣南师范大学,208,15,15,533,92591
10418,赣南师范大学,209,2,2,549,71477
10418,赣南师范大学,210,4,4,540,83016
10418,赣南师范大学,211,2,2,549,71620
10418,赣南师范大学,212,1,1,554,65466
10418,赣南师范大学,213,2,2,542,80864
10419,井冈山大学,203,4,4,533,93756
10419,井冈山大学,204,27,27,518,114836
10419,井冈山大学,205,13,13,547,74134
10419,井冈山大学,206,2,2,521,110814
10421,江西财经大学,204,119,119,546,75439
10422,山东大学,203,109,109,616,12070
10422,山东大学,204,12,12,614,13409
10422,山东大学,205,4,4,635,5070
10422,山东大学,206,8,8,613,13816
10423,中国海洋大学,207,60,60,603,19603
10423,中国海洋大学,208,32,32,603,19888
10423,中国海洋大学,209,15,15,607,17257
10423,中国海洋大学,211,17,17,603,19408
10423,中国海洋大学,212,9,9,602,20331
10423,中国海洋大学,220,2,2,604,19274
10423,中国海洋大学,221,2,2,602,20316
10423,中国海洋大学,222,3,3,597,23772
10423,中国海洋大学,223,3,3,601,21224
10423,中国海洋大学,224,3,3,594,26461
10424,山东科技大学,202,8,8,555,64814
10425,中国石油大学(华东),201,2,2,590,29093
10425,中国石油大学(华东),202,4,4,589,30000
10425,中国石油大学(华东),203,5,5,591,28187
10425,中国石油大学(华东),204,9,9,588,31231
10425,中国石油大学(华东),205,49,49,588,31068
10425,中国石油大学(华东),206,2,2,587,31810
10426,青岛科技大学,201,5,5,543,79147
10426,青岛科技大学,202,3,3,546,75944
10426,青岛科技大学,203,2,2,545,77193
10427,济南大学,205,23,23,544,78829
10427,济南大学,206,4,4,554,65249
10427,济南大学,207,4,4,549,71823
10427,济南大学,208,37,37,539,84805
10427,济南大学,209,2,2,562,56211
10427,济南大学,214,12,12,543,79112
10427,济南大学,215,15,15,550,70569
10427,济南大学,216,38,38,548,73388
10427,济南大学,217,8,8,541,81479
10429,青岛理工大学,202,22,22,544,78016
10429,青岛理工大学,203,3,3,540,82999
10429,青岛理工大学,204,3,3,540,83366
10430,山东建筑大学,202,1,1,566,51434
10430,山东建筑大学,203,29,29,529,99217
10431,齐鲁工业大学,203,16,16,532,94357
10431,齐鲁工业大学,204,17,17,511,124846
10431,齐鲁工业大学,205,25,25,455,217146
10433,山东理工大学,202,5,5,544,78027
10433,山东理工大学,203,6,6,533,93029
10433,山东理工大学,204,2,2,537,88118
10433,山东理工大学,205,4,4,537,87722
10433,山东理工大学,206,2,2,533,92962
10434,山东农业大学,202,56,56,526,102979
10434,山东农业大学,203,24,24,524,105335
10434,山东农业大学,204,18,18,514,121402
10435,青岛农业大学,203,23,23,514,121207
10435,青岛农业大学,204,10,10,520,112262
10438,潍坊医学院,201,5,5,507,132283
10438,潍坊医学院,202,11,11,541,82068
10439,山东第一医科大学,202,5,5,577,40318
10439,山东第一医科大学,203,5,5,532,94120
10440,滨州医学院,202,2,2,504,135915
10440,滨州医学院,203,1,1,578,39345
10440,滨州医学院,204,5,5,540,82853
10441,山东中医药大学,204,12,12,530,98121
10441,山东中医药大学,205,3,3,552,68679
10441,山东中医药大学,206,2,2,529,99394
10441,山东中医药大学,208,1,1,536,88774
10443,济宁医学院,201,6,6,546,75171
10445,山东师范大学,204,46,46,546,75308
10445,山东师范大学,205,6,6,560,58943
10445,山东师范大学,206,9,9,552,67812
10445,山东师范大学,207,7,7,568,49926
10445,山东师范大学,213,5,5,531,95580
10447,聊城大学,201,5,5,526,102940
10449,滨州学院,202,4,4,498,146080
10451,鲁东大学,202,12,12,517,116361
10452,临沂大学,202,17,17,517,115834
10452,临沂大学,206,4,4,504,136994
10453,泰山学院,202,5,5,497,146766
10455,菏泽学院,203,2,2,500,142786
10455,菏泽学院,204,1,1,512,123990
10456,山东财经大学,202,20,20,547,74973
10459,郑州大学,208,1,1,594,26127
10459,郑州大学,209,8,8,594,26408
10459,郑州大学,210,4,4,603,19601
10459,郑州大学,211,13,13,598,23149
10459,郑州大学,212,5,5,592,27371
10459,郑州大学,213,1,1,597,24182
10460,河南理工大学,206,1,1,547,74609
10460,河南理工大学,207,20,20,537,87288
10460,河南理工大学,208,2,2,532,95159
10462,郑州轻工业大学,203,76,76,528,100181
10462,郑州轻工业大学,204,8,8,520,112229
10462,郑州轻工业大学,206,8,8,522,109198
10462,郑州轻工业大学,207,8,8,505,134873
10463,河南工业大学,204,17,17,538,86201
10463,河南工业大学,205,20,20,525,104469
10463,河南工业大学,206,4,4,524,106319
10463,河南工业大学,213,2,2,539,85438
10463,河南工业大学,214,2,2,512,123695
10463,河南工业大学,215,2,2,506,133598
10464,河南科技大学,204,29,29,543,79194
10464,河南科技大学,205,3,3,539,84389
10464,河南科技大学,206,3,3,539,84582
10464,河南科技大学,207,13,13,538,86774
10464,河南科技大学,208,6,6,534,91476
10464,河南科技大学,209,5,5,555,64651
10465,中原工学院,202,6,6,512,124283
10466,河南农业大学,204,2,2,534,91831
10466,河南农业大学,205,6,6,533,93475
10466,河南农业大学,206,4,4,540,83619
10471,河南中医药大学,203,3,3,524,105738
10471,河南中医药大学,204,5,5,549,71809
10471,河南中医药大学,205,3,3,529,98660
10472,新乡医学院,201,23,23,550,70274
10475,河南大学,228,50,50,563,55706
10475,河南大学,230,5,5,569,49240
10475,河南大学,231,16,16,566,51882
10475,河南大学,232,4,4,569,48335
10475,河南大学,233,13,13,568,49475
10475,河南大学,234,5,5,568,49594
10475,河南大学,235,8,8,562,56446
10475,河南大学,236,9,9,560,58255
10475,河南大学,244,5,5,545,76765
10475,河南大学,245,5,5,554,66059
10476,河南师范大学,203,10,10,545,77152
10476,河南师范大学,204,5,5,485,167044
10476,河南师范大学,205,5,5,535,90445
10477,信阳师范学院,206,9,9,487,162860
10478,,202,13,13,498,145394
10481,南阳师范学院,202,32,32,498,145796
10481,南阳师范学院,203,6,6,496,148076
10482,洛阳师范学院,202,8,8,525,104177
10482,洛阳师范学院,203,4,4,519,113842
10483,商丘师范学院,202,10,10,498,145589
10483,商丘师范学院,203,2,2,497,147416
10484,河南财经政法大学,204,5,5,557,62570
10484,河南财经政法大学,213,2,2,535,90439
10484,河南财经政法大学,214,4,4,513,122998
10485,郑州航空工业管理学院,202,12,12,511,125394
10485,郑州航空工业管理学院,203,4,4,511,125970
10486,武汉大学,202,160,160,643,3215
10486,武汉大学,203,55,55,645,2941
10486,武汉大学,207,4,4,634,5536
10486,武汉大学,209,4,4,631,6321
10487,华中科技大学,203,9,9,652,1812
10487,华中科技大学,204,153,153,639,4129
10487,华中科技大学,208,20,20,609,16045
10488,武汉科技大学,203,33,33,575,42495
10488,武汉科技大学,204,22,22,554,65276
10488,武汉科技大学,205,9,9,563,55243
10488,武汉科技大学,206,14,14,562,56618
10489,长江大学,205,26,26,544,77694
10489,长江大学,206,6,6,534,92083
10489,长江大学,207,2,2,541,82671
10489,长江大学,211,5,5,517,116406
10490,武汉工程大学,201,5,5,558,61476
10490,武汉工程大学,202,14,14,564,54393
10490,武汉工程大学,203,4,4,553,67432
10490,武汉工程大学,207,2,2,535,90395
10491,中国地质大学(武汉),205,101,101,595,25703
10491,中国地质大学(武汉),207,20,20,587,31410
10495,武汉纺织大学,203,22,22,545,77531
10495,武汉纺织大学,204,14,14,520,111662
10496,武汉轻工大学,203,8,8,551,69242
10496,武汉轻工大学,204,4,4,547,74825
10497,武汉理工大学,203,11,11,614,13450
10497,武汉理工大学,204,178,178,603,20014
10497,武汉理工大学,205,22,22,597,23940
10497,武汉理工大学,208,31,31,600,21616
10497,武汉理工大学,212,8,8,592,27522
10497,武汉理工大学,213,4,4,586,32419
10500,湖北工业大学,203,46,46,552,67666
10500,湖北工业大学,204,44,44,549,71484
10500,湖北工业大学,208,60,60,528,100641
10504,华中农业大学,203,14,14,594,25929
10504,华中农业大学,204,38,38,588,30685
10504,华中农业大学,205,6,6,586,32583
10507,湖北中医药大学,203,6,6,541,81484
10507,湖北中医药大学,204,19,19,559,60078
10507,湖北中医药大学,205,6,6,543,79545
10511,华中师范大学,209,51,51,603,19593
10511,华中师范大学,210,4,4,621,9792
10511,华中师范大学,211,7,7,614,13130
10512,湖北大学,206,3,3,564,54056
10512,湖北大学,207,63,63,560,58700
10512,湖北大学,208,22,22,550,70343
10512,湖北大学,209,16,16,552,68404
10512,湖北大学,216,11,11,549,71724
10512,湖北大学,217,5,5,533,93722
10513,湖北师范大学,202,1,1,555,64647
10513,湖北师范大学,203,6,6,547,73864
10519,湖北文理学院,203,5,5,519,112677
10520,中南财经政法大学,206,7,7,600,21821
10520,中南财经政法大学,207,1,1,599,22556
10520,中南财经政法大学,208,1,1,599,22388
10520,中南财经政法大学,209,1,1,606,17632
10520,中南财经政法大学,210,114,114,602,20614
10520,中南财经政法大学,213,4,4,626,7984
10522,武汉体育学院,205,2,2,517,116205
10524,中南民族大学,203,21,21,541,81987
10524,中南民族大学,204,7,7,545,77638
10524,中南民族大学,205,9,9,546,76290
10525,湖北汽车工业学院,201,2,2,518,115325
10525,湖北汽车工业学院,204,4,4,504,137005
10528,湖北工程学院,202,7,7,522,108701
10528,湖北工程学院,203,2,2,516,118407
10530,湘潭大学,203,37,37,584,34496
10531,吉首大学,203,6,6,538,86434
10531,吉首大学,204,4,4,534,91204
10531,吉首大学,205,4,4,531,96056
10532,湖南大学,203,189,189,613,13570
10532,湖南大学,204,8,8,613,13793
10532,湖南大学,205,29,29,610,15124
10532,湖南大学(本科预科班),208,2,1,544,78748
10533,中南大学,202,160,160,620,10234
10533,中南大学,203,108,108,614,13346
10533,中南大学,207,3,3,660,1022
10533,中南大学,208,20,20,633,5786
10533,中南大学,209,16,16,605,18414
10534,湖南科技大学,206,3,3,553,66374
10534,湖南科技大学,207,1,1,545,77200
10534,湖南科技大学,208,173,173,543,80045
10534,湖南科技大学,209,2,2,554,65199
10534,湖南科技大学,210,20,20,543,79404
10534,湖南科技大学,211,13,13,546,76139
10534,湖南科技大学,212,1,1,558,61055
10536,长沙理工大学,203,6,6,556,62821
10536,长沙理工大学,204,19,19,554,65729
10536,长沙理工大学,205,17,17,583,34740
10536,长沙理工大学,206,64,64,569,49090
10536,长沙理工大学,207,135,135,553,67349
10536,长沙理工大学,208,15,15,552,67714
10536,长沙理工大学,209,10,10,553,67388
10536,长沙理工大学,215,2,2,549,71972
10536,长沙理工大学,216,5,5,568,49720
10536,长沙理工大学,217,4,4,554,65874
10537,湖南农业大学,206,3,3,555,64223
10537,湖南农业大学,207,87,87,540,83568
10537,湖南农业大学,208,7,7,544,77667
10537,湖南农业大学,209,3,3,547,74273
10537,湖南农业大学,210,36,36,543,79444
10537,湖南农业大学,211,16,16,548,73358
10537,湖南农业大学,212,9,9,538,85943
10537,湖南农业大学,213,2,2,547,74278
10537,湖南农业大学,221,16,16,547,74361
10537,湖南农业大学,224,15,15,514,120404
10537,湖南农业大学,225,15,15,513,121943
10537,湖南农业大学,226,20,20,513,122208
10538,中南林业科技大学,205,10,10,543,79591
10538,中南林业科技大学,206,80,80,534,91517
10538,中南林业科技大学,207,4,4,550,70606
10538,中南林业科技大学,208,48,48,533,93568
10541,湖南中医药大学,201,35,35,531,96030
10541,湖南中医药大学,202,22,22,564,54034
10541,湖南中医药大学,203,1,1,550,70022
10542,湖南师范大学,202,47,47,592,27543
10542,湖南师范大学,203,10,10,587,31296
10542,湖南师范大学,204,18,18,591,28289
10543,湖南理工学院,203,28,28,537,87433
10543,湖南理工学院,210,3,3,497,146464
10545,湘南学院,203,2,2,531,96636
10545,湘南学院,204,4,4,518,115519
10545,湘南学院,205,12,12,524,105787
10546,衡阳师范学院,204,2,2,526,103302
10546,衡阳师范学院,205,14,14,520,111198
10546,衡阳师范学院,206,3,3,532,93904
10546,衡阳师范学院,207,3,3,544,78152
10546,衡阳师范学院,208,3,3,522,109684
10547,邵阳学院,206,1,1,514,121489
10547,邵阳学院,207,2,2,516,117944
10547,邵阳学院,208,5,5,510,126200
10547,邵阳学院,209,3,3,541,81810
10547,邵阳学院,210,27,27,503,137350
10547,邵阳学院,211,2,2,507,131062
10548,怀化学院,202,9,9,507,132038
10548,怀化学院,203,1,1,509,129044
10549,湖南文理学院,204,5,5,514,121474
10549,湖南文理学院,205,6,6,508,130624
10549,湖南文理学院,206,4,4,507,131369
10551,湖南科技学院,203,15,15,514,120982
10553,湖南人文科技学院,203,17,17,503,138114
10554,湖南工商大学,203,1,1,545,76640
10554,湖南工商大学,204,8,8,549,71800
10555,南华大学,203,354,354,536,89433
10555,南华大学,204,10,10,525,105243
10555,南华大学,205,67,67,548,72580
10555,南华大学,206,13,13,536,88970
10558,中山大学,203,212,212,636,4954
10558,中山大学,204,412,412,629,7044
10558,中山大学,205,42,42,662,838
10558,中山大学,208,12,12,659,1033
10558,中山大学,209,391,391,636,4778
10558,中山大学,210,242,242,614,13023
10558,中山大学,211,95,95,627,7469
10558,中山大学,212,162,162,627,7682
10558,中山大学,220,477,477,633,5664
10558,中山大学,221,460,460,631,6189
10559,暨南大学(中外合作办学),205,100,100,594,26234
10559,暨南大学,206,194,194,606,17808
10559,暨南大学,207,14,14,602,20150
10559,暨南大学,208,220,220,598,23003
10559,暨南大学,209,601,601,608,16465
10559,暨南大学,210,78,78,598,22967
10559,暨南大学,211,142,142,600,21422
10559,暨南大学,212,130,130,603,19403
10559,暨南大学,213,296,296,596,24746
10560,汕头大学,202,1786,1786,554,65510
10560,汕头大学,203,73,73,556,63541
10560,汕头大学,204,173,173,554,65052
10560,汕头大学(地方专项),207,29,29,542,81450
10560,汕头大学(地方专项),208,4,4,537,88055
10561,华南理工大学,202,2114,2117,619,10671
10561,华南理工大学,204,188,189,616,12435
10561,华南理工大学,205,523,523,613,13717
10564,华南农业大学,210,147,147,579,38728
10564,华南农业大学,212,90,90,577,40869
10564,华南农业大学,213,33,33,574,43849
10564,华南农业大学,214,1774,1774,574,43170
10564,华南农业大学,218,594,594,587,31391
10564,华南农业大学,219,393,393,582,35798
10564,华南农业大学,220,15,15,591,28695
10564,华南农业大学,221,192,192,572,45655
10564,华南农业大学,230,61,61,584,34201
10564,华南农业大学,231,80,80,577,41012
10564,华南农业大学,232,82,82,572,45116
10564,华南农业大学(国际班),251,153,153,550,70828
10564,华南农业大学(中外合作办学),252,44,44,552,67671
10564,华南农业大学(中外合作办学),253,90,90,546,76305
10564,华南农业大学(地方专项),271,286,286,544,77763
10564,华南农业大学(地方专项),272,145,145,531,95415
10566,广东海洋大学,201,477,477,541,82737
10566,广东海洋大学,202,152,152,523,107355
10566,广东海洋大学,203,356,356,513,121879
10566,广东海洋大学,204,1577,1577,525,104012
10566,广东海洋大学,205,420,420,508,130045
10566,广东海洋大学,206,113,113,507,132226
10566,广东海洋大学,207,85,85,506,132361
10566,广东海洋大学,208,558,558,499,143630
10566,广东海洋大学,209,442,442,513,121804
10566,广东海洋大学,210,907,907,515,119669
10566,广东海洋大学,211,32,32,529,98976
10566,广东海洋大学,212,9,9,524,106114
10566,广东海洋大学(地方专项),213,40,40,521,110395
10566,广东海洋大学(地方专项),214,30,30,534,91320
10566,广东海洋大学(地方专项),215,10,10,514,120163
10566,广东海洋大学,216,70,70,510,127339
10566,广东海洋大学,217,278,278,512,124385
10566,广东海洋大学,218,342,342,536,89392
10566,广东海洋大学,219,349,349,520,111613
10566,广东海洋大学,220,327,327,509,128346
10570,广州医科大学,201,1249,1249,582,35689
10570,广州医科大学,202,174,174,565,52541
10570,广州医科大学,203,129,129,561,58027
10570,广州医科大学(地方专项),204,25,25,536,89344
10570,广州医科大学(地方专项),205,10,10,535,90759
10570,广州医科大学(地方专项),206,10,10,530,97312
10571,广东医科大学,201,1185,1185,561,57843
10571,广东医科大学,202,748,748,531,95769
10571,广东医科大学,203,376,376,532,94712
10571,广东医科大学,204,1148,1148,512,123668
10571,广东医科大学(地方专项),208,61,61,532,94004
10571,广东医科大学(地方专项),209,21,21,522,108329
10571,广东医科大学(地方专项),210,19,19,518,115168
10571,广东医科大学(协同培养),211,70,70,510,127057
10571,广东医科大学(协同培养),212,35,35,505,134612
10571,广东医科大学(协同培养),213,35,35,508,130237
10572,广州中医药大学,201,119,119,601,20892
10572,广州中医药大学,202,588,588,571,46623
10572,广州中医药大学,203,570,570,552,68412
10572,广州中医药大学,204,151,151,550,70843
10572,广州中医药大学,205,137,137,551,68976
10572,广州中医药大学(地方专项),206,15,15,568,49652
10572,广州中医药大学(地方专项),207,20,20,534,91640
10572,广州中医药大学(地方专项),208,5,5,522,108612
10573,广东药科大学,201,2680,2680,517,116108
10573,广东药科大学,202,469,469,518,114286
10573,广东药科大学,203,1617,1617,508,129440
10574,华南师范大学,211,466,466,606,17881
10574,华南师范大学,212,20,20,606,17560
10574,华南师范大学,213,46,46,607,17032
10574,华南师范大学,214,136,136,604,18801
10574,华南师范大学,215,30,30,607,17218
10574,华南师范大学(地方专项),216,53,53,576,41382
10574,华南师范大学(地方专项),217,15,15,589,30267
10574,华南师范大学(中外合作办学),218,274,274,575,42580
10574,华南师范大学(中外合作办学),219,35,35,587,31944
10574,华南师范大学(联合培养),220,195,195,583,35450
10574,华南师范大学,221,1614,1614,591,28095
10574,华南师范大学,222,28,28,597,24014
10574,华南师范大学,223,95,95,592,27760
10574,华南师范大学,224,83,83,594,25910
10574,华南师范大学,225,78,78,596,24558
10574,华南师范大学(地方专项),226,5,5,593,26788
10576,韶关学院,214,75,75,509,127819
10576,韶关学院,215,25,25,517,115833
10576,韶关学院,216,20,20,507,131376
10576,韶关学院,217,73,73,511,125958
10576,韶关学院,218,21,21,544,78751
10576,韶关学院,219,25,25,514,120112
10576,韶关学院(协同培养),220,15,15,496,148640
10576,韶关学院,221,28,28,513,123021
10576,韶关学院,222,10,10,524,105683
10576,韶关学院,223,71,71,518,114796
10576,韶关学院,224,146,146,507,131098
10576,韶关学院,225,28,28,527,101776
10576,韶关学院,226,332,332,510,126997
10576,韶关学院(协同培养),227,30,30,497,146660
10576,韶关学院(协同培养),228,40,40,505,134695
10576,韶关学院(学分互认),229,15,15,504,136103
10576,韶关学院(学分互认),230,12,12,500,142635
10576,韶关学院(学分互认),231,15,15,502,138717
10576,韶关学院,232,26,26,518,114506
10576,韶关学院,233,28,28,523,107626
10576,韶关学院,234,164,164,504,136986
10577,惠州学院,220,5,5,539,84866
10577,惠州学院,221,87,87,528,100731
10577,惠州学院,222,127,127,526,102636
10577,惠州学院,223,151,151,520,112512
10577,惠州学院,224,26,26,520,112210
10577,惠州学院,225,25,25,533,92790
10577,惠州学院,226,40,40,540,83855
10577,惠州学院,227,35,35,540,84043
10577,惠州学院,228,168,168,533,93053
10577,惠州学院,229,80,80,531,95803
10577,惠州学院,230,73,73,504,135807
10577,惠州学院,231,177,177,506,133477
10577,惠州学院,232,39,39,529,99074
10577,惠州学院,233,15,15,519,113661
10577,惠州学院,234,106,106,507,131726
10577,惠州学院,235,366,366,522,109092
10577,惠州学院,236,92,92,520,111721
10577,惠州学院,237,225,225,519,112585
10577,惠州学院,238,120,120,509,128905
10577,惠州学院,239,27,27,525,104494
10577,惠州学院,240,168,168,510,126139
10577,惠州学院,241,63,63,507,131285
10577,惠州学院(中外合作办学),242,30,30,469,193073
10578,韩山师范学院,201,50,50,517,116672
10578,韩山师范学院,202,38,38,521,110864
10578,韩山师范学院,203,149,149,512,123321
10578,韩山师范学院,204,127,127,508,129724
10578,韩山师范学院,205,1863,1863,505,134466
10578,韩山师范学院(协同培养),206,30,30,497,146765
10578,韩山师范学院(协同培养),207,25,25,497,148007
10578,韩山师范学院(协同培养),208,50,50,499,144801
10578,韩山师范学院(协同培养),209,25,25,497,147887
10578,韩山师范学院(协同培养),210,25,25,503,138319
10578,韩山师范学院(协同培养),211,50,50,498,144938
10578,韩山师范学院(协同培养),212,100,100,498,146169
10578,韩山师范学院(协同培养),213,50,50,501,140865
10578,韩山师范学院(协同培养),214,50,50,498,145662
10578,韩山师范学院(协同培养),215,20,20,495,150254
10578,韩山师范学院(中外合作办学),216,30,30,484,168289
10579,岭南师范学院,208,127,127,524,105843
10579,岭南师范学院,209,258,258,514,121006
10579,岭南师范学院,210,50,50,532,95091
10579,岭南师范学院,211,460,460,511,125865
10579,岭南师范学院,212,86,86,512,124228
10579,岭南师范学院,213,66,66,507,131529
10579,岭南师范学院,214,179,179,515,119171
10579,岭南师范学院,215,376,376,524,106392
10579,岭南师范学院(中外合作办学),216,30,30,487,163223
10579,岭南师范学院(协同培养),217,40,40,499,143351
10579,岭南师范学院(协同培养),218,40,40,500,142094
10580,肇庆学院,207,1035,1035,511,125670
10580,肇庆学院,208,562,562,506,133523
10580,肇庆学院,209,495,495,500,142666
10580,肇庆学院,210,357,357,504,136129
10580,肇庆学院,211,93,93,510,127314
10580,肇庆学院,212,57,57,512,123301
10580,肇庆学院,213,51,51,504,137062
10580,肇庆学院,214,111,111,520,112382
10580,肇庆学院,215,15,15,528,100693
10582,嘉应学院,201,101,101,513,121832
10582,嘉应学院,202,418,418,501,141183
10582,嘉应学院,203,87,87,505,134052
10582,嘉应学院,204,541,541,501,141545
10582,嘉应学院,205,1283,1283,504,136778
10582,嘉应学院,206,497,497,500,143029
10582,嘉应学院,207,49,49,513,122127
10582,嘉应学院,208,2,2,523,106774
10582,嘉应学院,209,24,24,506,133245
10582,嘉应学院,210,45,45,513,123040
10582,嘉应学院(协同培养),211,50,50,496,148498
10582,嘉应学院(协同培养),212,50,50,496,148742
10582,嘉应学院,213,30,30,541,82165
10585,广州体育学院,202,33,33,510,126627
10585,广州体育学院,203,20,20,510,126264
10586,广州美术学院,201,132,132,543,79997
10586,广州美术学院,202,11,11,542,80404
10587,星海音乐学院,203,6,6,549,71601
10588,广东技术师范大学,205,5389,5389,521,110887
10588,广东技术师范大学,206,36,36,518,114607
10588,广东技术师范大学(少数民族班),207,150,150,427,259497
10588,广东技术师范大学(少数民族班),208,5,5,419,271242
10588,广东技术师范大学(协同培养),209,50,50,506,132500
10588,广东技术师范大学(协同培养),210,90,90,510,126490
10588,广东技术师范大学(学分互认),211,68,68,502,138952
10589,海南大学,206,4,4,593,26789
10589,海南大学,209,29,29,588,30542
10589,海南大学,210,7,7,585,33461
10589,海南大学,211,11,11,582,35874
10589,海南大学,212,3,3,581,37328
10589,海南大学,221,3,3,564,53761
10589,海南大学,222,2,2,572,45664
10589,海南大学,224,2,2,574,43239
10590,深圳大学,221,149,149,590,29458
10590,深圳大学,222,26,26,605,18112
10590,深圳大学,223,1004,1004,597,23634
10590,深圳大学,224,20,20,612,14310
10590,深圳大学,225,10,10,605,18505
10590,深圳大学,226,10,10,606,17573
10590,深圳大学,227,216,216,594,25735
10590,深圳大学,228,84,84,590,29287
10590,深圳大学,229,191,191,614,13215
10590,深圳大学,230,90,90,599,22278
10590,深圳大学,231,45,45,596,24713
10590,深圳大学,232,38,38,593,26759
10590,深圳大学,233,202,202,584,33985
10590,深圳大学,234,44,44,598,22793
10590,深圳大学,235,24,24,593,26684
10590,深圳大学,236,30,30,600,21701
10590,深圳大学,237,83,83,593,26889
10590,深圳大学,238,105,105,593,26997
10590,深圳大学,239,266,266,588,30613
10590,深圳大学,240,144,144,599,22194
10590,深圳大学(中外合作办学),241,190,190,581,37185
10590,深圳大学,242,59,59,594,26186
10590,深圳大学,243,43,43,591,28460
10590,深圳大学,244,90,90,597,24198
10590,深圳大学(地方专项),251,100,100,576,41138
10590,深圳大学(地方专项),252,25,25,554,66233
10590,深圳大学(地方专项),253,15,15,568,50303
10590,深圳大学(地方专项),254,30,30,566,51647
10592,广东财经大学,202,3188,3188,542,80764
10592,广东财经大学(联合培养),204,198,198,532,94159
10592,广东财经大学,206,52,52,549,72056
10592,广东财经大学(地方专项),210,64,64,523,107112
10592,广东财经大学(地方专项),211,16,16,520,111485
10592,广东财经大学(协同培养),222,435,435,487,163938
10592,广东财经大学(协同培养),225,60,60,494,152016
10592,广东财经大学(协同培养),227,75,75,477,180487
10592,广东财经大学(协同培养),228,70,70,527,101615
10592,广东财经大学(协同培养),230,130,130,474,185613
10592,广东财经大学(协同培养),232,70,70,468,195205
10593,广西大学,201,70,70,581,36473
10594,广西科技大学,201,3,3,524,105940
10594,广西科技大学,202,40,40,521,110496
10594,广西科技大学,203,8,8,510,127261
10594,广西科技大学,204,2,2,528,99868
10595,桂林电子科技大学,202,65,65,557,61751
10595,桂林电子科技大学,203,7,7,542,81101
10595,桂林电子科技大学,204,45,45,552,68560
10595,桂林电子科技大学,207,3,3,555,64194
10595,桂林电子科技大学(本科预科班),209,3,3,502,139955
10596,桂林理工大学,203,37,37,532,95117
10596,桂林理工大学,204,6,6,538,86263
10596,桂林理工大学,205,2,2,535,90268
10596,桂林理工大学,206,15,15,529,99039
10596,桂林理工大学,209,8,8,518,114264
10598,广西医科大学,201,8,8,523,107080
10598,广西医科大学,202,5,5,545,76974
10598,广西医科大学,203,12,12,587,31602
10599,右江民族医学院,205,1,1,503,138063
10599,右江民族医学院,206,1,1,510,126904
10599,右江民族医学院,207,1,1,497,146975
10599,右江民族医学院,208,5,5,512,124316
10599,右江民族医学院,209,10,10,510,126444
10599,右江民族医学院,210,11,11,548,73287
10599,右江民族医学院,211,1,1,509,128576
10600,广西中医药大学,205,4,4,519,113259
10600,广西中医药大学,206,6,6,565,53429
10600,广西中医药大学,207,1,1,565,53309
10600,广西中医药大学,208,1,1,567,50524
10600,广西中医药大学,209,5,5,565,52658
10600,广西中医药大学,210,2,2,543,80166
10600,广西中医药大学,211,3,3,543,79306
10601,桂林医学院,201,15,15,554,65916
10601,桂林医学院,202,2,2,519,113449
10602,广西师范大学,206,3,3,565,52685
10602,广西师范大学,207,1,1,514,121288
10602,广西师范大学,208,19,19,554,65033
10602,广西师范大学,209,2,2,566,51846
10602,广西师范大学,210,4,4,563,55273
10602,广西师范大学,211,4,4,560,58792
10603,南宁师范大学,202,16,16,533,93595
10603,南宁师范大学,203,3,3,551,69962
10603,南宁师范大学,204,2,2,517,116155
10603,南宁师范大学,205,4,4,550,70478
10605,河池学院,201,5,5,500,142670
10605,河池学院,202,5,5,497,147681
10606,玉林师范学院,204,20,20,501,141444
10606,玉林师范学院,205,20,20,498,145605
10606,玉林师范学院,206,10,10,497,146919
10606,玉林师范学院,207,5,5,499,143780
10607,广西艺术学院,203,9,9,510,127156
10608,广西民族大学,203,2,2,543,79254
10608,广西民族大学,204,32,32,524,106195
10608,广西民族大学,205,6,6,528,99921
10608,广西民族大学,206,2,2,531,96713
10608,广西民族大学,207,5,5,505,133963
10608,广西民族大学,208,9,9,512,124152
10608,广西民族大学,214,3,3,521,110617
10610,四川大学,203,89,89,621,10083
10610,四川大学,204,2,2,627,7636
10610,四川大学,205,23,23,618,11401
10610,四川大学,211,6,6,651,1952
10610,四川大学,212,2,2,657,1264
10610,四川大学,213,6,6,614,13437
10610,四川大学,214,3,3,612,14246
10611,重庆大学,202,88,88,617,11870
10611,重庆大学,203,10,10,612,14175
10611,重庆大学,210,8,8,608,16311
10613,西南交通大学,203,84,84,605,18694
10613,西南交通大学,204,3,3,606,17478
10613,西南交通大学,205,12,12,603,19639
10613,西南交通大学,206,1,1,598,23310
10613,西南交通大学,211,3,3,579,38526
10613,西南交通大学,212,3,3,572,45426
10613,西南交通大学,213,2,2,576,41594
10613,西南交通大学,214,3,3,603,19383
10613,西南交通大学,215,3,3,603,19866
10613,西南交通大学,216,3,3,600,21590
10613,西南交通大学,217,3,3,591,28229
10614,电子科技大学,201,127,127,632,5895
10615,西南石油大学,206,19,19,563,55096
10615,西南石油大学,207,16,16,560,59109
10615,西南石油大学,208,4,4,564,54644
10615,西南石油大学,209,47,47,565,53028
10615,西南石油大学,210,6,6,562,56415
10616,成都理工大学,204,15,15,582,35921
10616,成都理工大学,205,39,39,563,54996
10616,成都理工大学,206,6,6,573,44580
10616,成都理工大学,207,4,4,565,53023
10616,成都理工大学,208,2,2,567,50551
10616,成都理工大学,209,24,24,567,50706
10616,成都理工大学,210,23,23,570,47213
10616,成都理工大学,213,7,7,565,52916
10616,成都理工大学,214,4,4,549,71691
10617,重庆邮电大学,202,2,2,576,41174
10617,重庆邮电大学,203,97,97,580,37753
10617,重庆邮电大学,208,15,15,587,31594
10617,重庆邮电大学,209,10,10,573,44795
10618,重庆交通大学,203,3,3,553,67052
10618,重庆交通大学,204,102,102,547,74066
10618,重庆交通大学,205,11,11,550,70797
10619,西南科技大学,203,43,43,545,77296
10619,西南科技大学,204,13,13,536,88360
10619,西南科技大学,205,10,10,536,88686
10621,成都信息工程大学,202,32,32,563,54857
10622,四川轻化工大学,202,8,8,538,86398
10622,四川轻化工大学,203,2,2,531,96699
10622,四川轻化工大学,204,4,4,527,101806
10623,西华大学,202,32,32,547,74822
10623,西华大学(本科预科班),204,3,3,474,184347
10624,中国民用航空飞行学院,204,3,3,539,85182
10624,中国民用航空飞行学院,205,36,36,526,103429
10624,中国民用航空飞行学院,206,111,111,513,122483
10624,中国民用航空飞行学院,207,5,5,519,113904
10624,中国民用航空飞行学院,208,1,1,518,114505
10626,四川农业大学,201,46,46,576,41698
10626,四川农业大学,202,23,23,575,42399
10626,四川农业大学,203,3,3,585,33075
10626,四川农业大学,204,3,3,579,38484
10631,重庆医科大学,203,3,3,569,49157
10631,重庆医科大学,204,24,24,573,44872
10631,重庆医科大学,206,4,4,590,29085
10632,西南医科大学,201,25,25,550,70816
10633,成都中医药大学,203,15,15,576,41351
10633,成都中医药大学,204,10,10,555,63831
10634,川北医学院,203,15,15,550,70401
10635,西南大学,204,1,1,608,16486
10635,西南大学,205,1,1,604,19277
10635,西南大学,206,1,1,600,21944
10635,西南大学,207,2,2,598,23511
10635,西南大学,208,17,17,602,20280
10635,西南大学,209,4,4,592,27588
10635,西南大学,210,1,1,599,22166
10635,西南大学,227,3,3,600,21950
10635,西南大学,228,8,8,573,44301
10635,西南大学,229,23,23,590,29319
10635,西南大学,230,5,5,573,44564
10636,四川师范大学,206,54,54,554,66231
10636,四川师范大学,207,2,2,564,54244
10636,四川师范大学,208,5,5,567,51390
10636,四川师范大学,209,5,5,552,68417
10636,四川师范大学,210,6,6,555,63992
10636,四川师范大学,211,4,4,565,53461
10637,重庆师范大学,203,4,4,547,74604
10637,重庆师范大学,204,21,21,552,67989
10637,重庆师范大学,205,2,2,554,65830
10637,重庆师范大学,206,1,1,577,40692
10638,西华师范大学,202,14,14,530,98115
10644,四川文理学院,202,6,6,502,139915
10647,长江师范学院,203,3,3,517,116111
10647,长江师范学院,205,8,8,491,157416
10649,乐山师范学院,202,18,18,501,141113
10650,四川外国语大学,205,10,10,565,53211
10650,四川外国语大学,206,5,5,562,56727
10650,四川外国语大学,213,2,2,558,60871
10650,四川外国语大学,214,2,2,544,78156
10651,西南财经大学,203,44,44,605,18376
10651,西南财经大学,206,18,18,590,29461
10652,西南政法大学,203,92,92,601,20958
10652,西南政法大学,208,4,4,616,12184
10654,四川音乐学院,203,3,3,542,80927
10654,四川音乐学院,204,6,6,534,92111
10655,四川美术学院,202,4,4,551,69964
10656,西南民族大学,202,20,20,538,86058
10656,西南民族大学,203,45,45,544,78188
10657,贵州大学,206,2,2,582,36314
10657,贵州大学,207,3,3,582,35705
10657,贵州大学,208,2,2,580,37606
10657,贵州大学,209,12,12,586,32306
10657,贵州大学,210,2,2,582,35867
10657,贵州大学,214,2,2,546,76081
10657,贵州大学,215,3,3,564,54384
10657,贵州大学,216,2,2,519,113421
10660,贵州医科大学,201,7,7,558,61414
10661,遵义医科大学,204,64,64,509,128672
10661,遵义医科大学,205,187,187,555,64975
10661,遵义医科大学,206,2,2,509,128223
10661,遵义医科大学,207,63,63,517,116373
10661,遵义医科大学,208,5,5,522,108401
10662,贵州中医药大学,204,3,3,557,62303
10662,贵州中医药大学,205,10,10,527,101057
10662,贵州中医药大学,207,5,5,498,145617
10667,安顺学院,204,2,2,504,135832
10667,安顺学院,205,1,1,518,114810
10667,安顺学院,206,1,1,500,142170
10668,贵州工程应用技术学院,203,3,3,502,138758
10669,凯里学院,201,12,12,497,146516
10669,凯里学院,203,11,11,488,161713
10671,贵州财经大学,204,1,1,537,87092
10671,贵州财经大学,208,4,4,517,116659
10673,云南大学,203,36,36,588,31246
10673,云南大学,204,5,5,594,26301
10673,云南大学,205,7,7,586,32126
10673,云南大学,206,1,1,602,20197
10673,云南大学,209,5,5,572,46016
10674,昆明理工大学,202,45,45,545,77004
10674,昆明理工大学,203,8,8,548,72682
10674,昆明理工大学,204,4,4,553,67027
10676,云南农业大学,201,8,8,529,98859
10676,云南农业大学,202,5,5,534,91609
10676,云南农业大学,204,2,2,509,128533
10677,西南林业大学,201,6,6,530,97274
10677,西南林业大学,202,9,9,523,107254
10677,西南林业大学,203,3,3,520,112191
10677,西南林业大学,204,1,1,543,79835
10677,西南林业大学,205,1,1,541,82668
10678,昆明医科大学,202,4,4,565,52633
10678,昆明医科大学,203,3,3,540,82834
10678,昆明医科大学,204,8,8,580,38281
10678,昆明医科大学,206,2,2,515,120036
10679,大理大学,202,2,2,528,99917
10679,大理大学,203,8,8,545,77275
10679,大理大学,204,4,4,509,127899
10680,云南中医药大学,203,2,2,539,85460
10680,云南中医药大学,204,1,1,540,83077
10681,云南师范大学,202,2,1,520,111166
10681,云南师范大学,203,15,15,534,91420
10681,云南师范大学,204,3,3,569,48888
10681,云南师范大学,205,4,4,561,57913
10685,普洱学院,201,5,5,495,149981
10687,红河学院,202,14,14,498,145748
10689,云南财经大学,202,28,28,526,103814
10689,云南财经大学,203,4,4,534,91932
10689,云南财经大学,207,25,25,514,120346
10694,西藏大学,205,2,0,,
10694,西藏大学,206,1,1,545,77383
10694,西藏大学,207,14,14,537,88185
10694,西藏大学,208,2,2,551,69309
10697,西北大学,202,21,21,601,21261
10697,西北大学,204,2,2,581,37271
10698,西安交通大学,203,128,128,640,4002
10698,西安交通大学,204,25,25,639,4161
10698,西安交通大学,206,24,24,609,15636
10699,西北工业大学,202,88,88,625,8354
10699,西北工业大学,203,5,5,621,9814
10700,西安理工大学,201,37,37,564,53825
10700,西安理工大学,203,8,8,551,68802
10701,西安电子科技大学,201,96,96,621,10055
10701,西安电子科技大学,203,30,30,604,19124
10702,西安工业大学,202,14,14,542,80963
10703,西安建筑科技大学,201,33,33,567,50520
10703,西安建筑科技大学,202,15,15,540,83837
10703,西安建筑科技大学,205,4,4,550,71175
10703,西安建筑科技大学,206,2,2,554,66002
10704,西安科技大学,201,36,36,548,73761
10704,西安科技大学,202,4,4,552,67846
10704,西安科技大学,203,2,2,548,73474
10704,西安科技大学,204,6,6,540,83957
10704,西安科技大学,207,2,2,534,92032
10705,西安石油大学,203,2,2,544,78854
10705,西安石油大学,204,10,10,544,78746
10705,西安石油大学,205,3,3,543,79549
10705,西安石油大学,206,3,3,558,60550
10705,西安石油大学,207,2,2,537,87191
10708,陕西科技大学,202,15,15,553,66745
10708,陕西科技大学,203,3,3,549,71676
10708,陕西科技大学,206,6,6,536,89113
10709,西安工程大学,201,12,12,546,76014
10709,西安工程大学,202,9,9,522,109400
10710,长安大学,202,111,111,586,32144
10710,长安大学,203,5,5,589,30102
10710,长安大学,204,81,81,583,35052
10710,长安大学,206,20,20,571,46540
10712,西北农林科技大学,205,2,2,594,26192
10712,西北农林科技大学,206,22,22,596,24986
10712,西北农林科技大学,207,8,8,591,28220
10712,西北农林科技大学,208,4,4,592,27604
10712,西北农林科技大学,209,2,2,596,24775
10712,西北农林科技大学,210,2,2,591,28404
10712,西北农林科技大学,211,13,13,592,27492
10712,西北农林科技大学,212,2,2,594,25944
10712,西北农林科技大学,216,2,2,583,34925
10712,西北农林科技大学,217,4,4,584,34641
10716,陕西中医药大学,202,5,5,545,77567
10716,陕西中医药大学,203,11,11,546,76260
10716,陕西中医药大学,204,2,2,541,82234
10718,陕西师范大学,203,2,2,612,14365
10718,陕西师范大学,204,83,83,587,31291
10718,陕西师范大学,205,12,12,600,21517
10718,陕西师范大学,206,6,6,600,21892
10718,陕西师范大学,207,9,9,603,19951
10718,陕西师范大学,208,7,7,597,24109
10719,延安大学,204,6,6,522,109534
10720,陕西理工大学,204,4,4,525,104737
10720,陕西理工大学,206,1,1,519,112578
10720,陕西理工大学,207,4,4,526,102803
10720,陕西理工大学,211,6,6,512,124065
10720,陕西理工大学,212,3,3,508,129710
10721,宝鸡文理学院,201,5,5,495,150170
10722,咸阳师范学院,203,2,2,516,118427
10722,咸阳师范学院,204,2,2,509,128294
10724,西安外国语大学,203,7,7,564,54686
10724,西安外国语大学,204,6,6,558,60672
10724,西安外国语大学,205,1,1,569,48905
10726,西北政法大学,202,4,4,603,19521
10730,兰州大学,209,6,6,608,16405
10730,兰州大学,210,3,3,615,12780
10730,兰州大学,211,25,25,604,19051
10730,兰州大学,212,12,12,601,20895
10730,兰州大学,213,9,9,608,16622
10730,兰州大学,214,8,8,606,17561
10730,兰州大学,215,26,26,607,17314
10730,兰州大学,216,12,12,610,15616
10730,兰州大学,219,10,10,602,20058
10731,兰州理工大学,202,4,4,540,83981
10731,兰州理工大学,203,44,44,534,91381
10731,兰州理工大学,204,10,10,521,111079
10732,兰州交通大学,202,12,12,540,83836
10732,兰州交通大学,203,7,7,527,102126
10733,甘肃农业大学,202,20,20,498,145215
10735,甘肃中医药大学,201,2,2,526,103314
10735,甘肃中医药大学,202,11,11,514,120536
10735,甘肃中医药大学,203,1,1,519,113719
10735,甘肃中医药大学,204,7,7,499,143558
10736,西北师范大学,203,3,3,547,74803
10736,西北师范大学,204,4,4,549,72443
10738,陇东学院,207,1,1,543,79841
10738,陇东学院,208,6,6,498,145913
10738,陇东学院,209,2,2,496,148662
10738,陇东学院,210,1,1,495,150914
10739,天水师范学院,203,6,6,496,149471
10741,兰州财经大学,203,35,35,514,120988
10742,西北民族大学,204,8,8,513,122113
10742,西北民族大学,205,2,2,509,128810
10743,青海大学,201,46,46,543,79450
10743,青海大学,202,10,10,546,76341
10743,青海大学,203,1,1,555,64829
10743,青海大学,204,4,4,549,71544
10746,青海师范大学,204,19,19,509,127952
10746,青海师范大学,205,6,6,515,119482
10746,青海师范大学,206,3,3,516,118112
10749,宁夏大学,202,12,12,567,50365
10749,宁夏大学,203,3,3,546,75832
10752,宁夏医科大学,201,3,3,507,131465
10752,宁夏医科大学,202,8,8,547,73873
10755,新疆大学,204,34,34,550,70418
10755,新疆大学,205,2,2,564,53905
10755,新疆大学,206,12,12,551,69793
10755,新疆大学,207,2,2,551,69057
10755,新疆大学,208,1,1,576,42045
10755,新疆大学,209,3,3,548,72576
10757,塔里木大学,201,23,23,496,148922
10757,塔里木大学,202,7,7,493,153398
10758,新疆农业大学,203,64,64,494,152010
10758,新疆农业大学,204,20,20,493,154248
10758,新疆农业大学,205,10,10,492,155561
10758,新疆农业大学,207,5,5,486,164347
10759,石河子大学,201,2,2,544,78132
10759,石河子大学,202,10,10,549,71690
10759,石河子大学,203,16,16,540,83821
10759,石河子大学,204,8,8,544,78359
10760,新疆医科大学,201,5,5,566,52116
10760,新疆医科大学,202,32,32,545,76646
10760,新疆医科大学,203,6,6,539,84478
10760,新疆医科大学,204,16,16,522,108660
10762,新疆师范大学,203,3,3,518,114774
10762,新疆师范大学,204,8,8,491,157749
10762,新疆师范大学,205,11,11,491,156618
10763,喀什大学,204,7,7,491,156177
10763,喀什大学,205,1,1,536,88906
10766,新疆财经大学,202,4,4,497,147615
10766,新疆财经大学,203,16,16,499,144132
10792,天津城建大学,202,55,55,519,113015
10792,天津城建大学,203,2,2,528,100745
10792,天津城建大学,204,3,3,515,119251
10792,天津城建大学,206,7,7,507,131978
10809,山西中医药大学,204,7,7,510,127582
10809,山西中医药大学,205,2,2,554,66088
10809,山西中医药大学,206,2,2,524,105260
10812,吕梁学院,202,4,4,500,143224
10822,广东白云学院,201,659,659,468,195398
10822,广东白云学院,202,32,32,464,201590
10822,广东白云学院,203,102,102,457,212604
10822,广东白云学院,204,506,506,462,204413
10822,广东白云学院,205,120,120,461,206161
10822,广东白云学院(协同培养),206,50,50,455,216617
10822,广东白云学院,207,182,182,468,195291
10822,广东白云学院,208,1692,1692,465,200441
10822,广东白云学院,209,30,30,449,225697
10822,广东白云学院,210,21,21,459,209752
10823,长沙医学院,203,18,18,496,148888
10823,长沙医学院,204,60,60,507,130794
10823,长沙医学院,205,10,10,492,155510
10841,辽宁对外经贸学院,202,4,4,470,192378
10846,江西科技学院,202,4,4,489,160401
10850,南京工业职业技术大学,202,34,34,497,146715
10856,上海工程技术大学,203,30,30,548,72920
10856,上海工程技术大学,204,12,12,534,91935
10876,浙江万里学院,202,10,10,508,130311
10878,安徽建筑大学,201,16,16,531,95497
10878,安徽建筑大学,202,2,2,533,93731
10878,安徽建筑大学,203,2,2,526,103089
10895,萍乡学院,202,5,5,501,140671
10895,萍乡学院,203,2,2,497,146984
10895,萍乡学院,204,2,2,497,147023
10904,枣庄学院,201,5,5,497,147585
10908,山东工艺美术学院,201,4,4,517,116018
10908,山东工艺美术学院,202,5,5,494,151838
10918,黄淮学院,201,10,10,497,147440
10918,黄淮学院,202,5,5,498,146215
10918,黄淮学院,205,5,5,496,148746
10919,平顶山学院,201,4,4,504,136380
10920,湖北理工学院,203,7,7,520,112283
10920,湖北理工学院,204,4,4,542,80359
10920,湖北理工学院,205,2,2,526,102781
10927,湖北科技学院,201,2,2,521,110160
10927,湖北科技学院,202,3,3,528,99829
10927,湖北科技学院,203,5,5,548,73386
10929,湖北医药学院,201,11,11,547,74579
10964,吉林外国语大学,208,2,2,493,153551
10964,吉林外国语大学,210,6,6,490,159264
10964,吉林外国语大学,211,6,6,497,147168
10964,吉林外国语大学,212,3,3,491,157432
10964,吉林外国语大学,213,10,10,487,163932
10964,吉林外国语大学,217,3,3,483,169515
10994,新疆工程学院,201,22,22,495,150942
10994,新疆工程学院,202,3,3,492,154829
11035,沈阳大学,202,16,16,524,106529
11035,沈阳大学,203,4,4,516,117551
11035,沈阳大学,205,8,8,509,128683
11047,上海立信会计金融学院,202,14,14,557,62446
11047,上海立信会计金融学院,205,5,5,550,70152
11048,金陵科技学院,202,14,14,527,102086
11049,淮阴工学院,201,4,4,501,141500
11049,淮阴工学院,202,2,2,500,142379
11049,淮阴工学院,203,2,2,505,135194
11049,淮阴工学院,204,2,2,501,141294
11053,徐州工程学院,203,2,2,503,137484
11053,徐州工程学院,204,1,1,516,117557
11055,常州工学院,201,15,15,502,139963
11057,浙江科技学院,201,5,5,535,89832
11057,浙江科技学院,202,29,29,537,87199
11058,宁波工程学院,201,35,35,522,108517
11059,合肥学院,201,10,10,521,110341
11059,合肥学院,202,2,2,508,129628
11059,合肥学院,203,4,4,513,121780
11062,厦门理工学院,204,26,26,547,73862
11062,厦门理工学院,207,2,2,542,80935
11065,青岛大学,202,2,2,565,53526
11065,青岛大学,203,3,3,552,68505
11065,青岛大学,204,9,9,552,68102
11065,青岛大学,205,39,39,552,67872
11065,青岛大学,206,3,3,547,74103
11066,烟台大学,203,12,12,539,84767
11066,烟台大学(本科预科班),205,3,3,474,184469
11067,潍坊学院,203,10,10,498,145738
11067,潍坊学院,204,2,2,499,144564
11068,郑州工程技术学院,202,23,23,500,142914
11070,洛阳理工学院,202,50,50,504,135588
11070,洛阳理工学院,203,4,4,503,137953
11070,洛阳理工学院,205,14,14,493,154246
11075,三峡大学,203,19,19,569,48160
11075,三峡大学,206,4,4,565,53252
11077,长沙学院,203,22,22,530,96736
11077,长沙学院,204,15,15,517,116701
11077,长沙学院,205,4,4,518,114113
11078,广州大学,201,419,419,579,39090
11078,广州大学,202,429,429,575,42138
11078,广州大学,203,1798,1798,563,55620
11078,广州大学,204,150,150,569,48267
11078,广州大学,205,100,100,573,44324
11078,广州大学,206,440,440,558,61445
11078,广州大学,207,145,145,570,47873
11078,广州大学,208,35,35,560,58794
11078,广州大学,209,124,124,569,48732
11078,广州大学,210,303,303,557,61652
11078,广州大学(地方专项),221,110,110,537,87118
11078,广州大学(中外合作办学),241,35,35,538,85541
11079,成都大学,203,31,31,549,71525
11079,成都大学,204,5,5,545,76879
11079,成都大学,205,14,14,548,73643
11079,成都大学,214,20,20,536,89271
11080,西安文理学院,203,3,3,514,120393
11080,西安文理学院,204,3,3,510,127680
11100,海南热带海洋学院,207,7,7,508,130482
11100,海南热带海洋学院,208,4,4,505,134829
11100,海南热带海洋学院,209,3,3,505,134555
11100,海南热带海洋学院,210,16,16,503,138533
11100,海南热带海洋学院,211,2,2,504,135633
11100,海南热带海洋学院,220,2,2,495,150122
11100,海南热带海洋学院,222,4,4,492,154676
11104,华北科技学院,204,2,2,526,103213
11104,华北科技学院,205,64,64,508,129895
11104,华北科技学院,206,6,6,498,145405
11104,华北科技学院,207,28,28,497,147376
11105,中国人民警察大学,201,28,28,534,91651
11106,广州航海学院,201,1162,1162,512,123465
11106,广州航海学院,202,879,879,501,140220
11106,广州航海学院,203,215,215,505,134636
11106,广州航海学院,204,28,28,504,136438
11106,广州航海学院(协同培养),205,80,80,499,143371
11106,广州航海学院(中外合作办学),206,125,125,494,152283
11106,广州航海学院(联合培养),207,30,30,509,128180
11106,广州航海学院(联合培养),208,12,12,506,132587
11106,广州航海学院(联合培养),209,15,15,502,139442
11110,广东警官学院,201,264,264,522,109591
11110,广东警官学院,203,80,80,535,89888
11117,扬州大学,202,13,13,564,53889
11122,三江学院,203,12,12,489,160012
11122,三江学院,204,65,65,487,163448
11122,三江学院,205,5,5,485,167072
11230,齐齐哈尔医学院,203,24,24,533,93798
11230,齐齐哈尔医学院,204,2,2,513,122588
11232,北京信息科技大学,201,18,18,568,49341
11242,太原学院,202,5,5,501,141524
11258,大连大学,201,5,5,544,78790
11261,吉林工商学院,202,10,10,498,146409
11276,南京工程学院,202,16,16,552,67939
11287,南京审计大学,202,24,24,576,41786
11287,南京审计大学,206,12,12,566,51525
11311,三明学院,203,6,6,509,129205
11318,江西科技师范大学,205,1,1,556,63763
11318,江西科技师范大学,206,28,28,524,106142
11318,江西科技师范大学,207,5,5,516,117704
11318,江西科技师范大学,208,5,5,519,112694
11319,南昌工程学院,203,20,20,520,111692
11319,南昌工程学院,204,2,2,519,113370
11319,南昌工程学院,208,4,4,507,131864
11326,信阳农林学院,202,12,12,499,143762
11326,信阳农林学院,203,4,4,496,148178
11330,安阳工学院,204,3,3,493,153735
11336,荆楚理工学院,205,3,3,491,157160
11342,湖南工程学院,202,14,14,522,109136
11342,湖南工程学院,203,3,3,460,207821
11347,仲恺农业工程学院,202,1097,1097,510,127009
11347,仲恺农业工程学院,203,851,851,509,129172
11347,仲恺农业工程学院,204,1088,1088,522,109571
11347,仲恺农业工程学院,205,123,123,506,132583
11347,仲恺农业工程学院,206,235,235,507,130757
11347,仲恺农业工程学院(协同培养),207,40,40,496,149486
11349,五邑大学,201,40,40,514,120631
11349,五邑大学,202,29,29,501,141029
11349,五邑大学,203,455,455,501,140317
11349,五邑大学,204,206,206,490,158717
11349,五邑大学,205,172,172,516,117701
11349,五邑大学,206,105,105,499,144690
11349,五邑大学,207,997,997,523,107273
11349,五邑大学,208,429,429,503,137335
11349,五邑大学,209,391,391,519,113954
11349,五邑大学,210,270,270,501,141036
11354,梧州学院,203,23,23,501,140230
11354,梧州学院,204,3,3,501,140876
11360,攀枝花学院,201,9,9,498,145199
11390,玉溪师范学院,202,2,2,505,133933
11390,玉溪师范学院,203,2,2,498,145049
11393,昆明学院,202,18,18,506,132813
11393,昆明学院,203,2,2,499,143359
11396,商洛学院,202,1,1,497,147476
11396,商洛学院,203,1,1,498,146262
11396,商洛学院,204,1,1,504,135790
11400,西安培华学院,203,2,2,483,169915
11406,甘肃政法大学,203,3,3,542,80498
11407,北方民族大学,202,16,16,508,130661
11407,北方民族大学,206,2,2,507,131973
11413,中国矿业大学(北京),201,34,34,591,28787
11414,中国石油大学(北京),203,17,17,598,23470
11414,中国石油大学(北京),204,5,5,592,27714
11414,中国石油大学(北京),205,3,3,594,26276
11415,中国地质大学(北京),204,14,14,597,24111
11415,中国地质大学(北京),205,17,17,587,31882
11415,中国地质大学(北京),207,1,1,611,14771
11417,北京联合大学,202,17,17,547,74746
11418,北京城市学院,202,8,8,493,152822
11418,北京城市学院,203,1,1,488,162263
11420,河北金融学院,203,7,7,501,140536
11420,河北金融学院,204,6,6,503,137181
11420,河北金融学院,208,3,3,501,141351
11437,长春工程学院,201,30,30,499,144203
11437,长春工程学院(本科预科班),203,2,2,465,199985
11439,吉林农业科技学院,203,12,12,496,148082
11439,吉林农业科技学院,204,4,4,496,149180
11446,黑龙江东方学院,201,40,40,463,202495
11458,上海电机学院,203,7,7,541,81822
11458,上海电机学院,208,8,8,531,95612
11463,江苏理工学院,202,2,2,543,79933
11463,江苏理工学院,203,3,3,531,96528
11463,江苏理工学院,204,2,2,530,97424
11482,浙江财经大学,202,27,27,560,58745
11482,浙江财经大学,206,1,1,566,52257
11482,浙江财经大学,207,2,2,557,61606
11504,江西警察学院,202,9,9,520,111416
11508,新余学院,203,1,1,507,131838
11508,新余学院,204,2,2,506,133318
11508,新余学院,205,1,1,520,112549
11508,新余学院,206,1,1,509,129053
11510,山东交通学院,202,4,4,503,137721
11510,山东交通学院,203,2,2,505,134376
11517,河南工程学院,203,25,25,501,140759
11517,河南工程学院,204,2,2,501,141265
11517,河南工程学院,205,8,8,496,148924
11517,河南工程学院,206,3,3,495,149585
11527,湖南城市学院,204,10,10,517,116366
11527,湖南城市学院,205,2,2,521,111164
11527,湖南城市学院,206,6,6,508,129639
11528,湖南工学院,201,10,10,512,123328
11528,湖南工学院,202,2,2,511,125752
11528,湖南工学院,203,11,11,510,127455
11528,湖南工学院,204,2,2,507,131419
11532,湖南财政经济学院,202,13,13,518,115195
11532,湖南财政经济学院,203,18,18,529,98995
11534,湖南警察学院,202,7,7,529,99197
11535,湖南工业大学,203,166,166,540,83185
11535,湖南工业大学,204,2,2,545,76810
11535,湖南工业大学,205,16,16,514,121057
11535,湖南工业大学,214,7,7,537,87012
11535,湖南工业大学,217,5,5,541,82381
11540,广东金融学院,221,4139,4139,508,129487
11540,广东金融学院(国际班),222,276,276,509,128136
11540,广东金融学院(地方专项),223,50,50,517,116771
11545,电子科技大学中山学院,201,449,449,483,169854
11545,电子科技大学中山学院,202,1083,1083,485,166408
11545,电子科技大学中山学院,203,158,158,481,174023
11545,电子科技大学中山学院,204,158,158,481,172893
11546,广西科技师范学院,204,22,22,503,137162
11546,广西科技师范学院,205,2,2,505,135393
11548,广西财经学院,202,4,4,529,98322
11548,广西财经学院,204,7,7,499,144166
11549,南宁学院,202,22,22,493,153502
11551,重庆科技学院,202,27,27,533,93779
11560,西安财经大学,202,6,6,540,83760
11560,西安财经大学,204,6,6,531,95920
11600,湖北经济学院,202,12,12,532,94979
11607,北部湾大学,204,11,11,508,130160
11607,北部湾大学,205,2,2,514,121334
11607,北部湾大学,206,8,8,507,131721
11607,北部湾大学,209,3,3,494,152421
11607,北部湾大学,210,5,5,488,161206
11607,北部湾大学,211,3,3,496,148592
11607,北部湾大学,212,3,3,490,158246
11607,北部湾大学,213,6,6,493,154456
11607,北部湾大学,214,2,2,506,132567
11629,北华航天工业学院,202,12,12,512,123794
11632,沈阳工程学院,201,6,6,534,91666
11646,宁波大学,203,28,28,583,35517
11646,宁波大学,204,13,13,575,43053
11646,宁波大学,205,4,4,579,38995
11647,浙江传媒学院,205,1,1,559,60127
11647,浙江传媒学院,206,50,50,554,65192
11647,浙江传媒学院,216,1,1,573,44432
11652,河南财政金融学院,202,8,8,499,144423
11653,南阳理工学院,204,1,1,506,133623
11653,南阳理工学院,205,35,35,501,140613
11653,南阳理工学院,206,2,2,501,140666
11653,南阳理工学院,207,6,6,497,146664
11653,南阳理工学院,208,6,6,495,149976
11656,广东石油化工学院,201,596,596,498,145860
11656,广东石油化工学院,202,483,483,507,131023
11656,广东石油化工学院,203,1876,1876,500,142439
11656,广东石油化工学院,204,669,669,497,146960
11656,广东石油化工学院,205,991,991,502,139547
11656,广东石油化工学院,206,77,77,500,142251
11656,广东石油化工学院,207,27,27,509,127825
11656,广东石油化工学院,208,20,20,511,124665
11656,广东石油化工学院(协同培养),217,40,40,497,147107
11658,海南师范大学,208,2,2,568,50136
11658,海南师范大学,209,21,21,555,64636
11658,海南师范大学,210,4,4,558,60436
11658,海南师范大学,211,2,2,566,51914
11658,海南师范大学,212,3,3,561,57071
11658,海南师范大学,213,2,2,566,52034
11658,海南师范大学,222,2,2,522,108951
11658,海南师范大学,223,2,2,558,60537
11658,海南师范大学,224,6,6,549,71951
11660,重庆理工大学,204,4,4,545,76951
11660,重庆理工大学,205,35,35,553,67060
11664,西安邮电大学,202,30,30,565,52946
11664,西安邮电大学(本科预科班),204,2,2,505,134818
11688,山东工商学院,204,19,19,505,135059
11726,长春大学,203,18,18,513,122058
11726,长春大学,204,2,2,508,130702
11726,长春大学,209,10,10,502,139217
11726,长春大学,210,2,2,496,148262
11726,长春大学,211,6,6,497,147137
11731,贵州商学院,202,1,1,513,121821
11731,贵州商学院,203,6,6,505,134964
11731,贵州商学院,208,3,3,491,156820
11736,西安航空学院,202,8,8,518,114823
11736,西安航空学院,204,3,3,516,117635
11765,河南城建学院,202,16,16,498,145331
11775,防灾科技学院,202,44,44,507,131633
11775,防灾科技学院,203,2,2,520,112427
11775,防灾科技学院,204,4,4,508,130419
11799,重庆工商大学,207,2,1,545,76677
11799,重庆工商大学,210,2,2,546,75918
11799,重庆工商大学,211,25,25,545,77137
11799,重庆工商大学,212,3,3,550,70710
11799,重庆工商大学,222,2,2,535,89790
11799,重庆工商大学,223,2,2,528,100194
11800,汉口学院,202,5,5,478,178478
11802,黑龙江工程学院,202,54,54,496,148487
11802,黑龙江工程学院,203,8,8,494,152195
11810,海南医学院,203,2,2,524,105368
11810,海南医学院,204,23,23,553,67503
11819,东莞理工学院,201,304,304,558,60746
11819,东莞理工学院,202,1856,1856,545,77220
11819,东莞理工学院,203,37,37,545,77528
11819,东莞理工学院,204,578,578,534,92199
11819,东莞理工学院,205,25,25,529,98649
11819,东莞理工学院(地方专项),215,72,72,530,96760
11819,东莞理工学院(地方专项),216,18,18,525,104389
11819,东莞理工学院(粤台联合培养),217,253,253,538,85832
11819,东莞理工学院(中外合作办学),219,78,78,530,97006
11819,东莞理工学院,220,86,86,538,85930
11819,东莞理工学院,221,30,30,528,99883
11825,桂林航天工业学院,202,36,36,511,125768
11833,上海杉达学院,202,3,3,506,133721
11833,上海杉达学院,205,1,1,506,133870
11834,黄河科技学院,203,4,4,483,169592
11835,上海政法学院,204,3,3,596,24847
11835,上海政法学院,205,2,2,578,39573
11835,上海政法学院,206,34,34,574,43180
11837,桂林旅游学院,204,2,2,508,130362
11837,桂林旅游学院,205,24,24,499,143659
11837,桂林旅游学院,206,1,1,510,127365
11837,桂林旅游学院,207,2,2,499,143570
11837,桂林旅游学院,214,3,3,486,165335
11838,贺州学院,202,26,26,500,142153
11838,贺州学院,203,4,4,498,146395
11838,贺州学院,204,8,8,499,144444
11843,九江学院,203,7,7,503,138491
11843,九江学院,204,3,3,546,75062
11845,广东工业大学,202,100,100,597,23738
11845,广东工业大学,203,85,85,570,47737
11845,广东工业大学,204,35,35,570,47693
11845,广东工业大学,205,15,15,566,51574
11845,广东工业大学,206,1283,1283,568,50227
11845,广东工业大学,207,893,893,578,39809
11845,广东工业大学,208,1209,1209,571,46821
11845,广东工业大学,209,584,584,553,67197
11845,广东工业大学,210,766,766,554,65738
11845,广东工业大学,211,82,82,562,56191
11845,广东工业大学,212,1224,1224,548,73297
11845,广东工业大学,213,29,29,564,53976
11845,广东工业大学,214,138,138,558,61021
11845,广东工业大学(国际班),222,310,310,547,74549
11845,广东工业大学(地方专项),232,210,210,530,97623
11846,广东外语外贸大学,205,710,710,557,62243
11846,广东外语外贸大学,206,1514,1514,555,63950
11846,广东外语外贸大学,207,10,10,581,37227
11846,广东外语外贸大学(地方专项),208,72,72,521,110454
11847,佛山科学技术学院,201,589,589,548,72983
11847,佛山科学技术学院,202,243,243,542,80624
11847,佛山科学技术学院,203,660,660,539,84546
11847,佛山科学技术学院,204,286,286,533,93220
11847,佛山科学技术学院,205,441,441,529,98967
11847,佛山科学技术学院,206,125,125,542,81183
11847,佛山科学技术学院,207,30,30,547,74363
11847,佛山科学技术学院,208,83,83,555,64170
11847,佛山科学技术学院,209,125,125,528,99837
11847,佛山科学技术学院,210,60,60,535,90894
11847,佛山科学技术学院,211,30,30,535,90145
11847,佛山科学技术学院,212,32,32,540,82964
11847,佛山科学技术学院,213,22,22,537,87277
11847,佛山科学技术学院(粤台联合培养),214,100,100,537,88026
11847,佛山科学技术学院(中外合作办学),215,60,60,495,150241
11847,佛山科学技术学院(联合培养),216,30,30,514,120608
11847,佛山科学技术学院(联合培养),217,35,35,504,136748
11847,佛山科学技术学院(地方专项),218,40,40,508,129286
11847,佛山科学技术学院(地方专项),219,30,30,509,129040
12026,大连民族大学,202,22,22,506,133304
12044,上海第二工业大学,202,13,13,547,74578
12048,南京特殊教育师范学院,202,2,2,538,85712
12048,南京特殊教育师范学院,203,2,2,528,100862
12050,上海商学院,202,4,4,543,79447
12056,南通理工学院,202,78,78,481,173497
12056,南通理工学院,203,8,8,476,181424
12059,广东培正学院,201,1201,1201,470,191459
12059,广东培正学院,202,607,607,473,187259
12059,广东培正学院,206,9,9,468,194930
12107,贵州警察学院,202,4,4,514,120879
12121,南方医科大学,206,45,45,641,3621
12121,南方医科大学,207,1354,1354,578,39662
12121,南方医科大学,208,124,124,581,37159
12121,南方医科大学(地方专项),209,38,38,530,97902
12121,南方医科大学(地方专项),210,25,25,525,104208
12214,湖南医药学院,203,5,5,536,89247
12214,湖南医药学院,204,2,2,531,95489
12216,安徽新华学院,202,12,12,478,178665
12303,湖南涉外经济学院,202,30,30,475,183462
12308,海口经济学院,202,12,12,461,205913
12309,武昌首义学院,202,9,9,492,155578
12310,武昌理工学院,202,17,17,481,173779
12332,烟台南山学院,202,10,10,484,167525
12362,武汉生物工程学院,202,30,30,489,159661
12362,武汉生物工程学院,203,30,30,491,156206
12362,武汉生物工程学院,204,15,15,489,160858
12453,中国劳动关系学院,202,2,2,539,85388
12453,中国劳动关系学院,203,18,18,534,91327
12544,宁夏理工学院,202,6,6,489,160826
12560,云南经济管理学院,204,8,8,481,173423
12560,云南经济管理学院,205,3,3,488,161801
12560,云南经济管理学院,206,2,2,485,165911
12574,广东东软学院,201,206,206,481,173949
12574,广东东软学院,202,165,165,478,179141
12574,广东东软学院,203,160,160,480,175067
12574,广东东软学院,204,40,40,472,188514
12574,广东东软学院,205,48,48,468,194312
12574,广东东软学院,206,20,20,468,194315
12574,广东东软学院,207,53,53,470,191815
12574,广东东软学院,208,55,55,476,181761
12574,广东东软学院,209,159,159,473,186061
12574,广东东软学院,210,62,62,468,194712
12574,广东东软学院,211,120,102,445,233140
12599,湘潭大学兴湘学院,203,2,2,502,139113
12599,湘潭大学兴湘学院,204,2,2,494,152043
12604,湖南工业大学科技学院,202,12,12,495,150605
12617,广州城市理工学院（原华南理工大学广州,201,50,50,492,155359
12617,广州城市理工学院（原华南理工大学广州,202,20,20,492,155557
12617,广州城市理工学院（原华南理工大学广州,203,1649,1649,489,160042
12618,广州软件学院（原广州大学华软软件学院,201,2450,2450,475,182815
12618,广州软件学院（原广州大学华软软件学院,202,215,215,472,187869
12618,广州软件学院（原广州大学华软软件学院,203,81,81,470,192172
12618,广州软件学院（原广州大学华软软件学院,204,20,20,469,193037
12618,广州软件学院（原广州大学华软软件学院,205,25,25,462,205455
12619,广州南方学院（原中山大学南方学院）,204,1561,1561,482,171223
12619,广州南方学院（原中山大学南方学院）,205,93,93,485,166491
12619,广州南方学院（原中山大学南方学院）,206,98,98,481,172621
12619,广州南方学院（原中山大学南方学院）,207,15,15,476,182224
12619,广州南方学院（原中山大学南方学院）,208,48,48,472,189038
12620,广东外语外贸大学南国商学院,203,490,490,487,164221
12620,广东外语外贸大学南国商学院,204,231,231,482,171282
12620,广东外语外贸大学南国商学院,205,44,44,478,178272
12621,广州华商学院（原广东财经大学华商学院,211,1892,1892,462,205345
12621,广州华商学院（原广东财经大学华商学院,212,205,205,468,194546
12622,湛江科技学院（原广东海洋大学寸金学院,201,3221,3221,452,221338
12622,湛江科技学院（原广东海洋大学寸金学院,202,80,80,448,227559
12623,华南农业大学珠江学院,202,239,239,466,197704
12631,厦门医学院,201,15,15,553,66328
12636,成都东软学院,202,6,6,495,150362
12649,湖南科技大学潇湘学院,202,4,4,499,144017
12650,南华大学船山学院,202,8,8,493,154151
12650,南华大学船山学院,203,2,2,492,155634
12651,湘潭理工学院,202,2,2,494,152614
12651,湘潭理工学院,203,3,3,485,166752
12652,湖南师范大学树达学院,202,15,15,510,126183
12652,湖南师范大学树达学院,203,12,12,497,147652
12657,湖南文理学院芙蓉学院,203,4,4,492,154766
12658,湖南理工学院南湖学院,202,2,2,496,148468
12659,衡阳师范学院南岳学院,202,2,2,509,128931
12659,衡阳师范学院南岳学院,203,3,3,499,144252
12660,湖南工程学院应用技术学院,201,5,5,494,151780
12661,湖南中医药大学湘杏学院,203,4,4,518,114489
12661,湖南中医药大学湘杏学院,204,2,2,516,117248
12662,吉首大学张家界学院,202,4,4,493,153889
12668,广州理工学院,201,3660,3660,456,215280
12689,东南大学成贤学院,203,78,78,490,159268
12689,东南大学成贤学院,204,3,3,488,162004
12709,厦门华厦学院,203,2,2,491,157654
12709,厦门华厦学院,204,14,14,491,157264
12709,厦门华厦学院,205,3,3,488,162118
12710,闽南理工学院,202,2,2,496,148151
12712,西安欧亚学院,202,14,14,478,178265
12713,西安外事学院,202,4,4,484,168827
12715,西京学院,202,10,10,480,174443
12779,山西应用科技学院,202,6,6,483,170564
12792,浙江越秀外国语学院,203,2,2,483,169330
12792,浙江越秀外国语学院,204,13,13,476,181994
12795,南昌理工学院,202,43,43,484,168165
12799,上海建桥学院,202,39,39,483,169732
12799,上海建桥学院,204,2,2,488,161987
12915,上海中侨职业技术大学,202,14,14,472,188406
12928,泉州职业技术大学,202,5,5,486,165423
12938,江西应用科技学院,201,10,10,463,202654
12992,闽南科技学院,203,1,1,492,155903
12992,闽南科技学院,204,5,5,488,161934
13006,山东英才学院,201,5,5,470,191242
13021,浙大城市学院,203,1,1,554,65881
13021,浙大城市学院,204,36,36,541,81911
13022,浙大宁波理工学院,201,40,40,535,89863
13023,杭州医学院,201,4,4,524,105865
13023,杭州医学院,202,6,6,558,60944
13065,安徽外国语学院,202,7,7,484,168278
13115,厦门工学院,202,13,13,484,168411
13121,西安思源学院,202,4,4,490,158959
13188,武汉晴川学院,203,8,8,484,168243
13198,大连理工大学城市学院,202,14,14,477,179515
13208,沈阳城市建设学院,202,8,8,470,191312
13212,大连医科大学中山学院,202,2,2,497,147330
13212,大连医科大学中山学院,203,2,2,494,151771
13213,锦州医科大学医疗学院,201,4,4,518,115172
13213,锦州医科大学医疗学院,202,3,3,511,125580
13215,辽宁师范大学海华学院,202,8,8,476,180997
13218,大连财经学院,202,19,19,473,186226
13220,沈阳城市学院,202,8,8,466,199146
13220,沈阳城市学院,203,6,6,473,186861
13234,湖北大学知行学院,204,1,1,504,137057
13234,湖北大学知行学院,205,5,5,489,159378
13234,湖北大学知行学院,206,1,1,492,155695
13235,武汉城市学院,202,10,10,485,167415
13235,武汉城市学院,203,1,1,486,164875
13236,三峡大学科技学院,202,8,8,489,160041
13236,三峡大学科技学院,203,7,7,509,128431
13238,湖北工业大学工程技术学院,203,20,20,485,167112
13239,武汉工程大学邮电与信息工程学院,203,2,2,493,152927
13239,武汉工程大学邮电与信息工程学院,204,2,2,494,152353
13240,武汉纺织大学外经贸学院,203,1,1,483,169848
13240,武汉纺织大学外经贸学院,204,3,3,482,171064
13242,武汉工商学院,201,8,8,483,170129
13245,荆州学院,202,6,6,478,179030
13246,长江大学文理学院,202,7,7,488,161475
13247,湖北商贸学院,202,23,23,464,201151
13248,湖北汽车工业学院科技学院,201,1,1,492,155660
13248,湖北汽车工业学院科技学院,202,6,6,490,158823
13249,湖北医药学院药护学院,201,7,7,510,126857
13250,湖北恩施学院,204,3,3,488,162372
13250,湖北恩施学院,205,4,4,511,125880
13251,湖北经济学院法商学院,202,9,9,487,163686
13253,武汉体育学院体育科技学院,202,2,2,487,163616
13256,湖北师范大学文理学院,203,10,10,492,155265
13262,文华学院,202,12,12,492,156171
13279,杭州电子科技大学信息工程学院,201,12,12,496,148335
13290,浙江工商大学杭州商学院,202,26,26,485,166112
13291,嘉兴南湖学院,201,2,2,500,142943
13292,中国计量大学现代科技学院,201,10,10,489,160316
13296,黑龙江外国语学院,203,5,4,445,232799
13300,黑龙江工商学院,202,30,30,457,213353
13301,哈尔滨远东理工学院,201,40,40,469,193853
13307,哈尔滨华德学院,202,68,68,457,212476
13324,山东协和学院,203,12,12,480,174254
13324,山东协和学院,204,2,2,526,103331
13324,山东协和学院,205,13,13,483,169872
13326,云南大学滇池学院,202,6,6,483,170572
13328,丽江文化旅游学院,203,2,2,484,168639
13328,丽江文化旅游学院,204,4,4,481,173753
13328,丽江文化旅游学院,205,2,2,483,170583
13330,昆明城市学院,202,5,5,485,166365
13332,昆明医科大学海源学院,202,17,17,528,100443
13332,昆明医科大学海源学院,203,6,6,491,156196
13378,青岛城市学院,202,8,8,481,173200
13386,山东石油化工学院,202,13,13,497,146924
13402,河北外国语学院,202,6,6,477,179388
13408,华北理工大学轻工学院,202,5,5,479,176000
13415,河北医科大学临床学院,202,4,4,492,154796
13415,河北医科大学临床学院,203,4,4,499,143412
13415,河北医科大学临床学院,204,5,5,531,95546
13420,南昌职业大学,202,3,3,484,168753
13421,南昌工学院,202,10,10,480,175745
13429,南昌大学科学技术学院,203,2,2,490,158856
13429,南昌大学科学技术学院,204,32,32,492,155870
13431,南昌交通学院,203,3,3,485,167457
13432,赣东学院,203,11,11,499,144009
13433,南昌航空大学科技学院,202,53,53,490,158077
13434,赣南科技学院,203,18,18,501,140973
13435,景德镇艺术职业大学,203,8,8,485,167373
13436,江西农业大学南昌商学院,202,17,17,490,158326
13437,南昌医学院,204,11,11,528,100036
13437,南昌医学院,205,3,3,546,75892
13437,南昌医学院,206,21,21,525,104526
13437,南昌医学院,207,4,4,507,131827
13437,南昌医学院,208,2,2,503,137372
13438,江西师范大学科学技术学院,202,12,12,493,153764
13439,赣南师范大学科技学院,202,19,19,494,152379
13440,南昌应用技术师范学院,203,10,10,494,151965
13440,南昌应用技术师范学院,204,1,1,504,136984
13441,江西财经大学现代经济管理学院,203,2,2,494,152496
13441,江西财经大学现代经济管理学院,204,42,42,489,160054
13468,阳光学院,203,17,17,479,177439
13468,阳光学院,207,3,3,468,195880
13469,厦门大学嘉庚学院,203,3,3,506,133359
13469,厦门大学嘉庚学院,204,78,78,497,146683
13470,福州大学至诚学院,203,43,43,491,157753
13470,福州大学至诚学院,204,6,6,489,160723
13471,集美大学诚毅学院,203,27,27,495,149906
13472,福建师范大学协和学院,203,1,1,497,147112
13472,福建师范大学协和学院,204,3,3,493,154250
13497,郑州财经学院,202,12,12,488,161148
13500,商丘工学院,201,10,10,478,178003
13503,信阳学院,202,3,3,492,154818
13505,新乡医学院三全学院,201,5,5,512,124280
13534,山西工学院,201,4,4,500,143138
13534,山西工学院,202,1,1,500,143128
13538,山西晋中理工学院,202,2,2,485,166127
13558,新疆理工学院,202,12,12,493,153265
13558,新疆理工学院,203,2,2,493,153432
13560,新疆第二医学院,201,21,21,517,116875
13560,新疆第二医学院,202,14,14,500,143231
13560,新疆第二医学院,203,3,3,513,122884
13571,无锡太湖学院,204,67,67,482,171684
13578,河北工程大学科信学院,202,24,24,486,164662
13579,中国矿业大学徐海学院,203,21,21,487,163235
13588,重庆外语外事学院,203,3,3,493,152942
13588,重庆外语外事学院,204,11,11,490,158330
13589,重庆对外经贸学院,204,4,4,494,152352
13589,重庆对外经贸学院,205,2,2,493,153385
13590,重庆财经学院,202,8,8,494,151853
13593,石家庄铁道大学四方学院,202,13,13,490,158803
13594,河北地质大学华信学院,202,12,12,478,177497
13597,山西科技学院,201,4,4,499,143892
13602,长春电子科技学院,202,8,8,477,180392
13603,长春财经学院,202,7,7,477,179695
13604,吉林建筑科技学院,201,10,10,468,194522
13606,长春科技学院,201,12,12,475,182838
13606,长春科技学院,202,3,3,474,185431
13609,辽宁中医药大学杏林学院,203,8,8,496,148644
13609,辽宁中医药大学杏林学院,204,4,4,497,146567
13610,辽宁何氏医学院,201,14,14,503,137581
13610,辽宁何氏医学院,202,6,6,482,172018
13611,蚌埠工商学院,202,6,6,485,167226
13614,马鞍山学院,202,13,13,480,175585
13615,合肥城市学院,202,6,6,480,175529
13615,合肥城市学院,203,3,3,481,173098
13618,安徽医科大学临床医学院,201,30,30,518,114622
13622,吉林师范大学博达学院,204,9,9,482,171468
13625,昆明文理学院,203,17,17,481,172754
13626,昆明理工大学津桥学院,203,1,1,490,157850
13626,昆明理工大学津桥学院,204,3,3,476,181667
13626,昆明理工大学津桥学院,205,19,19,481,173690
13626,昆明理工大学津桥学院,206,1,1,484,168103
13626,昆明理工大学津桥学院,207,16,16,477,180434
13627,重庆移通学院,203,6,6,465,200430
13631,大连东软信息学院,202,18,18,475,183258
13632,上海视觉艺术学院,202,4,4,528,100936
13634,武汉学院,202,18,18,489,160492
13635,长沙理工大学城南学院,204,35,35,494,152446
13639,柳州工学院,203,45,45,485,167295
13639,柳州工学院,204,10,10,481,174042
13640,广西民族大学相思湖学院,202,32,32,489,160619
13641,桂林学院,202,19,19,489,160066
13642,南宁师范大学师园学院,203,3,3,495,150261
13642,南宁师范大学师园学院,204,27,27,493,153828
13643,广西中医药大学赛恩斯新医药学院,205,108,108,494,152671
13643,广西中医药大学赛恩斯新医药学院,206,4,4,492,155308
13643,广西中医药大学赛恩斯新医药学院,207,38,38,491,156381
13643,广西中医药大学赛恩斯新医药学院,208,10,10,491,157221
13644,桂林信息科技学院,204,2,2,484,168746
13644,桂林信息科技学院,205,2,2,482,172467
13644,桂林信息科技学院,206,49,49,482,172178
13647,贵州中医药大学时珍学院,201,4,4,488,162050
13651,贵阳人文科技学院,202,2,2,481,173565
13653,遵义医科大学医学与科技学院,201,10,10,534,92328
13654,南京理工大学紫金学院,202,89,89,488,161154
13654,南京理工大学紫金学院,203,29,29,482,172233
13654,南京理工大学紫金学院,204,59,59,488,162298
13656,广州华立学院（原广东工业大学华立学院,201,2320,2320,453,219834
13656,广州华立学院（原广东工业大学华立学院,202,670,670,457,213752
13656,广州华立学院（原广东工业大学华立学院,203,45,45,453,220089
13657,广州应用科技学院（原广州大学松田学院,203,2285,2285,462,205404
13657,广州应用科技学院（原广州大学松田学院,204,55,55,455,216772
13660,天津商业大学宝德学院,204,2,2,486,165657
13660,天津商业大学宝德学院,206,5,5,483,170682
13661,天津医科大学临床医学院,204,1,1,492,154753
13661,天津医科大学临床医学院,205,4,4,494,152779
13661,天津医科大学临床医学院,206,3,3,538,86544
13661,天津医科大学临床医学院,207,5,5,498,146319
13661,天津医科大学临床医学院,208,3,3,532,94148
13662,长春人文学院,202,2,2,476,181420
13662,长春人文学院,203,2,2,471,190705
13665,电子科技大学成都学院,202,37,37,493,154453
13666,武汉华夏理工学院,202,25,25,483,170198
13667,广州商学院,207,2028,2028,464,200817
13667,广州商学院,208,702,702,458,211112
13667,广州商学院,209,310,310,452,221296
13667,广州商学院,210,68,32,445,232682
13667,广州商学院,211,98,14,445,232856
13667,广州商学院,212,280,106,445,233231
13667,广州商学院,213,200,200,450,225120
13668,成都理工大学工程技术学院,202,20,20,488,161481
13670,成都银杏酒店管理学院,202,5,5,484,168061
13673,四川外国语大学成都学院,202,26,26,491,157378
13675,北京理工大学珠海学院,201,1379,1379,493,152981
13675,北京理工大学珠海学院,202,55,55,480,174227
13675,北京理工大学珠海学院,203,123,123,484,168218
13677,西安交通大学城市学院,201,4,4,492,156108
13678,西北大学现代学院,202,1,1,479,176884
13679,西安建筑科技大学华清学院,201,10,10,481,174029
13684,珠海科技学院（原吉林大学珠海学院）,209,2750,2750,493,154223
13684,珠海科技学院（原吉林大学珠海学院）,210,100,100,492,155760
13684,珠海科技学院（原吉林大学珠海学院）,211,80,80,491,157529
13684,珠海科技学院（原吉林大学珠海学院）,212,51,51,491,157255
13705,成都医学院,201,40,40,553,67496
13714,广州工商学院,205,2237,2237,450,224174
13714,广州工商学院,206,75,75,447,230009
13714,广州工商学院,207,122,122,449,226150
13714,广州工商学院,208,90,90,445,231960
13714,广州工商学院,209,246,42,445,233074
13717,广州科技职业技术大学,202,2567,2131,445,233228
13717,广州科技职业技术大学,204,171,171,446,230504
13719,广东科技学院,205,3692,3692,455,216120
13719,广东科技学院,206,116,116,449,225279
13720,广东理工学院,201,2265,2265,447,230052
13720,广东理工学院,202,400,400,452,220481
13720,广东理工学院,203,300,300,456,213954
13720,广东理工学院,204,220,209,445,233227
13720,广东理工学院,205,800,602,445,233237
13721,广东工商职业技术大学,205,838,838,446,230592
13721,广东工商职业技术大学,206,42,42,450,224909
13721,广东工商职业技术大学,207,60,21,445,233230
13744,黑河学院,203,3,3,499,143316
13744,黑河学院,204,8,8,495,149901
13744,黑河学院,205,6,6,492,155468
13762,福州外语外贸学院,202,20,20,477,179994
13763,福建江夏学院,202,6,6,513,122395
13766,泉州信息工程学院,203,30,30,482,171022
13766,泉州信息工程学院,205,5,5,466,198254
13774,豫章师范学院,202,6,6,500,142662
13774,豫章师范学院,203,2,2,499,144761
13776,江西软件职业技术大学,202,2,2,480,174143
13776,江西软件职业技术大学,203,1,1,471,190296
13809,湖南应用技术学院,203,3,3,485,167076
13811,琼台师范学院,202,10,10,503,138545
13811,琼台师范学院,203,2,2,507,131026
13816,四川工业科技学院,202,5,5,487,162633
13830,广西外国语学院,202,19,19,485,167229
13842,南京理工大学泰州科技学院,202,46,46,486,164635
13844,东莞城市学院（原东莞理工学院城市学院,205,2655,2655,472,188609
13844,东莞城市学院（原东莞理工学院城市学院,206,86,86,475,182832
13844,东莞城市学院（原东莞理工学院城市学院,207,70,70,478,178054
13892,三亚学院,204,17,17,490,159095
13892,三亚学院,205,1,1,488,161850
13892,三亚学院,212,1,1,487,164247
13892,三亚学院,214,2,2,480,175107
13893,上海师范大学天华学院,202,6,6,480,174738
13894,西安明德理工学院,202,6,6,477,179292
13895,燕京理工学院,202,1,1,491,156748
13897,天津理工大学中环信息学院,202,17,17,484,167606
13898,北京科技大学天津学院,203,12,12,484,168861
13898,北京科技大学天津学院,204,4,4,483,170536
13899,北京中医药大学东方学院,203,12,12,495,149888
13899,北京中医药大学东方学院,204,3,3,512,123942
13899,北京中医药大学东方学院,205,3,3,492,155570
13902,广州新华学院（原中山大学新华学院）,205,1651,1651,486,165542
13902,广州新华学院（原中山大学新华学院）,206,55,55,487,163453
13902,广州新华学院（原中山大学新华学院）,207,321,321,483,170073
13902,广州新华学院（原中山大学新华学院）,208,319,319,482,171041
13902,广州新华学院（原中山大学新华学院）,209,58,58,485,167481
13903,成都锦城学院,202,49,49,493,154242
13905,南京工业大学浦江学院,202,54,54,485,166208
13905,南京工业大学浦江学院,203,14,14,486,165219
13905,南京工业大学浦江学院,204,4,4,483,169725
13906,南京师范大学中北学院,202,7,7,492,156164
13920,广西城市职业大学,203,100,100,474,184531
13924,湖南交通工程学院,203,2,2,482,171164
13924,湖南交通工程学院,204,2,2,477,179866
13980,南京医科大学康达学院,203,10,10,493,153354
13980,南京医科大学康达学院,204,20,20,511,125012
13980,南京医科大学康达学院,205,18,18,492,154857
13982,无锡学院,202,49,49,517,116399
13982,无锡学院,203,8,8,505,134697
13983,苏州城市学院,202,34,34,514,121515
13984,苏州大学应用技术学院,202,23,23,490,158165
13986,江苏大学京江学院,202,66,66,486,164778
13986,江苏大学京江学院,203,2,2,491,156904
13986,江苏大学京江学院,204,3,3,494,152600
13987,扬州大学广陵学院,203,2,2,494,151682
13987,扬州大学广陵学院,204,42,42,489,160875
13988,江苏师范大学科文学院,203,2,2,499,144441
13988,江苏师范大学科文学院,204,22,22,491,156696
13989,南京邮电大学通达学院,202,71,71,487,163389
13989,南京邮电大学通达学院,203,5,5,486,165379
13990,南京财经大学红山学院,202,16,16,487,162688
13991,江苏科技大学苏州理工学院,202,19,19,490,158412
13991,江苏科技大学苏州理工学院,203,3,3,487,162911
13992,常州大学怀德学院,202,24,24,485,167382
13992,常州大学怀德学院,203,10,10,483,170049
13993,南通大学杏林学院,201,44,44,483,170485
13994,南京审计大学金审学院,202,67,67,486,164731
13995,青岛工学院,203,2,2,482,171668
13995,青岛工学院,204,22,22,476,181209
13998,齐鲁理工学院,203,11,11,476,181291
13998,齐鲁理工学院,204,13,13,480,175072
14030,西安信息职业大学,202,3,3,479,176344
14037,西南财经大学天府学院,202,4,4,493,153013
14038,天津仁爱学院,204,63,63,473,186283
14039,四川大学锦江学院,202,9,9,489,159989
14042,西安科技大学高新学院,202,4,4,482,171680
14046,福建农林大学金山学院,206,2,2,483,170825
14087,天津财经大学珠江学院,202,12,12,487,164142
14098,合肥师范学院,201,10,10,499,144297
14099,湖北第二师范学院,202,2,2,521,110100
14099,湖北第二师范学院,206,4,4,502,139644
14101,太原工业学院,201,14,14,500,142874
14101,太原工业学院,202,2,2,498,146065
14101,太原工业学院,203,14,14,495,150764
14172,海南科技职业大学,202,8,8,477,180194
14201,北京第二外国语学院中瑞酒店管理学院,202,5,5,464,202162
14202,沧州交通学院,203,3,3,485,166678
14202,沧州交通学院,204,22,22,484,169026
14203,皖江工学院,201,5,5,481,172894
14207,上海财经大学浙江学院,202,12,12,490,159174
14225,河北东方学院,203,5,5,479,176811
14225,河北东方学院,204,3,3,489,159953
14225,河北东方学院,205,4,4,485,166019
14278,广东第二师范学院,201,537,537,522,109390
14278,广东第二师范学院,202,135,135,542,80290
14278,广东第二师范学院,203,332,332,513,121752
14278,广东第二师范学院,204,72,72,549,71732
14278,广东第二师范学院,205,509,509,527,102028
14278,广东第二师范学院,206,171,171,524,105333
14278,广东第二师范学院,207,100,100,545,76856
14278,广东第二师范学院(学分互认),218,45,45,518,114309
14278,广东第二师范学院(协同培养),220,15,15,504,136213
14389,成都师范学院,203,2,2,523,106886
14389,成都师范学院,204,12,12,529,98212
14410,四川电影电视学院,202,4,4,496,148846
14432,河北中医学院,202,4,4,554,65093
14432,河北中医学院,203,7,7,521,110453
14432,河北中医学院,204,2,2,528,99903
14434,山西传媒学院,205,4,4,511,124801
14437,南昌师范学院,204,3,3,503,137283
14437,南昌师范学院,205,1,1,522,109382
14440,贵州理工学院,201,8,8,509,129190
14527,山西工程技术学院,201,28,28,497,147820
14527,山西工程技术学院,202,2,2,497,147072
14596,中国社会科学院大学,204,4,4,625,8258
14623,滇西应用技术大学,202,10,10,499,143772
14623,滇西应用技术大学,203,2,2,498,146234
14625,茅台学院,201,10,10,493,153809
14654,郑州西亚斯学院,202,5,5,493,153898
14654,郑州西亚斯学院,206,15,15,459,210054
14655,深圳技术大学,201,183,183,561,57218
14655,深圳技术大学,202,185,185,557,61641
14655,深圳技术大学,203,295,295,563,55356
14655,深圳技术大学,204,221,221,558,61160
14655,深圳技术大学,205,1506,1506,565,52531
16202,河北石油职业技术大学,202,34,34,489,160562
16203,河北科技工程职业技术大学,203,22,22,491,156346
16205,广西农业职业技术大学,201,15,15,492,154486
16206,贵阳康养职业大学,202,4,4,492,154483
16206,贵阳康养职业大学,203,2,2,490,158755
16209,兰州石化职业技术大学,201,2,2,490,158956
16301,宁波诺丁汉大学,208,12,12,575,42822
16301,宁波诺丁汉大学,209,21,21,575,42942
16302,西交利物浦大学,208,12,12,577,40942
16401,北京师范大学-香港浸会大学联合国际学院,202,69,69,567,51101
16405,温州肯恩大学,209,23,23,537,87324
16409,深圳北理莫斯科大学,201,10,5,541,81848
16409,深圳北理莫斯科大学,202,2,0,,
16409,深圳北理莫斯科大学,203,1,0,,
16410,广东以色列理工学院,201,80,40,495,149609
16410,广东以色列理工学院,202,20,10,494,151195
16410,广东以色列理工学院,203,10,7,504,135518
18213,哈尔滨工业大学(深圳),202,341,341,647,2583
19001,北京大学医学部,203,2,2,669,451
19001,北京大学医学部,204,3,3,665,681
19001,北京大学医学部,205,25,25,672,344
19002,中国人民大学(苏州校区),209,6,6,630,6514
19004,北京交通大学(威海校区),208,3,3,579,38833
19004,北京交通大学(威海校区),209,12,12,592,27739
19013,北京邮电大学(宏福校区),203,7,7,606,17695
19013,北京邮电大学(宏福校区),204,29,29,610,15498
19027,北京师范大学(珠海校区),203,126,128,620,10551
19027,北京师范大学(珠海校区),204,70,70,617,11724
19141,大连理工大学(盘锦校区),202,5,5,603,19582
19141,大连理工大学(盘锦校区),207,6,6,597,24192
19141,大连理工大学(盘锦校区),208,4,4,592,27995
19145,东北大学秦皇岛分校,204,65,65,597,23552
19145,东北大学秦皇岛分校,206,11,11,600,22068
19213,哈尔滨工业大学(威海),201,21,21,626,8140
19213,哈尔滨工业大学(威海),203,5,5,603,19684
19246,复旦大学医学院,201,5,5,676,220
19246,复旦大学医学院,202,21,21,661,897
19248,上海交通大学医学院,201,3,4,675,251
19248,上海交通大学医学院,202,8,8,662,799
19335,浙江大学医学院,201,23,23,657,1283
19359,合肥工业大学(宣城校区),203,39,39,585,33139
19359,合肥工业大学(宣城校区),205,5,5,583,35385
19359,合肥工业大学(宣城校区),206,2,2,588,30927
19414,中国石油大学(北京)克拉玛依校区,201,23,23,561,57875
19414,中国石油大学(北京)克拉玛依校区,202,8,8,555,64937
19422,山东大学威海分校,203,49,49,609,16198
19422,山东大学威海分校,205,4,4,606,17488
19422,山东大学威海分校,211,11,11,603,19562
19422,山东大学威海分校,212,2,2,602,20294
19422,山东大学威海分校,213,2,2,600,21596
19614,电子科技大学(沙河校区),201,37,37,630,6556
19614,电子科技大学(沙河校区),203,10,10,609,15774
19614,电子科技大学(沙河校区),204,38,38,615,12900
19635,西南大学(荣昌校区),202,19,19,568,49964
19635,西南大学(荣昌校区),203,11,11,581,36478
19635,西南大学(荣昌校区),204,6,6,567,51028
51721,河北环境工程学院,203,9,9,497,147808
51721,河北环境工程学院,204,3,3,496,148762
51721,河北环境工程学院,205,3,3,494,152165
51721,河北环境工程学院,206,3,3,495,149748
80001,汕头大学医学院,211,159,159,598,23236
80001,汕头大学医学院,212,167,167,582,35942
80001,汕头大学医学院,213,100,100,530,98016
80001,汕头大学医学院,214,75,75,557,61987
80002,华南师范大学(汕尾校区),203,99,99,585,33644
80002,华南师范大学(汕尾校区),204,405,405,583,35150
80003,广东工业大学(揭阳校区),252,789,789,555,64111
80004,广东技术师范大学(河源校区),201,130,130,517,116583
91004,陆军工程大学,201,5,5,569,48939
91012,陆军军医大学,201,14,14,603,19734
91012,陆军军医大学,202,3,3,587,31844
