score,count,cum,source
680,2,12,识别，首行为合并档（累计含更高分）
677,1,13,识别
674,2,15,识别
673,1,16,识别
671,1,17,识别
670,3,20,识别
669,2,22,识别
668,1,23,识别
667,2,25,识别
666,7,32,识别
665,5,37,识别
664,3,40,识别
663,6,46,识别
662,3,49,识别
661,2,51,识别
660,9,60,识别
659,8,68,识别
658,6,74,识别
657,11,85,识别
656,11,96,识别
655,10,106,识别
654,15,121,识别
653,11,132,识别
652,16,148,识别
651,12,160,识别
650,16,176,识别
649,17,193,识别
648,20,213,识别
647,22,235,识别
646,16,251,识别
645,19,270,识别
644,23,293,识别
643,25,318,识别
642,18,336,识别
641,24,360,识别
640,19,379,识别
639,30,409,识别
638,28,437,识别
637,29,466,识别
636,31,497,识别
635,30,527,识别
634,43,570,识别
633,33,603,识别
632,38,641,识别
631,44,685,识别
630,48,733,识别
629,58,791,识别
628,58,849,识别
627,52,901,识别
626,49,950,识别
625,45,995,识别
624,74,1069,识别
623,59,1128,识别
622,65,1193,识别
621,55,1248,识别
620,63,1311,识别
619,69,1380,识别
618,82,1462,识别
617,69,1531,识别
616,101,1632,识别
615,86,1718,识别
614,79,1797,识别
613,80,1877,识别
612,70,1947,识别
611,96,2043,识别
610,88,2131,识别
609,89,2220,识别
608,98,2318,识别
607,109,2427,识别
606,121,2548,识别
605,117,2665,识别
604,116,2781,识别
603,120,2901,识别
602,115,3016,识别
601,118,3134,识别
600,141,3275,识别
599,139,3414,识别
598,128,3542,识别
597,141,3683,识别
596,157,3840,识别
595,142,3982,识别
594,128,4110,识别
593,140,4250,识别
592,163,4413,识别
591,176,4589,识别
590,164,4753,识别
589,164,4917,识别
588,163,5080,识别
587,183,5263,识别
586,158,5421,识别
585,173,5594,识别
584,216,5810,识别
583,221,6031,识别
582,191,6222,识别
581,219,6441,识别
580,195,6636,识别
579,202,6838,识别
578,212,7050,识别
577,196,7246,识别
576,203,7449,识别
575,214,7663,识别
574,225,7888,识别
573,227,8115,识别
572,217,8332,识别
571,236,8568,识别
570,231,8799,识别
569,237,9036,识别
568,238,9274,识别
567,253,9527,识别
566,262,9789,识别
565,215,10004,识别
564,231,10235,识别
563,283,10518,识别
562,261,10779,识别
561,293,11072,识别
560,260,11332,识别
559,278,11610,识别
558,285,11895,识别
557,286,12181,识别
556,255,12436,识别
555,285,12721,识别
554,284,13005,识别
553,308,13313,识别
552,268,13581,识别
551,310,13891,识别
550,318,14209,识别
549,291,14500,识别
548,287,14787,识别
547,308,15095,识别
546,345,15440,识别
545,269,15709,识别
544,299,16008,识别
543,361,16369,识别
542,300,16669,识别
541,316,16985,识别
540,318,17303,识别
539,351,17654,识别
538,328,17982,识别
537,326,18308,识别
536,285,18593,识别
535,332,18925,识别
534,319,19244,识别
533,349,19593,识别
532,362,19955,识别
531,322,20277,识别
530,330,20607,识别
529,322,20929,识别
528,322,21251,识别
527,381,21632,识别
526,371,22003,识别
525,324,22327,识别
524,325,22652,识别
523,360,23012,识别
522,343,23355,识别
521,353,23708,识别
520,346,24054,识别
519,330,24384,识别
518,355,24739,识别
517,326,25065,识别
516,355,25420,识别
515,342,25762,识别
514,347,26109,识别
513,317,26426,识别
512,384,26810,识别
511,343,27153,识别
510,351,27504,识别
509,345,27849,识别
508,340,28189,识别
507,374,28563,识别
506,340,28903,识别
505,402,29305,识别
504,384,29689,识别
503,369,30058,识别
502,374,30432,识别
501,393,30825,识别
500,340,31165,识别
499,382,31547,识别
498,396,31943,识别
497,363,32306,识别
496,392,32698,识别
495,384,33082,识别
494,376,33458,识别
493,415,33873,识别
492,402,34275,识别
491,399,34674,识别
490,377,35051,识别
489,378,35429,识别
488,366,35795,识别
487,433,36228,识别
486,404,36632,识别
485,400,37032,识别
484,387,37419,识别
483,434,37853,识别
482,364,38217,识别
481,367,38584,识别
480,413,38997,识别
479,411,39408,识别
478,411,39819,识别
477,441,40260,识别
476,430,40690,识别
475,372,41062,识别
474,405,41467,识别
473,452,41919,识别
472,406,42325,识别
471,384,42709,识别
470,386,43095,识别
469,396,43491,识别
468,420,43911,识别
467,377,44288,识别
466,439,44727,识别
465,413,45140,识别
464,418,45558,识别
463,407,45965,识别
462,452,46417,识别
461,422,46839,识别
460,437,47276,识别
459,388,47664,识别
458,425,48089,识别
457,437,48526,识别
456,447,48973,识别
455,453,49426,识别
454,488,49914,识别
453,427,50341,识别
452,429,50770,识别
451,474,51244,识别
450,469,51713,识别
449,447,52160,识别
448,488,52648,识别
447,442,53090,识别
446,436,53526,识别
445,449,53975,识别
444,458,54433,识别
443,494,54927,识别
442,474,55401,识别
441,443,55844,识别
440,470,56314,识别
439,497,56811,识别
438,452,57263,识别
437,461,57724,识别
436,449,58173,识别
435,460,58633,识别
434,487,59120,识别
433,502,59622,识别
432,483,60105,识别
431,485,60590,识别
430,477,61067,识别
429,456,61523,识别
428,461,61984,识别
427,458,62442,识别
426,476,62918,识别
425,444,63362,识别
424,471,63833,识别
423,469,64302,识别
422,482,64784,识别
421,482,65266,识别
420,450,65716,识别
419,486,66202,识别
418,503,66705,识别
417,488,67193,识别
416,489,67682,识别
415,531,68213,识别
414,465,68678,识别
413,519,69197,识别
412,482,69679,识别
411,494,70173,识别
410,514,70687,识别
409,460,71147,识别
408,474,71621,识别
407,486,72107,识别
406,483,72590,识别
405,528,73118,识别
404,475,73593,识别
403,515,74108,识别
402,492,74600,识别
401,534,75134,识别
400,521,75655,识别
399,487,76142,识别
398,514,76656,识别
397,558,77214,识别
396,491,77705,识别
395,475,78180,识别
394,519,78699,识别
393,503,79202,识别
392,515,79717,识别
391,513,80230,识别
390,508,80738,识别
389,511,81249,识别
388,549,81798,识别
387,525,82323,识别
386,475,82798,识别
385,534,83332,识别
384,546,83878,识别
383,551,84429,识别
382,532,84961,识别
381,500,85461,识别
380,508,85969,识别
379,522,86491,识别
378,545,87036,识别
377,548,87584,识别
376,525,88109,识别
375,533,88642,识别
374,522,89164,识别
373,525,89689,识别
372,545,90234,识别
371,534,90768,识别
370,524,91292,识别
369,489,91781,识别
368,517,92298,识别
367,575,92873,识别
366,526,93399,识别
365,492,93891,识别
364,511,94402,识别
363,511,94913,识别
362,521,95434,识别
361,523,95957,识别
360,547,96504,识别
359,527,97031,识别
358,542,97573,识别
357,495,98068,识别
356,516,98584,识别
355,554,99138,识别
354,489,99627,识别
353,474,100101,识别
352,557,100658,识别
351,492,101150,识别
350,508,101658,识别
349,560,102218,识别
348,499,102717,识别
347,570,103287,识别
346,541,103828,识别
345,510,104338,识别
344,548,104886,识别
343,538,105424,识别
342,531,105955,识别
341,554,106509,识别
340,547,107056,识别
339,526,107582,识别
338,550,108132,识别
337,508,108640,识别
336,488,109128,识别
335,498,109626,识别
334,508,110134,识别
333,484,110618,识别
332,492,111110,识别
331,506,111616,识别
330,528,112144,识别
329,476,112620,识别
328,500,113120,识别
327,513,113633,识别
326,459,114092,识别
325,498,114590,识别
324,474,115064,识别
323,497,115561,识别
322,471,116032,识别
321,460,116492,识别
320,509,117001,识别
319,480,117481,识别
318,476,117957,识别
317,464,118421,识别
316,469,118890,识别
315,432,119322,识别
314,434,119756,识别
313,470,120226,识别
312,452,120678,识别
311,479,121157,识别
310,428,121585,识别
309,444,122029,识别
308,407,122436,识别
307,436,122872,识别
306,413,123285,识别
305,464,123749,识别
304,442,124191,识别
303,441,124632,识别
302,450,125082,识别
301,434,125516,识别
300,387,125903,识别
299,427,126330,识别
298,392,126722,识别
297,378,127100,识别
296,373,127473,识别
295,404,127877,识别
294,363,128240,识别
293,390,128630,识别
292,364,128994,识别
291,373,129367,识别
290,343,129710,识别
289,377,130087,识别
288,324,130411,识别
287,335,130746,识别
286,360,131106,识别
285,362,131468,识别
284,343,131811,识别
283,340,132151,识别
282,340,132491,识别
281,328,132819,识别
280,299,133118,识别
279,321,133439,识别
278,325,133764,识别
277,291,134055,识别
276,326,134381,识别
275,311,134692,识别
274,263,134955,识别
273,269,135224,识别
272,284,135508,识别
271,263,135771,识别
270,253,136024,识别
269,278,136302,识别
268,248,136550,识别
267,265,136815,识别
266,261,137076,识别
265,229,137305,识别
264,254,137559,识别
263,232,137791,识别
262,216,138007,识别
261,237,138244,识别
260,229,138473,识别
259,216,138689,识别
258,185,138874,识别
257,217,139091,识别
256,222,139313,识别
255,196,139509,识别
254,208,139717,识别
253,184,139901,识别
252,182,140083,识别
251,206,140289,识别
250,186,140475,识别
249,152,140627,识别
248,194,140821,识别
247,165,140986,识别
246,153,141139,识别
245,147,141286,识别
244,161,141447,识别
243,149,141596,识别
242,166,141762,识别
241,144,141906,识别
240,153,142059,识别
239,142,142201,识别
238,156,142357,识别
237,126,142483,识别
236,142,142625,识别
235,107,142732,识别
234,139,142871,识别
233,116,142987,识别
232,128,143115,识别
231,110,143225,识别
230,120,143345,识别
229,107,143452,识别
228,103,143555,识别
227,97,143652,识别
226,88,143740,识别
225,96,143836,识别
224,87,143923,识别
223,81,144004,识别
222,91,144095,识别
221,90,144185,识别
220,91,144276,识别
219,71,144347,识别
218,86,144433,识别
217,71,144504,识别
216,69,144573,识别
215,78,144651,识别
214,68,144719,识别
213,72,144791,识别
212,76,144867,识别
211,65,144932,识别
210,46,144978,识别
209,50,145028,识别
208,53,145081,识别
207,52,145133,识别
206,54,145187,识别
205,59,145246,识别
204,51,145297,识别
203,48,145345,识别
202,39,145384,识别
201,50,145434,识别
200,48,145482,识别
199,40,145522,识别
198,43,145565,识别
197,36,145601,识别
196,37,145638,识别
195,40,145678,识别
194,29,145707,识别
193,42,145749,识别
192,40,145789,识别
191,30,145819,识别
190,30,145849,识别
189,32,145881,识别
188,29,145910,识别
187,33,145943,识别
186,27,145970,识别
185,28,145998,识别
184,24,146022,识别
183,27,146049,识别
182,27,146076,识别
181,28,146104,识别
180,17,146121,识别
179,30,146151,识别
178,15,146166,识别
177,24,146190,识别
176,25,146215,识别
175,27,146242,识别
174,17,146259,识别
173,19,146278,识别
172,22,146300,识别
171,22,146322,识别
170,18,146340,识别
169,9,146349,识别
168,16,146365,识别
167,22,146387,识别
166,19,146406,识别
165,20,146426,识别
164,27,146453,识别
163,17,146470,识别
162,9,146479,识别
161,16,146495,识别
160,10,146505,识别
159,5,146510,识别
158,6,146516,识别
157,8,146524,识别
156,6,146530,识别
155,10,146540,识别
154,10,146550,识别
153,8,146558,识别
152,11,146569,识别
151,8,146577,识别
150,7,146584,识别
