code,name,group,major,plan,admit,score,rank
1001,福建福耀科技大学,500,选考化学,,,629,5008
1002,福建技术师范学院,500,选考化学,,,504,66452
1002,福建技术师范学院,999,不限选考科目,,,498,71202
1003,福建技术师范学院（闽台合作）,500,选考化学,,,489,78616
1004,福建江夏学院,500,选考化学,,,521,53711
1004,福建江夏学院,999,不限选考科目,,,512,60283
1005,福建江夏学院（国际课程项目）,999,不限选考科目,,,484,82760
1006,福建江夏学院（闽台合作）,500,选考化学,,,514,58785
1006,福建江夏学院（闽台合作）,999,不限选考科目,,,502,67989
1008,福建警察学院,500,选考化学,,,524,51599
1008,福建警察学院,999,不限选考科目,,,521,53711
1030,福建理工大学,500,选考化学,,,546,37396
1030,福建理工大学,999,不限选考科目,,,538,42366
1031,福建理工大学（闽台合作）,500,选考化学,,,535,44290
1031,福建理工大学（闽台合作）,999,不限选考科目,,,528,48837
1032,福建理工大学（中外合作）,500,选考化学,,,514,58785
1033,福建农林大学,500,选考化学,,,542,39897
1033,福建农林大学,600,选考生物学,,,550,35037
1033,福建农林大学,999,不限选考科目,,,541,40511
1034,福建农林大学（定向专业，长乐区）,500,选考化学,,,600,12735
1035,福建农林大学（定向专业，长汀县）,500,选考化学,,,576,22059
1036,福建农林大学（定向专业，福清市）,500,选考化学,,,616,7919
1037,福建农林大学（定向专业，华安县）,500,选考化学,,,582,19495
1038,福建农林大学（定向专业，建宁县）,500,选考化学,,,582,19495
1039,福建农林大学（定向专业，连城县）,500,选考化学,,,561,29212
1040,福建农林大学（定向专业，闽侯县）,500,选考化学,,,595,14450
1041,福建农林大学（定向专业，闽清县）,500,选考化学,,,609,9900
1042,福建农林大学（定向专业，明溪县）,500,选考化学,,,569,25291
1043,福建农林大学（定向专业，宁化县）,500,选考化学,,,584,18650
1044,福建农林大学（定向专业，上杭县）,500,选考化学,,,584,18650
1045,福建农林大学（定向专业，邵武市）,500,选考化学,,,580,20313
1046,福建农林大学（定向专业，新罗区）,500,选考化学,,,574,22981
1047,福建农林大学（定向专业，永定区）,500,选考化学,,,583,19062
1048,福建农林大学（定向专业，永泰县）,500,选考化学,,,570,24825
1049,福建农林大学（定向专业，尤溪县）,500,选考化学,,,586,17831
1050,福建农林大学（定向专业，漳平市）,500,选考化学,,,590,16253
1051,福建农林大学（闽台合作）,500,选考化学,,,548,36213
1051,福建农林大学（闽台合作）,999,不限选考科目,,,541,40511
1052,福建农林大学（中外合作）,500,选考化学,,,525,50881
1052,福建农林大学（中外合作）,999,不限选考科目,,,507,64125
1053,福建农林大学金山学院,500,选考化学,,,474,91278
1053,福建农林大学金山学院,600,选考生物学,,,473,92111
1053,福建农林大学金山学院,999,不限选考科目,,,472,92964
1054,福建农林大学金山学院（闽台合作）,999,不限选考科目,,,470,94712
1055,福建农林大学金山学院（中外合作）,999,不限选考科目,,,467,97377
1056,福建商学院,500,选考化学,,,499,70339
1056,福建商学院,999,不限选考科目,,,491,76979
1058,福建商学院（闽台合作）,500,选考化学,,,493,75303
1058,福建商学院（闽台合作）,999,不限选考科目,,,483,83635
1059,福建师范大学,500,选考化学,,,576,22059
1059,福建师范大学,516,选考化学且生物学,,,562,28701
1059,福建师范大学,900,选考地理,,,571,24364
1059,福建师范大学,999,不限选考科目,,,567,26218
1070,福建师范大学（闽台合作）,999,不限选考科目,,,523,52278
1072,福建师范大学（中日合作）,500,选考化学,,,557,31329
1074,福建师范大学（中英合作）,500,选考化学,,,554,32905
1075,福建师范大学协和学院,500,选考化学,,,480,86154
1075,福建师范大学协和学院,999,不限选考科目,,,475,90360
1076,福建师范大学协和学院（国际课程项目）,999,不限选考科目,,,469,95545
1077,福建医科大学（临床医学5+3一体化）,516,选考化学且生物学,,,617,7670
1078,福建医科大学,500,选考化学,,,526,50184
1078,福建医科大学,516,选考化学且生物学,,,545,37957
1078,福建医科大学,999,不限选考科目,,,534,44918
1085,福建中医药大学,500,选考化学,,,525,50881
1085,福建中医药大学,600,选考生物学,,,534,44918
1085,福建中医药大学,999,不限选考科目,,,522,53007
1090,福建中医药大学（护理学）,600,选考生物学,,,520,54409
1091,福建中医药大学（闽台合作）,500,选考化学,,,516,57329
1091,福建中医药大学（闽台合作）,999,不限选考科目,,,508,63376
1092,福建中医药大学（中外合作）,600,选考生物学,,,498,71202
1093,福州大学,500,选考化学,,,600,12735
1093,福州大学,516,选考化学且生物学,,,616,7919
1093,福州大学,900,选考地理,,,593,15145
1093,福州大学,999,不限选考科目,,,594,14801
1094,福州大学（地矿专业）,500,选考化学,,,580,20313
1095,福州大学（面向福州）,500,选考化学,,,615,8194
1096,福州大学（面向泉州）,500,选考化学,,,596,14083
1098,福州大学（闽台合作）,500,选考化学,,,592,15507
1098,福州大学（闽台合作）,999,不限选考科目,,,572,23889
1099,福州大学（中外合作）,500,选考化学,,,585,18234
1100,福州大学至诚学院,500,选考化学,,,480,86154
1100,福州大学至诚学院,999,不限选考科目,,,481,85345
1101,福州工商学院,500,选考化学,,,441,119155
1101,福州工商学院,999,不限选考科目,,,441,119155
1102,福州理工学院,500,选考化学,,,441,119155
1102,福州理工学院,999,不限选考科目,,,441,119155
1103,福州外语外贸学院,500,选考化学,,,441,119155
1103,福州外语外贸学院,999,不限选考科目,,,441,119155
1105,华侨大学,500,选考化学,,,572,23889
1105,华侨大学,999,不限选考科目,,,546,37396
1106,华侨大学（临床医学）,500,选考化学,,,571,24364
1107,华侨大学（面向泉州）,500,选考化学,,,570,24825
1107,华侨大学（面向泉州）,999,不限选考科目,,,548,36213
1108,华侨大学（面向泉州，中外联培项目）,999,不限选考科目,,,527,49465
1109,华侨大学（面向厦门）,500,选考化学,,,566,26736
1109,华侨大学（面向厦门）,999,不限选考科目,,,548,36213
1110,华侨大学（面向厦门，中外联培项目）,999,不限选考科目,,,542,39897
1111,集美大学,500,选考化学,,,549,35614
1111,集美大学,516,选考化学且生物学,,,542,39897
1111,集美大学,900,选考地理,,,557,31329
1111,集美大学,999,不限选考科目,,,548,36213
1113,集美大学（面向厦门）,500,选考化学,,,554,32905
1113,集美大学（面向厦门）,516,选考化学且生物学,,,542,39897
1113,集美大学（面向厦门）,900,选考地理,,,551,34510
1113,集美大学（面向厦门）,999,不限选考科目,,,550,35037
1114,集美大学诚毅学院,500,选考化学,,,479,86939
1114,集美大学诚毅学院,999,不限选考科目,,,482,84464
1116,黎明职业大学,999,不限选考科目,,,494,74485
1119,龙岩学院,500,选考化学,,,495,73670
1119,龙岩学院,999,不限选考科目,,,496,72818
1120,龙岩学院（面向龙岩）,500,选考化学,,,492,76112
1120,龙岩学院（面向龙岩）,999,不限选考科目,,,492,76112
1121,闽江学院,500,选考化学,,,533,45540
1121,闽江学院,900,选考地理,,,520,54409
1121,闽江学院,999,不限选考科目,,,523,52278
1122,闽江学院（面向福州）,500,选考化学,,,527,49465
1122,闽江学院（面向福州）,900,选考地理,,,521,53711
1122,闽江学院（面向福州）,999,不限选考科目,,,527,49465
1123,闽江学院（闽台合作）,999,不限选考科目,,,508,63376
1124,闽江学院（新华都商学院）,999,不限选考科目,,,530,47532
1125,闽江学院（中外合作）,500,选考化学,,,497,72041
1125,闽江学院（中外合作）,999,不限选考科目,,,479,86939
1126,闽南科技学院,500,选考化学,,,455,107492
1126,闽南科技学院,999,不限选考科目,,,459,104060
1127,闽南理工学院,500,选考化学,,,450,111729
1127,闽南理工学院,999,不限选考科目,,,443,117511
1128,闽南师范大学,500,选考化学,,,523,52278
1128,闽南师范大学,600,选考生物学,,,510,61799
1128,闽南师范大学,999,不限选考科目,,,518,55877
1129,闽南师范大学（闽台合作）,999,不限选考科目,,,504,66452
1130,闽南师范大学（中高计划1）,500,选考化学,,,479,86939
1130,闽南师范大学（中高计划1）,999,不限选考科目,,,471,93819
1131,闽南师范大学（中高计划2）,999,不限选考科目,,,461,102421
1132,闽南师范大学（中美合作）,500,选考化学,,,472,92964
1132,闽南师范大学（中美合作）,999,不限选考科目,,,455,107492
1134,宁德师范学院,500,选考化学,,,503,67246
1134,宁德师范学院,600,选考生物学,,,498,71202
1134,宁德师范学院,999,不限选考科目,,,502,67989
1135,宁德师范学院（面向宁德）,500,选考化学,,,493,75303
1135,宁德师范学院（面向宁德）,600,选考生物学,,,489,78616
1135,宁德师范学院（面向宁德）,999,不限选考科目,,,492,76112
1136,宁德师范学院（闽台合作）,500,选考化学,,,487,80259
1136,宁德师范学院（闽台合作）,999,不限选考科目,,,485,81945
1137,莆田学院,500,选考化学,,,510,61799
1137,莆田学院,600,选考生物学,,,497,72041
1137,莆田学院,999,不限选考科目,,,506,64873
1142,莆田学院（临床及口腔）,500,选考化学,,,532,46183
1143,莆田学院（面向莆田）,500,选考化学,,,510,61799
1143,莆田学院（面向莆田）,600,选考生物学,,,488,79451
1143,莆田学院（面向莆田）,999,不限选考科目,,,503,67246
1144,莆田学院（面向莆田，临床及口腔）,500,选考化学,,,527,49465
1145,莆田学院（闽台合作）,600,选考生物学,,,494,74485
1146,莆田学院（中外合作）,999,不限选考科目,,,481,85345
1147,泉州师范学院,500,选考化学,,,520,54409
1147,泉州师范学院,900,选考地理,,,512,60283
1147,泉州师范学院,999,不限选考科目,,,511,61013
1149,泉州师范学院（面向泉州）,500,选考化学,,,518,55877
1149,泉州师范学院（面向泉州）,900,选考地理,,,510,61799
1149,泉州师范学院（面向泉州）,999,不限选考科目,,,512,60283
1150,泉州师范学院（闽台合作）,500,选考化学,,,495,73670
1150,泉州师范学院（闽台合作）,999,不限选考科目,,,486,81079
1151,泉州师范学院（软件类）,500,选考化学,,,522,53007
1152,泉州信息工程学院,500,选考化学,,,461,102421
1152,泉州信息工程学院,999,不限选考科目,,,464,99902
1153,泉州信息工程学院（中外合作）,500,选考化学,,,459,104060
1154,泉州职业技术大学,999,不限选考科目,,,448,113439
1155,三明学院,500,选考化学,,,499,70339
1155,三明学院,999,不限选考科目,,,496,72818
1159,三明学院（国际课程项目）,500,选考化学,,,468,96446
1159,三明学院（国际课程项目）,999,不限选考科目,,,490,77780
1160,三明学院（面向三明）,500,选考化学,,,488,79451
1160,三明学院（面向三明）,999,不限选考科目,,,486,81079
1161,三明学院（闽台合作）,500,选考化学,,,483,83635
1161,三明学院（闽台合作）,999,不限选考科目,,,498,71202
1162,武夷学院,500,选考化学,,,491,76979
1162,武夷学院,999,不限选考科目,,,494,74485
1166,武夷学院（面向南平）,500,选考化学,,,488,79451
1166,武夷学院（面向南平）,999,不限选考科目,,,488,79451
1167,武夷学院（闽台合作）,500,选考化学,,,486,81079
1167,武夷学院（闽台合作）,999,不限选考科目,,,484,82760
1168,厦门大学,500,选考化学,,,640,3113
1168,厦门大学,700,选考思想政治,,,627,5412
1168,厦门大学,999,不限选考科目,,,630,4805
1169,厦门大学（马来西亚分校）,500,选考化学,,,589,16625
1169,厦门大学（马来西亚分校）,999,不限选考科目,,,596,14083
1170,厦门大学（面向厦门）,500,选考化学,,,637,3545
1171,厦门大学（面向漳州）,500,选考化学,,,631,4611
1172,厦门大学（试验班）,500,选考化学,,,629,5008
1173,厦门大学（医学类）,500,选考化学,,,617,7670
1174,厦门大学嘉庚学院,500,选考化学,,,485,81945
1174,厦门大学嘉庚学院,999,不限选考科目,,,482,84464
1175,厦门工学院,500,选考化学,,,441,119155
1175,厦门工学院,999,不限选考科目,,,441,119155
1176,厦门华厦学院,500,选考化学,,,441,119155
1176,厦门华厦学院,999,不限选考科目,,,441,119155
1177,厦门理工学院,500,选考化学,,,540,41148
1177,厦门理工学院,999,不限选考科目,,,533,45540
1178,厦门理工学院（国际课程项目）,500,选考化学,,,536,43666
1178,厦门理工学院（国际课程项目）,999,不限选考科目,,,519,55133
1179,厦门理工学院（面向厦门）,500,选考化学,,,528,48837
1179,厦门理工学院（面向厦门）,999,不限选考科目,,,526,50184
1181,厦门理工学院（闽台合作）,999,不限选考科目,,,522,53007
1182,厦门理工学院（闽台合作，面向厦门）,999,不限选考科目,,,520,54409
1184,厦门医学院,500,选考化学,,,508,63376
1184,厦门医学院,600,选考生物学,,,505,65653
1184,厦门医学院,999,不限选考科目,,,517,56618
1189,仰恩大学,500,选考化学,,,469,95545
1189,仰恩大学,999,不限选考科目,,,466,98212
1190,阳光学院,500,选考化学,,,441,119155
1190,阳光学院,999,不限选考科目,,,441,119155
1191,阳光学院（中外合作）,999,不限选考科目,,,445,115833
2192,安徽财经大学,500,选考化学,,,547,36813
2192,安徽财经大学,999,不限选考科目,,,524,51599
2193,安徽大学,500,选考化学,,,601,12436
2194,安徽大学（中外合作）,500,选考化学,,,581,19899
2195,安徽工程大学,500,选考化学,,,522,53007
2195,安徽工程大学,999,不限选考科目,,,518,55877
2196,安徽工程大学（中外合作）,500,选考化学,,,530,47532
2197,安徽工业大学,500,选考化学,,,540,41148
2197,安徽工业大学,999,不限选考科目,,,541,40511
2198,安徽建筑大学,500,选考化学,,,520,54409
2198,安徽建筑大学,999,不限选考科目,,,513,59514
2199,安徽科技学院,500,选考化学,,,501,68791
2199,安徽科技学院,900,选考地理,,,508,63376
2199,安徽科技学院,999,不限选考科目,,,503,67246
2200,安徽理工大学,500,选考化学,,,543,39235
2200,安徽理工大学,999,不限选考科目,,,527,49465
2201,安徽理工大学（中外合作）,500,选考化学,,,544,38598
2202,安徽农业大学,500,选考化学,,,524,51599
2202,安徽农业大学,999,不限选考科目,,,535,44290
2203,安徽师范大学,500,选考化学,,,523,52278
2203,安徽师范大学,999,不限选考科目,,,519,55133
2204,安徽外国语学院,999,不限选考科目,,,458,104965
2205,安徽新华学院,500,选考化学,,,466,98212
2205,安徽新华学院,999,不限选考科目,,,448,113439
2206,安徽信息工程学院,500,选考化学,,,462,101574
2207,安徽医科大学,500,选考化学,,,523,52278
2207,安徽医科大学,999,不限选考科目,,,517,56618
2208,安徽医科大学临床医学院,500,选考化学,,,486,81079
2210,安徽中医药大学,500,选考化学,,,520,54409
2210,安徽中医药大学,999,不限选考科目,,,518,55877
2211,安康学院,500,选考化学,,,487,80259
2213,安庆师范大学（中外合作）,500,选考化学,,,492,76112
2214,鞍山师范学院,500,选考化学,,,493,75303
2214,鞍山师范学院,700,选考思想政治,,,502,67989
2214,鞍山师范学院,999,不限选考科目,,,536,43666
2215,安顺学院,500,选考化学,,,495,73670
2215,安顺学院,999,不限选考科目,,,496,72818
2216,安阳工学院,500,选考化学,,,489,78616
2217,安阳工学院（中外合作）,500,选考化学,,,482,84464
2217,安阳工学院（中外合作）,999,不限选考科目,,,470,94712
2218,安阳师范学院,500,选考化学,,,496,72818
2219,白城师范学院,500,选考化学,,,485,81945
2219,白城师范学院,900,选考地理,,,489,78616
2219,白城师范学院,999,不限选考科目,,,487,80259
2221,百色学院,500,选考化学,,,489,78616
2221,百色学院,999,不限选考科目,,,493,75303
2222,蚌埠工商学院,999,不限选考科目,,,481,85345
2223,蚌埠学院,500,选考化学,,,499,70339
2223,蚌埠学院,999,不限选考科目,,,501,68791
2224,蚌埠医科大学,500,选考化学,,,559,30293
2225,保定理工学院,500,选考化学,,,465,99057
2225,保定理工学院,999,不限选考科目,,,455,107492
2226,保定学院,500,选考化学,,,491,76979
2226,保定学院,999,不限选考科目,,,496,72818
2227,宝鸡文理学院,500,选考化学,,,497,72041
2228,北部湾大学,500,选考化学,,,512,60283
2228,北部湾大学,999,不限选考科目,,,510,61799
2229,北部湾大学（中外合作）,500,选考化学,,,491,76979
2230,北方工业大学,500,选考化学,,,584,18650
2231,北方工业大学（中外合作）,500,选考化学,,,565,27225
2232,北方民族大学,500,选考化学,,,507,64125
2232,北方民族大学,999,不限选考科目,,,489,78616
2233,北方民族大学（中外合作）,500,选考化学,,,515,58055
2234,北海艺术设计学院,999,不限选考科目,,,441,119155
2235,北华大学,500,选考化学,,,494,74485
2235,北华大学,516,选考化学且生物学,,,547,36813
2235,北华大学,999,不限选考科目,,,487,80259
2236,北华大学（国创）,999,不限选考科目,,,502,67989
2237,北华大学（中外合作）,500,选考化学,,,520,54409
2238,北华航天工业学院,500,选考化学,,,521,53711
2238,北华航天工业学院,999,不限选考科目,,,502,67989
2239,北京城市学院,500,选考化学,,,466,98212
2240,北京大学,500,选考化学,,,686,73
2241,北京大学医学部,500,选考化学,,,667,577
2241,北京大学医学部,999,不限选考科目,,,670,458
2242,北京第二外国语学院,999,不限选考科目,,,564,27712
2243,北京电影学院,999,不限选考科目,,,579,20738
2245,北京电影学院（艺术学门类）,999,不限选考科目,,,582,19495
2248,北京服装学院,500,选考化学,,,559,30293
2249,北京工商大学,500,选考化学,,,561,29212
2250,北京工业大学,500,选考化学,,,620,6942
2251,北京工业大学（中外合作）,999,不限选考科目,,,579,20738
2252,北京工业大学耿丹学院,500,选考化学,,,483,83635
2252,北京工业大学耿丹学院,999,不限选考科目,,,463,100752
2253,北京航空航天大学,500,选考化学,,,661,891
2254,北京航空航天大学（中外合作）,500,选考化学,,,642,2817
2256,北京化工大学（物化组1）,500,选考化学,,,614,8461
2257,北京化工大学（物化组2）,500,选考化学,,,606,10843
2258,北京化工大学（物化组3）,500,选考化学,,,610,9599
2259,北京化工大学（中外合作）,500,选考化学,,,583,19062
2260,北京建筑大学,500,选考化学,,,556,31880
2260,北京建筑大学,999,不限选考科目,,,566,26736
2261,北京交通大学,500,选考化学,,,626,5610
2262,北京交通大学（詹天佑试点班1）,500,选考化学,,,641,2960
2263,北京交通大学（詹天佑试点班2）,500,选考化学,,,641,2960
2264,北京交通大学（中外合作1）,500,选考化学,,,608,10196
2265,北京交通大学（中外合作2）,500,选考化学,,,609,9900
2266,北京交通大学（中外合作3）,500,选考化学,,,609,9900
2267,北京交通大学（威海校区）,500,选考化学,,,583,19062
2267,北京交通大学（威海校区）,999,不限选考科目,,,588,17024
2268,北京科技大学,999,不限选考科目,,,620,6942
2269,北京科技大学（物化组1）,500,选考化学,,,625,5813
2270,北京科技大学（物化组2）,500,选考化学,,,622,6483
2271,北京科技大学天津学院,999,不限选考科目,,,478,87828
2272,北京理工大学,500,选考化学,,,659,1024
2273,北京理工大学（物化组1）,500,选考化学,,,665,662
2274,北京理工大学（中外合作）,500,选考化学,,,634,4065
2274,北京理工大学（中外合作）,999,不限选考科目,,,625,5813
2275,北京联合大学,500,选考化学,,,573,23443
2275,北京联合大学,900,选考地理,,,562,28701
2279,北京林业大学（物理组1）,500,选考化学,,,586,17831
2279,北京林业大学（物理组1）,600,选考生物学,,,594,14801
2279,北京林业大学（物理组1）,900,选考地理,,,593,15145
2279,北京林业大学（物理组1）,999,不限选考科目,,,589,16625
2280,北京林业大学（物理组2）,500,选考化学,,,609,9900
2280,北京林业大学（物理组2）,999,不限选考科目,,,592,15507
2281,北京林业大学（物理组3）,500,选考化学,,,589,16625
2282,北京林业大学（中外合作）,500,选考化学,,,573,23443
2283,北京师范大学,500,选考化学,,,633,4244
2283,北京师范大学,700,选考思想政治,,,626,5610
2283,北京师范大学,999,不限选考科目,,,630,4805
2285,北京师范大学（珠海校区）,500,选考化学,,,630,4805
2285,北京师范大学（珠海校区）,999,不限选考科目,,,632,4442
2286,北京石油化工学院,500,选考化学,,,553,33405
2287,北京体育大学,500,选考化学,,,593,15145
2287,北京体育大学,999,不限选考科目,,,588,17024
2288,北京体育大学（中外合作）,999,不限选考科目,,,541,40511
2289,北京外国语大学,500,选考化学,,,619,7186
2289,北京外国语大学,700,选考思想政治,,,609,9900
2289,北京外国语大学,999,不限选考科目,,,613,8716
2293,北京物资学院,500,选考化学,,,548,36213
2294,北京协和医学院,500,选考化学,,,602,12115
2295,北京信息科技大学,500,选考化学,,,594,14801
2295,北京信息科技大学,999,不限选考科目,,,588,17024
2296,北京信息科技大学（中外合作）,500,选考化学,,,565,27225
2297,北京印刷学院,500,选考化学,,,532,46183
2297,北京印刷学院,999,不限选考科目,,,545,37957
2298,北京邮电大学,500,选考化学,,,641,2960
2299,北京邮电大学（元班）,500,选考化学,,,655,1362
2300,北京邮电大学（中外合作1）,500,选考化学,,,626,5610
2301,北京邮电大学（中外合作2）,500,选考化学,,,603,11774
2302,北京语言大学,500,选考化学,,,592,15507
2302,北京语言大学,999,不限选考科目,,,577,21588
2303,北京语言大学（中外合作）,999,不限选考科目,,,508,63376
2304,北京中医药大学,500,选考化学,,,594,14801
2304,北京中医药大学,999,不限选考科目,,,595,14450
2305,北京中医药大学东方学院,500,选考化学,,,473,92111
2305,北京中医药大学东方学院,600,选考生物学,,,487,80259
2305,北京中医药大学东方学院,999,不限选考科目,,,484,82760
2306,北师香港浸会大学,500,选考化学,,,563,28208
2306,北师香港浸会大学,999,不限选考科目,,,555,32381
2307,滨州医学院,500,选考化学,,,514,58785
2308,渤海大学,999,不限选考科目,,,523,52278
2310,渤海大学（物理组1）,500,选考化学,,,517,56618
2311,沧州交通学院,500,选考化学,,,460,103242
2311,沧州交通学院,999,不限选考科目,,,457,105800
2312,沧州师范学院,500,选考化学,,,496,72818
2312,沧州师范学院,999,不限选考科目,,,483,83635
2313,长安大学,500,选考化学,,,593,15145
2313,长安大学,999,不限选考科目,,,585,18234
2314,长安大学（中爱合作）,500,选考化学,,,567,26218
2315,长安大学（中法合作）,500,选考化学,,,580,20313
2316,长春财经学院,999,不限选考科目,,,445,115833
2317,长春大学,500,选考化学,,,518,55877
2317,长春大学,999,不限选考科目,,,522,53007
2318,长春大学（中俄）,999,不限选考科目,,,479,86939
2319,长春大学（中外合作1）,500,选考化学,,,494,74485
2320,长春大学（中外合作2）,500,选考化学,,,474,91278
2321,长春大学旅游学院,500,选考化学,,,452,110007
2321,长春大学旅游学院,999,不限选考科目,,,441,119155
2322,长春电子科技学院,500,选考化学,,,445,115833
2323,长春工程学院,500,选考化学,,,482,84464
2323,长春工程学院,999,不限选考科目,,,479,86939
2324,长春工程学院（中外合作）,500,选考化学,,,460,103242
2325,长春工业大学,500,选考化学,,,509,62571
2325,长春工业大学,999,不限选考科目,,,511,61013
2326,长春工业大学（中外合作）,500,选考化学,,,533,45540
2326,长春工业大学（中外合作）,999,不限选考科目,,,525,50881
2327,长春工业大学人文信息学院,500,选考化学,,,446,115031
2327,长春工业大学人文信息学院,999,不限选考科目,,,441,119155
2328,长春光华学院,500,选考化学,,,448,113439
2328,长春光华学院,999,不限选考科目,,,457,105800
2329,长春建筑学院,500,选考化学,,,441,119155
2329,长春建筑学院,999,不限选考科目,,,441,119155
2330,长春科技学院,500,选考化学,,,453,109170
2330,长春科技学院,999,不限选考科目,,,475,90360
2331,长春理工大学,500,选考化学,,,547,36813
2331,长春理工大学,999,不限选考科目,,,528,48837
2332,长春理工大学（中外合作1）,500,选考化学,,,542,39897
2333,长春理工大学（中外合作2）,500,选考化学,,,504,66452
2334,长春汽车职业技术大学,999,不限选考科目,,,498,71202
2335,长春人文学院,500,选考化学,,,469,95545
2336,长春师范大学,500,选考化学,,,517,56618
2336,长春师范大学,900,选考地理,,,521,53711
2336,长春师范大学,999,不限选考科目,,,494,74485
2337,长春中医药大学,500,选考化学,,,553,33405
2337,长春中医药大学,999,不限选考科目,,,542,39897
2338,常德学院,500,选考化学,,,454,108322
2339,昌吉学院,500,选考化学,,,482,84464
2340,长江大学,500,选考化学,,,540,41148
2341,长江大学（中外合作）,500,选考化学,,,498,71202
2342,长江大学文理学院,500,选考化学,,,484,82760
2342,长江大学文理学院,999,不限选考科目,,,483,83635
2343,长江师范学院,500,选考化学,,,501,68791
2343,长江师范学院,999,不限选考科目,,,505,65653
2344,长沙工业学院,500,选考化学,,,516,57329
2345,长沙理工大学,500,选考化学,,,559,30293
2345,长沙理工大学,999,不限选考科目,,,557,31329
2346,长沙师范学院,500,选考化学,,,517,56618
2346,长沙师范学院,999,不限选考科目,,,510,61799
2347,长沙学院,500,选考化学,,,527,49465
2348,长沙医学院,500,选考化学,,,477,88668
2348,长沙医学院,999,不限选考科目,,,488,79451
2349,长治学院,500,选考化学,,,488,79451
2349,长治学院,999,不限选考科目,,,490,77780
2350,长治医学院,500,选考化学,,,517,56618
2350,长治医学院,600,选考生物学,,,500,69546
2350,长治医学院,999,不限选考科目,,,498,71202
2351,常州大学,500,选考化学,,,549,35614
2351,常州大学,999,不限选考科目,,,545,37957
2352,常州大学怀德学院,500,选考化学,,,470,94712
2353,常州工学院,500,选考化学,,,522,53007
2353,常州工学院,999,不限选考科目,,,514,58785
2354,承德医学院,500,选考化学,,,547,36813
2354,承德医学院,600,选考生物学,,,503,67246
2355,成都大学,500,选考化学,,,560,29717
2355,成都大学,700,选考思想政治,,,573,23443
2355,成都大学,999,不限选考科目,,,552,33956
2356,成都大学（中外合作1）,500,选考化学,,,542,39897
2356,成都大学（中外合作1）,999,不限选考科目,,,531,46854
2357,成都大学（中外合作2）,500,选考化学,,,553,33405
2358,成都东软学院,500,选考化学,,,473,92111
2358,成都东软学院,999,不限选考科目,,,472,92964
2359,成都工业学院,500,选考化学,,,536,43666
2360,成都锦城学院,500,选考化学,,,482,84464
2360,成都锦城学院,999,不限选考科目,,,476,89467
2361,成都理工大学,500,选考化学,,,569,25291
2361,成都理工大学,999,不限选考科目,,,560,29717
2362,成都理工大学工程技术学院,500,选考化学,,,480,86154
2363,成都师范学院,500,选考化学,,,511,61013
2363,成都师范学院,999,不限选考科目,,,518,55877
2364,成都体育学院,500,选考化学,,,509,62571
2364,成都体育学院,999,不限选考科目,,,509,62571
2365,成都外国语学院,999,不限选考科目,,,462,101574
2366,成都文理学院,500,选考化学,,,469,95545
2366,成都文理学院,999,不限选考科目,,,467,97377
2367,成都信息工程大学,500,选考化学,,,585,18234
2367,成都信息工程大学,999,不限选考科目,,,456,106608
2370,成都医学院,500,选考化学,,,515,58055
2370,成都医学院,516,选考化学且生物学,,,524,51599
2371,成都银杏酒店管理学院,600,选考生物学,,,457,105800
2371,成都银杏酒店管理学院,999,不限选考科目,,,459,104060
2372,成都中医药大学,500,选考化学,,,544,38598
2372,成都中医药大学,999,不限选考科目,,,587,17424
2373,成都中医药大学（中高计划）,500,选考化学,,,539,41729
2374,成都中医药大学（中外合作）,500,选考化学,,,520,54409
2375,池州学院,500,选考化学,,,504,66452
2376,重庆财经学院,500,选考化学,,,484,82760
2376,重庆财经学院,999,不限选考科目,,,504,66452
2378,重庆大学,500,选考化学,,,628,5221
2379,重庆大学（边防子女预科班）,500,选考化学,,,574,22981
2381,重庆大学（中外合作）,500,选考化学,,,618,7421
2382,重庆第二师范学院,500,选考化学,,,519,55133
2382,重庆第二师范学院,999,不限选考科目,,,502,67989
2383,重庆对外经贸学院,500,选考化学,,,474,91278
2383,重庆对外经贸学院,900,选考地理,,,472,92964
2383,重庆对外经贸学院,999,不限选考科目,,,470,94712
2384,重庆工程学院,500,选考化学,,,489,78616
2384,重庆工程学院,999,不限选考科目,,,490,77780
2385,重庆工商大学,500,选考化学,,,543,39235
2385,重庆工商大学,600,选考生物学,,,522,53007
2385,重庆工商大学,999,不限选考科目,,,532,46183
2386,重庆工商大学（中外）,999,不限选考科目,,,529,48168
2387,重庆机电职业技术大学,999,不限选考科目,,,479,86939
2388,重庆交通大学,500,选考化学,,,561,29212
2388,重庆交通大学,999,不限选考科目,,,518,55877
2389,重庆科技大学,500,选考化学,,,536,43666
2389,重庆科技大学,999,不限选考科目,,,525,50881
2390,重庆理工大学,500,选考化学,,,562,28701
2390,重庆理工大学,999,不限选考科目,,,554,32905
2391,重庆人文科技学院,500,选考化学,,,483,83635
2391,重庆人文科技学院,999,不限选考科目,,,474,91278
2392,重庆三峡学院,500,选考化学,,,514,58785
2392,重庆三峡学院,999,不限选考科目,,,512,60283
2393,重庆师范大学,500,选考化学,,,537,43014
2393,重庆师范大学,700,选考思想政治,,,570,24825
2393,重庆师范大学,900,选考地理,,,563,28208
2393,重庆师范大学,999,不限选考科目,,,539,41729
2394,重庆外语外事学院,999,不限选考科目,,,467,97377
2395,重庆文理学院,500,选考化学,,,513,59514
2395,重庆文理学院,600,选考生物学,,,507,64125
2395,重庆文理学院,999,不限选考科目,,,505,65653
2396,重庆文理学院（中外合作1）,500,选考化学,,,480,86154
2397,重庆文理学院（中外合作2）,500,选考化学,,,478,87828
2398,重庆医科大学,500,选考化学,,,562,28701
2399,重庆医科大学（中外合作）,500,选考化学,,,566,26736
2400,重庆移通学院,500,选考化学,,,476,89467
2400,重庆移通学院,999,不限选考科目,,,476,89467
2401,重庆邮电大学,500,选考化学,,,586,17831
2402,重庆邮电大学（中外合作）,500,选考化学,,,574,22981
2403,重庆中医药学院,999,不限选考科目,,,543,39235
2404,楚雄师范学院,500,选考化学,,,487,80259
2404,楚雄师范学院,900,选考地理,,,497,72041
2404,楚雄师范学院,999,不限选考科目,,,489,78616
2405,川北医学院,500,选考化学,,,551,34510
2405,川北医学院,600,选考生物学,,,532,46183
2405,川北医学院,999,不限选考科目,,,491,76979
2406,大理大学,500,选考化学,,,520,54409
2406,大理大学,600,选考生物学,,,511,61013
2406,大理大学,999,不限选考科目,,,515,58055
2407,大连财经学院,999,不限选考科目,,,456,106608
2408,大连大学,500,选考化学,,,510,61799
2408,大连大学,999,不限选考科目,,,511,61013
2409,大连东软信息学院,500,选考化学,,,463,100752
2409,大连东软信息学院,999,不限选考科目,,,442,118298
2410,大连工业大学,500,选考化学,,,525,50881
2410,大连工业大学,999,不限选考科目,,,501,68791
2411,大连工业大学（中外合作）,500,选考化学,,,527,49465
2412,大连海事大学,500,选考化学,,,597,13740
2412,大连海事大学,999,不限选考科目,,,596,14083
2413,大连海事大学（中外合作）,500,选考化学,,,567,26218
2413,大连海事大学（中外合作）,999,不限选考科目,,,586,17831
2414,大连海洋大学,500,选考化学,,,503,67246
2415,大连海洋大学（物化组1）,500,选考化学,,,510,61799
2416,大连交通大学,500,选考化学,,,533,45540
2416,大连交通大学,999,不限选考科目,,,546,37396
2417,大连交通大学（高收费）,500,选考化学,,,538,42366
2418,大连交通大学（中外合作）,500,选考化学,,,524,51599
2418,大连交通大学（中外合作）,999,不限选考科目,,,520,54409
2419,大连理工大学,500,选考化学,,,642,2817
2420,大连理工大学（中外合作1）,500,选考化学,,,615,8194
2421,大连理工大学（中外合作2）,500,选考化学,,,623,6240
2422,大连理工大学（中外合作3）,500,选考化学,,,613,8716
2423,大连理工大学（盘锦校区）,500,选考化学,,,620,6942
2423,大连理工大学（盘锦校区）,999,不限选考科目,,,612,9021
2424,大连理工大学（盘锦校区）（中外合作）,500,选考化学,,,588,17024
2425,大连理工大学城市学院,500,选考化学,,,469,95545
2425,大连理工大学城市学院,999,不限选考科目,,,461,102421
2426,大连民族大学,500,选考化学,,,532,46183
2426,大连民族大学,999,不限选考科目,,,521,53711
2427,大连外国语大学,999,不限选考科目,,,531,46854
2428,大连外国语大学（英语）,999,不限选考科目,,,551,34510
2429,大连医科大学,500,选考化学,,,538,42366
2430,大连医科大学（临床医学5+3一体化）,500,选考化学,,,619,7186
2431,大连医科大学中山学院,500,选考化学,,,471,93819
2431,大连医科大学中山学院,999,不限选考科目,,,455,107492
2433,德州学院,500,选考化学,,,494,74485
2434,滇池学院,500,选考化学,,,460,103242
2434,滇池学院,999,不限选考科目,,,452,110007
2435,滇西应用技术大学,500,选考化学,,,490,77780
2436,电子科技大学,500,选考化学,,,651,1719
2437,电子科技大学（沙河校区）,500,选考化学,,,647,2159
2438,电子科技大学（沙河校区）（临床医学）,500,选考化学,,,620,6942
2439,电子科技大学成都学院,500,选考化学,,,494,74485
2440,电子科技大学中山学院,500,选考化学,,,480,86154
2440,电子科技大学中山学院,999,不限选考科目,,,465,99057
2441,东北财经大学,999,不限选考科目,,,566,26736
2442,东北财经大学（中外合作1）,999,不限选考科目,,,575,22544
2443,东北财经大学（中外合作2）,999,不限选考科目,,,572,23889
2444,东北大学,500,选考化学,,,621,6705
2444,东北大学,999,不限选考科目,,,614,8461
2445,东北大学秦皇岛分校,500,选考化学,,,620,6942
2445,东北大学秦皇岛分校,999,不限选考科目,,,600,12735
2446,东北大学秦皇岛分校（中外合作）,500,选考化学,,,599,13078
2447,东北电力大学,500,选考化学,,,568,25776
2448,东北电力大学（国创）,500,选考化学,,,573,23443
2448,东北电力大学（国创）,999,不限选考科目,,,523,52278
2449,东北电力大学（中美合作）,500,选考化学,,,512,60283
2450,东北电力大学（中英合作）,500,选考化学,,,593,15145
2451,东北林业大学,500,选考化学,,,572,23889
2451,东北林业大学,999,不限选考科目,,,567,26218
2452,东北林业大学（中外合作）,500,选考化学,,,549,35614
2453,东北农业大学,500,选考化学,,,566,26736
2454,东北农业大学（中美合作）,500,选考化学,,,545,37957
2455,东北师范大学,500,选考化学,,,600,12735
2456,东北石油大学,500,选考化学,,,548,36213
2457,东北石油大学（中外合作）,500,选考化学,,,523,52278
2458,东华大学,500,选考化学,,,607,10504
2459,东华理工大学,500,选考化学,,,546,37396
2460,东南大学,500,选考化学,,,655,1362
2461,东南大学成贤学院,500,选考化学,,,486,81079
2461,东南大学成贤学院,999,不限选考科目,,,490,77780
2462,东莞城市学院,500,选考化学,,,441,119155
2462,东莞城市学院,900,选考地理,,,454,108322
2462,东莞城市学院,999,不限选考科目,,,450,111729
2463,东莞理工学院,500,选考化学,,,529,48168
2464,对外经济贸易大学,500,选考化学,,,621,6705
2464,对外经济贸易大学,999,不限选考科目,,,619,7186
2465,对外经济贸易大学（中外合作）,500,选考化学,,,596,14083
2466,防灾科技学院,500,选考化学,,,505,65653
2466,防灾科技学院,999,不限选考科目,,,502,67989
2467,佛山大学,500,选考化学,,,522,53007
2467,佛山大学,999,不限选考科目,,,518,55877
2468,复旦大学,500,选考化学,,,673,340
2469,复旦大学医学院,500,选考化学,,,650,1821
2470,复旦大学医学院（临床8年制）,500,选考化学,,,673,340
2471,阜阳理工学院,500,选考化学,,,472,92964
2472,阜阳师范大学,500,选考化学,,,499,70339
2472,阜阳师范大学,999,不限选考科目,,,506,64873
2473,赣东学院,500,选考化学,,,512,60283
2473,赣东学院,999,不限选考科目,,,502,67989
2474,赣南科技学院,500,选考化学,,,503,67246
2474,赣南科技学院,999,不限选考科目,,,497,72041
2475,赣南师范大学,500,选考化学,,,523,52278
2475,赣南师范大学,900,选考地理,,,529,48168
2475,赣南师范大学,999,不限选考科目,,,501,68791
2476,赣南师范大学科技学院,500,选考化学,,,482,84464
2476,赣南师范大学科技学院,999,不限选考科目,,,481,85345
2477,赣南医科大学,500,选考化学,,,520,54409
2477,赣南医科大学,600,选考生物学,,,518,55877
2478,甘肃林业职业技术大学,999,不限选考科目,,,484,82760
2480,甘肃农业大学,500,选考化学,,,481,85345
2481,甘肃政法大学,500,选考化学,,,539,41729
2481,甘肃政法大学,999,不限选考科目,,,533,45540
2482,甘肃中医药大学,500,选考化学,,,530,47532
2483,广东白云学院,500,选考化学,,,462,101574
2483,广东白云学院,999,不限选考科目,,,463,100752
2484,广东财经大学,500,选考化学,,,578,21173
2484,广东财经大学,999,不限选考科目,,,575,22544
2485,广东东软学院,500,选考化学,,,462,101574
2486,广东工商职业技术大学,999,不限选考科目,,,459,104060
2487,广东工业大学,500,选考化学,,,588,17024
2487,广东工业大学,999,不限选考科目,,,567,26218
2488,广东工业大学（国际班）,500,选考化学,,,574,22981
2489,广东海洋大学,500,选考化学,,,531,46854
2489,广东海洋大学,516,选考化学且生物学,,,525,50881
2489,广东海洋大学,600,选考生物学,,,520,54409
2490,广东海洋大学（中外合作）,500,选考化学,,,513,59514
2491,广东技术师范大学,500,选考化学,,,542,39897
2492,广东金融学院,500,选考化学,,,554,32905
2492,广东金融学院,999,不限选考科目,,,546,37396
2493,广东警官学院,999,不限选考科目,,,548,36213
2494,广东科技学院,500,选考化学,,,460,103242
2495,广东理工学院,500,选考化学,,,458,104965
2495,广东理工学院,999,不限选考科目,,,449,112582
2496,广东培正学院,999,不限选考科目,,,448,113439
2497,广东轻工职业技术大学,999,不限选考科目,,,502,67989
2498,广东石油化工学院,500,选考化学,,,523,52278
2499,广东外语外贸大学,999,不限选考科目,,,564,27712
2500,广东外语外贸大学南国商学院,500,选考化学,,,477,88668
2500,广东外语外贸大学南国商学院,999,不限选考科目,,,482,84464
2501,广东药科大学,500,选考化学,,,529,48168
2502,广东医科大学,500,选考化学,,,542,39897
2503,广东以色列理工学院,500,选考化学,,,557,31329
2504,广西财经学院,999,不限选考科目,,,508,63376
2505,广西财经学院（中高计划）,500,选考化学,,,485,81945
2506,广西财经学院（中外合作）,500,选考化学,,,493,75303
2506,广西财经学院（中外合作）,999,不限选考科目,,,480,86154
2507,广西大学,500,选考化学,,,585,18234
2508,广西科技大学,500,选考化学,,,523,52278
2508,广西科技大学,516,选考化学且生物学,,,517,56618
2508,广西科技大学,999,不限选考科目,,,516,57329
2509,广西科技师范学院,500,选考化学,,,498,71202
2510,广西民族大学,500,选考化学,,,518,55877
2510,广西民族大学,516,选考化学且生物学,,,512,60283
2510,广西民族大学,999,不限选考科目,,,492,76112
2513,广西民族大学（中澳2）,999,不限选考科目,,,460,103242
2514,广西民族大学（中澳3）,500,选考化学,,,512,60283
2515,广西民族大学相思湖学院,500,选考化学,,,464,99902
2515,广西民族大学相思湖学院,999,不限选考科目,,,479,86939
2516,广西民族师范学院,500,选考化学,,,490,77780
2516,广西民族师范学院,999,不限选考科目,,,490,77780
2517,广西农业职业技术大学,999,不限选考科目,,,489,78616
2518,广西师范大学,500,选考化学,,,478,87828
2518,广西师范大学,999,不限选考科目,,,522,53007
2520,广西外国语学院,500,选考化学,,,446,115031
2520,广西外国语学院,999,不限选考科目,,,441,119155
2521,广西医科大学,500,选考化学,,,545,37957
2521,广西医科大学,999,不限选考科目,,,516,57329
2523,广西中医药大学,500,选考化学,,,514,58785
2523,广西中医药大学,999,不限选考科目,,,545,37957
2524,广西中医药大学赛恩斯新医药学院,500,选考化学,,,482,84464
2524,广西中医药大学赛恩斯新医药学院,600,选考生物学,,,483,83635
2524,广西中医药大学赛恩斯新医药学院,999,不限选考科目,,,496,72818
2525,广州城市理工学院,500,选考化学,,,473,92111
2525,广州城市理工学院,999,不限选考科目,,,464,99902
2526,广州大学,500,选考化学,,,585,18234
2526,广州大学,999,不限选考科目,,,562,28701
2527,广州工商学院,500,选考化学,,,455,107492
2528,广州航海学院,500,选考化学,,,525,50881
2529,广州华立学院,500,选考化学,,,458,104965
2529,广州华立学院,999,不限选考科目,,,452,110007
2530,广州理工学院,500,选考化学,,,466,98212
2532,广州南方学院,500,选考化学,,,441,119155
2532,广州南方学院,999,不限选考科目,,,454,108322
2533,广州软件学院,500,选考化学,,,481,85345
2534,广州商学院,999,不限选考科目,,,452,110007
2536,广州新华学院,500,选考化学,,,461,102421
2536,广州新华学院,999,不限选考科目,,,459,104060
2537,广州医科大学,500,选考化学,,,554,32905
2537,广州医科大学,999,不限选考科目,,,570,24825
2538,广州医科大学（临床医学）,500,选考化学,,,613,8716
2539,广州应用科技学院,500,选考化学,,,461,102421
2539,广州应用科技学院,999,不限选考科目,,,443,117511
2540,广州中医药大学,500,选考化学,,,577,21588
2540,广州中医药大学,600,选考生物学,,,555,32381
2540,广州中医药大学,999,不限选考科目,,,563,28208
2541,桂林电子科技大学,500,选考化学,,,575,22544
2541,桂林电子科技大学,999,不限选考科目,,,546,37396
2543,桂林电子科技大学（中外合作）,500,选考化学,,,562,28701
2544,桂林航天工业学院,500,选考化学,,,517,56618
2544,桂林航天工业学院,999,不限选考科目,,,492,76112
2545,桂林理工大学,500,选考化学,,,518,55877
2545,桂林理工大学,999,不限选考科目,,,516,57329
2546,桂林理工大学（中外合作）,500,选考化学,,,513,59514
2547,桂林旅游学院,600,选考生物学,,,491,76979
2547,桂林旅游学院,999,不限选考科目,,,489,78616
2548,桂林旅游学院（中外合作）,500,选考化学,,,459,104060
2548,桂林旅游学院（中外合作）,999,不限选考科目,,,446,115031
2550,桂林信息科技学院,500,选考化学,,,456,106608
2550,桂林信息科技学院,999,不限选考科目,,,451,110888
2551,桂林学院,500,选考化学,,,465,99057
2551,桂林学院,999,不限选考科目,,,452,110007
2552,桂林医科大学,500,选考化学,,,541,40511
2553,桂林医科大学（中澳1）,500,选考化学,,,490,77780
2554,桂林医科大学（中澳2）,500,选考化学,,,489,78616
2555,桂林医科大学（中澳3）,500,选考化学,,,488,79451
2556,桂林医科大学（中澳4）,500,选考化学,,,485,81945
2557,贵阳人文科技学院,500,选考化学,,,472,92964
2558,贵阳信息科技学院,500,选考化学,,,472,92964
2558,贵阳信息科技学院,999,不限选考科目,,,469,95545
2559,贵阳学院,500,选考化学,,,491,76979
2559,贵阳学院,999,不限选考科目,,,498,71202
2560,贵州财经大学,500,选考化学,,,544,38598
2560,贵州财经大学,999,不限选考科目,,,532,46183
2561,贵州财经大学（中外合作）,999,不限选考科目,,,471,93819
2562,贵州大学,500,选考化学,,,584,18650
2562,贵州大学,999,不限选考科目,,,569,25291
2563,贵州大学（中外合作1）,500,选考化学,,,580,20313
2564,贵州大学（中外合作2）,500,选考化学,,,560,29717
2565,贵州大学（中外合作3）,500,选考化学,,,549,35614
2566,贵州大学（中外合作4）,999,不限选考科目,,,571,24364
2567,贵州工程应用技术学院,500,选考化学,,,492,76112
2568,贵州警察学院,500,选考化学,,,519,55133
2568,贵州警察学院,999,不限选考科目,,,525,50881
2569,贵州理工学院,500,选考化学,,,515,58055
2569,贵州理工学院,999,不限选考科目,,,506,64873
2570,贵州民族大学,500,选考化学,,,515,58055
2570,贵州民族大学,516,选考化学且生物学,,,501,68791
2570,贵州民族大学,999,不限选考科目,,,482,84464
2571,贵州黔南经济学院,500,选考化学,,,472,92964
2572,贵州黔南科技学院,500,选考化学,,,473,92111
2573,贵州商学院,999,不限选考科目,,,510,61799
2576,贵州医科大学,500,选考化学,,,561,29212
2577,贵州医科大学（生物医学工程）,500,选考化学,,,530,47532
2578,贵州医科大学（医学检验技术）,500,选考化学,,,514,58785
2579,贵州医科大学（中高计划1）,500,选考化学,,,496,72818
2580,贵州医科大学（中高计划2）,500,选考化学,,,482,84464
2581,贵州医科大学（中高计划3）,500,选考化学,,,469,95545
2582,贵州医科大学（中外合作）,500,选考化学,,,505,65653
2583,贵州医科大学神奇民族医药学院,500,选考化学,,,489,78616
2583,贵州医科大学神奇民族医药学院,600,选考生物学,,,491,76979
2583,贵州医科大学神奇民族医药学院,999,不限选考科目,,,479,86939
2584,贵州中医药大学,500,选考化学,,,474,91278
2584,贵州中医药大学,999,不限选考科目,,,538,42366
2585,贵州中医药大学（中外合作）,500,选考化学,,,477,88668
2586,贵州中医药大学时珍学院,500,选考化学,,,482,84464
2591,哈尔滨工程大学,500,选考化学,,,623,6240
2594,哈尔滨工程大学（领军1）,500,选考化学,,,634,4065
2595,哈尔滨工程大学（领军2）,500,选考化学,,,634,4065
2596,哈尔滨工程大学（领军3）,500,选考化学,,,631,4611
2597,哈尔滨工程大学（领军4）,500,选考化学,,,629,5008
2598,哈尔滨工程大学（领军5）,500,选考化学,,,626,5610
2599,哈尔滨工程大学（领军6）,500,选考化学,,,640,3113
2600,哈尔滨工业大学,500,选考化学,,,668,531
2601,哈尔滨工业大学（物化组1）,500,选考化学,,,675,277
2602,哈尔滨工业大学（中外合作1）,500,选考化学,,,615,8194
2603,哈尔滨工业大学（中外合作2）,999,不限选考科目,,,604,11461
2604,哈尔滨工业大学（中外合作3）,999,不限选考科目,,,634,4065
2605,哈尔滨工业大学（中外合作4）,500,选考化学,,,630,4805
2606,哈尔滨工业大学（中外合作5）,500,选考化学,,,627,5412
2607,哈尔滨工业大学（深圳）,500,选考化学,,,662,827
2608,哈尔滨工业大学（深圳）（卓越优才计划）,500,选考化学,,,655,1362
2609,哈尔滨工业大学（威海）,500,选考化学,,,650,1821
2610,哈尔滨工业大学（威海）（中外合作）,500,选考化学,,,616,7919
2611,哈尔滨工业大学（威海）（卓越优才计划）,500,选考化学,,,643,2663
2612,哈尔滨金融学院,999,不限选考科目,,,500,69546
2613,哈尔滨理工大学,500,选考化学,,,555,32381
2614,哈尔滨商业大学,500,选考化学,,,487,80259
2614,哈尔滨商业大学,999,不限选考科目,,,489,78616
2615,哈尔滨师范大学,500,选考化学,,,510,61799
2615,哈尔滨师范大学,900,选考地理,,,511,61013
2615,哈尔滨师范大学,999,不限选考科目,,,481,85345
2617,哈尔滨学院,500,选考化学,,,492,76112
2617,哈尔滨学院,999,不限选考科目,,,482,84464
2618,哈尔滨医科大学,516,选考化学且生物学,,,526,50184
2619,哈尔滨医科大学（大庆校区）,500,选考化学,,,521,53711
2620,哈尔滨医科大学（精神医学）,500,选考化学,,,609,9900
2622,哈尔滨远东理工学院,500,选考化学,,,441,119155
2622,哈尔滨远东理工学院,999,不限选考科目,,,445,115833
2623,哈尔滨职业技术大学,999,不限选考科目,,,485,81945
2628,海军军医大学,500,选考化学,,,575,22544
2629,海口经济学院,500,选考化学,,,444,116681
2629,海口经济学院,999,不限选考科目,,,442,118298
2630,海南比勒费尔德应用科学大学,500,选考化学,,,441,119155
2630,海南比勒费尔德应用科学大学,999,不限选考科目,,,457,105800
2631,海南大学,500,选考化学,,,583,19062
2631,海南大学,516,选考化学且生物学,,,582,19495
2631,海南大学,999,不限选考科目,,,581,19899
2632,海南大学（高收费）,500,选考化学,,,598,13403
2633,海南大学（中外合作）,500,选考化学,,,575,22544
2633,海南大学（中外合作）,900,选考地理,,,551,34510
2633,海南大学（中外合作）,999,不限选考科目,,,548,36213
2634,海南科技职业大学,999,不限选考科目,,,441,119155
2635,海南热带海洋学院,500,选考化学,,,489,78616
2635,海南热带海洋学院,999,不限选考科目,,,501,68791
2636,海南热带海洋学院（中外合作）,999,不限选考科目,,,464,99902
2637,海南师范大学,500,选考化学,,,526,50184
2637,海南师范大学,516,选考化学且生物学,,,465,99057
2637,海南师范大学,700,选考思想政治,,,567,26218
2637,海南师范大学,900,选考地理,,,556,31880
2637,海南师范大学,999,不限选考科目,,,522,53007
2638,海南师范大学（高收费）,500,选考化学,,,541,40511
2640,海南医科大学,500,选考化学,,,457,105800
2640,海南医科大学,999,不限选考科目,,,551,34510
2641,海南医科大学（中外合作）,500,选考化学,,,475,90360
2642,邯郸学院,500,选考化学,,,493,75303
2642,邯郸学院,900,选考地理,,,502,67989
2644,韩山师范学院,500,选考化学,,,507,64125
2645,杭州电子科技大学,500,选考化学,,,602,12115
2645,杭州电子科技大学,999,不限选考科目,,,582,19495
2646,杭州电子科技大学（中外合作）,500,选考化学,,,598,13403
2647,杭州电子科技大学信息工程学院,500,选考化学,,,498,71202
2648,杭州师范大学,500,选考化学,,,572,23889
2648,杭州师范大学,999,不限选考科目,,,564,27712
2649,杭州师范大学（中外合作）,500,选考化学,,,532,46183
2650,河北北方学院,500,选考化学,,,513,59514
2651,河北传媒学院,500,选考化学,,,471,93819
2652,河北大学,500,选考化学,,,558,30799
2652,河北大学,999,不限选考科目,,,533,45540
2653,河北地质大学,500,选考化学,,,511,61013
2653,河北地质大学,999,不限选考科目,,,505,65653
2654,河北东方学院,500,选考化学,,,469,95545
2654,河北东方学院,600,选考生物学,,,473,92111
2654,河北东方学院,999,不限选考科目,,,463,100752
2655,河北工程大学,500,选考化学,,,507,64125
2655,河北工程大学,999,不限选考科目,,,498,71202
2656,河北工程大学科信学院,500,选考化学,,,481,85345
2656,河北工程大学科信学院,999,不限选考科目,,,481,85345
2657,河北工业大学,500,选考化学,,,594,14801
2658,河北工业大学（物化组1）,500,选考化学,,,589,16625
2659,河北工业大学（中外合作1）,500,选考化学,,,585,18234
2660,河北工业大学（中外合作2）,500,选考化学,,,579,20738
2661,河北环境工程学院,500,选考化学,,,487,80259
2662,河北建筑工程学院,500,选考化学,,,485,81945
2662,河北建筑工程学院,999,不限选考科目,,,478,87828
2663,河北金融学院,500,选考化学,,,498,71202
2663,河北金融学院,999,不限选考科目,,,502,67989
2664,河北金融学院（中外合作）,999,不限选考科目,,,482,84464
2665,河北经贸大学,500,选考化学,,,530,47532
2665,河北经贸大学,999,不限选考科目,,,509,62571
2666,河北经贸大学（中外合作）,999,不限选考科目,,,513,59514
2667,河北科技大学,500,选考化学,,,533,45540
2667,河北科技大学,999,不限选考科目,,,518,55877
2668,河北科技大学（中外合作）,500,选考化学,,,524,51599
2668,河北科技大学（中外合作）,999,不限选考科目,,,501,68791
2669,河北科技工程职业技术大学,500,选考化学,,,488,79451
2669,河北科技工程职业技术大学,999,不限选考科目,,,494,74485
2670,河北科技师范学院,999,不限选考科目,,,484,82760
2672,河北师范大学,500,选考化学,,,565,27225
2673,河北师范大学（高收费）,500,选考化学,,,549,35614
2674,河北师范大学（中外合作）,999,不限选考科目,,,475,90360
2675,河北石油职业技术大学,999,不限选考科目,,,491,76979
2676,河北外国语学院,999,不限选考科目,,,447,114226
2677,河北医科大学,500,选考化学,,,529,48168
2677,河北医科大学,516,选考化学且生物学,,,541,40511
2677,河北医科大学,600,选考生物学,,,501,68791
2678,河北医科大学临床学院,500,选考化学,,,492,76112
2678,河北医科大学临床学院,516,选考化学且生物学,,,523,52278
2678,河北医科大学临床学院,600,选考生物学,,,491,76979
2679,河北中医药大学,500,选考化学,,,509,62571
2679,河北中医药大学,600,选考生物学,,,511,61013
2679,河北中医药大学,999,不限选考科目,,,533,45540
2680,河池学院,500,选考化学,,,490,77780
2680,河池学院,999,不限选考科目,,,490,77780
2681,合肥城市学院,500,选考化学,,,462,101574
2681,合肥城市学院,999,不限选考科目,,,457,105800
2682,合肥大学,500,选考化学,,,530,47532
2682,合肥大学,999,不限选考科目,,,527,49465
2683,合肥工业大学,500,选考化学,,,615,8194
2683,合肥工业大学,999,不限选考科目,,,591,15883
2684,合肥工业大学（中外合作）,999,不限选考科目,,,572,23889
2685,合肥工业大学（宣城校区）,500,选考化学,,,588,17024
2685,合肥工业大学（宣城校区）,999,不限选考科目,,,588,17024
2686,合肥师范学院,500,选考化学,,,508,63376
2686,合肥师范学院,516,选考化学且生物学,,,497,72041
2687,河海大学,500,选考化学,,,600,12735
2687,河海大学,999,不限选考科目,,,594,14801
2688,河海大学（中外合作）,500,选考化学,,,578,21173
2689,河南财经政法大学,500,选考化学,,,540,41148
2689,河南财经政法大学,999,不限选考科目,,,540,41148
2690,河南财经政法大学（高收费）,500,选考化学,,,534,44918
2691,河南财政金融学院,500,选考化学,,,512,60283
2691,河南财政金融学院,999,不限选考科目,,,498,71202
2692,河南城建学院,500,选考化学,,,484,82760
2692,河南城建学院,999,不限选考科目,,,483,83635
2693,河南大学,500,选考化学,,,576,22059
2694,河南大学（中外合作）,500,选考化学,,,579,20738
2694,河南大学（中外合作）,999,不限选考科目,,,549,35614
2695,河南工程学院,500,选考化学,,,489,78616
2695,河南工程学院,999,不限选考科目,,,487,80259
2696,河南工学院,500,选考化学,,,509,62571
2697,河南工业大学,500,选考化学,,,525,50881
2697,河南工业大学,999,不限选考科目,,,522,53007
2698,河南工业大学（中外合作）,500,选考化学,,,513,59514
2699,河南开封科技传媒学院,500,选考化学,,,473,92111
2699,河南开封科技传媒学院,999,不限选考科目,,,475,90360
2700,河南科技大学,500,选考化学,,,545,37957
2700,河南科技大学,516,选考化学且生物学,,,537,43014
2701,河南科技大学（中外合作）,500,选考化学,,,533,45540
2701,河南科技大学（中外合作）,999,不限选考科目,,,519,55133
2702,河南科技学院,500,选考化学,,,493,75303
2702,河南科技学院,999,不限选考科目,,,493,75303
2703,河南理工大学,500,选考化学,,,523,52278
2703,河南理工大学,999,不限选考科目,,,523,52278
2704,河南理工大学（中外合作）,500,选考化学,,,539,41729
2705,河南农业大学,500,选考化学,,,523,52278
2705,河南农业大学,516,选考化学且生物学,,,491,76979
2705,河南农业大学,600,选考生物学,,,510,61799
2705,河南农业大学,900,选考地理,,,521,53711
2705,河南农业大学,999,不限选考科目,,,519,55133
2706,河南农业大学（中外合作）,500,选考化学,,,499,70339
2707,河南师范大学,500,选考化学,,,523,52278
2708,河南医药大学,500,选考化学,,,484,82760
2709,河南中医药大学,500,选考化学,,,544,38598
2709,河南中医药大学,600,选考生物学,,,512,60283
2709,河南中医药大学,999,不限选考科目,,,502,67989
2710,菏泽学院,500,选考化学,,,488,79451
2710,菏泽学院,999,不限选考科目,,,496,72818
2711,贺州学院,500,选考化学,,,495,73670
2711,贺州学院,999,不限选考科目,,,491,76979
2712,黑河学院,500,选考化学,,,488,79451
2712,黑河学院,999,不限选考科目,,,488,79451
2713,黑龙江八一农垦大学,500,选考化学,,,490,77780
2713,黑龙江八一农垦大学,999,不限选考科目,,,480,86154
2714,黑龙江财经学院,500,选考化学,,,441,119155
2714,黑龙江财经学院,999,不限选考科目,,,441,119155
2715,黑龙江大学,500,选考化学,,,515,58055
2715,黑龙江大学,999,不限选考科目,,,523,52278
2716,黑龙江东方学院,500,选考化学,,,442,118298
2716,黑龙江东方学院,999,不限选考科目,,,441,119155
2717,黑龙江工程学院,500,选考化学,,,490,77780
2717,黑龙江工程学院,900,选考地理,,,490,77780
2718,黑龙江工程学院昆仑旅游学院,500,选考化学,,,454,108322
2718,黑龙江工程学院昆仑旅游学院,999,不限选考科目,,,442,118298
2719,黑龙江工商学院,500,选考化学,,,441,119155
2720,黑龙江科技大学,500,选考化学,,,500,69546
2720,黑龙江科技大学,999,不限选考科目,,,492,76112
2722,黑龙江中医药大学,500,选考化学,,,507,64125
2722,黑龙江中医药大学,600,选考生物学,,,513,59514
2722,黑龙江中医药大学,999,不限选考科目,,,510,61799
2723,衡水学院,500,选考化学,,,490,77780
2723,衡水学院,999,不限选考科目,,,490,77780
2724,衡水学院（中外合作）,500,选考化学,,,475,90360
2725,衡阳师范学院,500,选考化学,,,514,58785
2725,衡阳师范学院,516,选考化学且生物学,,,514,58785
2725,衡阳师范学院,900,选考地理,,,519,55133
2725,衡阳师范学院,999,不限选考科目,,,490,77780
2727,红河学院,500,选考化学,,,488,79451
2727,红河学院,999,不限选考科目,,,484,82760
2728,湖北大学,500,选考化学,,,566,26736
2728,湖北大学,999,不限选考科目,,,582,19495
2729,湖北大学（中外合作）,500,选考化学,,,524,51599
2730,湖北大学知行学院,500,选考化学,,,485,81945
2730,湖北大学知行学院,999,不限选考科目,,,488,79451
2731,湖北第二师范学院,500,选考化学,,,521,53711
2732,湖北恩施学院,500,选考化学,,,514,58785
2733,湖北工程学院,500,选考化学,,,520,54409
2733,湖北工程学院,999,不限选考科目,,,501,68791
2734,湖北工程学院新技术学院,500,选考化学,,,480,86154
2735,湖北工业大学,500,选考化学,,,563,28208
2736,湖北工业大学工程技术学院,500,选考化学,,,478,87828
2737,湖北警官学院,500,选考化学,,,521,53711
2737,湖北警官学院,999,不限选考科目,,,529,48168
2738,湖北经济学院,500,选考化学,,,543,39235
2738,湖北经济学院,999,不限选考科目,,,526,50184
2739,湖北经济学院（中外合作）,500,选考化学,,,511,61013
2740,湖北经济学院法商学院,999,不限选考科目,,,472,92964
2741,湖北科技学院,500,选考化学,,,509,62571
2742,湖北科技学院（中外合作）,500,选考化学,,,506,64873
2743,湖北理工学院,500,选考化学,,,537,43014
2744,湖北理工学院（中外合作）,500,选考化学,,,507,64125
2746,湖北民族大学,500,选考化学,,,509,62571
2747,湖北汽车工业学院,500,选考化学,,,531,46854
2748,湖北商贸学院,500,选考化学,,,474,91278
2749,湖北师范大学,500,选考化学,,,523,52278
2749,湖北师范大学,900,选考地理,,,551,34510
2749,湖北师范大学,999,不限选考科目,,,531,46854
2750,湖北师范大学（中外合作）,500,选考化学,,,523,52278
2751,湖北师范大学文理学院,500,选考化学,,,473,92111
2751,湖北师范大学文理学院,999,不限选考科目,,,474,91278
2752,湖北文理学院,500,选考化学,,,513,59514
2753,湖北文理学院理工学院,500,选考化学,,,480,86154
2753,湖北文理学院理工学院,999,不限选考科目,,,478,87828
2754,湖北医药学院,500,选考化学,,,527,49465
2755,湖北医药学院药护学院,500,选考化学,,,490,77780
2756,湖北中医药大学,500,选考化学,,,522,53007
2756,湖北中医药大学,999,不限选考科目,,,533,45540
2757,湖南财政经济学院,500,选考化学,,,531,46854
2757,湖南财政经济学院,999,不限选考科目,,,518,55877
2758,湖南城市学院,500,选考化学,,,494,74485
2758,湖南城市学院,999,不限选考科目,,,500,69546
2759,湖南大学,500,选考化学,,,632,4442
2759,湖南大学,999,不限选考科目,,,626,5610
2761,湖南第一师范学院,500,选考化学,,,529,48168
2762,湖南工程学院,500,选考化学,,,515,58055
2762,湖南工程学院,999,不限选考科目,,,520,54409
2763,湖南工程学院（中外合作）,500,选考化学,,,515,58055
2765,湖南工商大学,500,选考化学,,,543,39235
2765,湖南工商大学,900,选考地理,,,518,55877
2765,湖南工商大学,999,不限选考科目,,,533,45540
2766,湖南工商大学（中外合作）,999,不限选考科目,,,524,51599
2767,湖南工学院,500,选考化学,,,513,59514
2767,湖南工学院,999,不限选考科目,,,509,62571
2768,湖南工业大学,500,选考化学,,,525,50881
2768,湖南工业大学,999,不限选考科目,,,511,61013
2769,湖南交通工程学院,500,选考化学,,,459,104060
2769,湖南交通工程学院,999,不限选考科目,,,446,115031
2770,湖南科技大学,500,选考化学,,,524,51599
2770,湖南科技大学,900,选考地理,,,561,29212
2770,湖南科技大学,999,不限选考科目,,,528,48837
2771,湖南科技大学潇湘学院,500,选考化学,,,486,81079
2772,湖南科技学院,500,选考化学,,,499,70339
2772,湖南科技学院,999,不限选考科目,,,502,67989
2773,湖南理工学院,500,选考化学,,,526,50184
2773,湖南理工学院,999,不限选考科目,,,507,64125
2774,湖南农业大学,500,选考化学,,,517,56618
2774,湖南农业大学,900,选考地理,,,538,42366
2774,湖南农业大学,999,不限选考科目,,,524,51599
2775,湖南农业大学东方科技学院,500,选考化学,,,481,85345
2776,湖南汽车工程职业大学,999,不限选考科目,,,499,70339
2777,湖南人文科技学院,500,选考化学,,,494,74485
2777,湖南人文科技学院,999,不限选考科目,,,491,76979
2778,湖南人文科技学院（中外合作）,999,不限选考科目,,,485,81945
2779,湖南涉外经济学院,500,选考化学,,,447,114226
2779,湖南涉外经济学院,999,不限选考科目,,,441,119155
2780,湖南师范大学,500,选考化学,,,598,13403
2780,湖南师范大学,900,选考地理,,,589,16625
2780,湖南师范大学,999,不限选考科目,,,589,16625
2781,湖南师范大学（医学类）,500,选考化学,,,572,23889
2783,湖南文理学院,500,选考化学,,,509,62571
2783,湖南文理学院,516,选考化学且生物学,,,504,66452
2784,湖南文理学院（中外合作）,500,选考化学,,,500,69546
2784,湖南文理学院（中外合作）,999,不限选考科目,,,477,88668
2785,湖南医药学院,500,选考化学,,,505,65653
2785,湖南医药学院,999,不限选考科目,,,532,46183
2788,湖南中医药大学（物理组1）,999,不限选考科目,,,555,32381
2789,湖南中医药大学（物理组2）,999,不限选考科目,,,522,53007
2790,湖南中医药大学（物理组3）,500,选考化学,,,552,33956
2791,湖南中医药大学（物理组4）,500,选考化学,,,546,37396
2792,湖南中医药大学（物理组5）,500,选考化学,,,482,84464
2793,湖南中医药大学湘杏学院,500,选考化学,,,484,82760
2793,湖南中医药大学湘杏学院,999,不限选考科目,,,524,51599
2794,湖州师范学院,500,选考化学,,,503,67246
2794,湖州师范学院,999,不限选考科目,,,524,51599
2795,湖州学院,500,选考化学,,,520,54409
2796,华北电力大学（保定）,500,选考化学,,,607,10504
2796,华北电力大学（保定）,999,不限选考科目,,,590,16253
2797,华北电力大学（北京）,500,选考化学,,,610,9599
2797,华北电力大学（北京）,999,不限选考科目,,,594,14801
2798,华北科技学院,500,选考化学,,,502,67989
2798,华北科技学院,999,不限选考科目,,,492,76112
2799,华北理工大学,500,选考化学,,,512,60283
2799,华北理工大学,516,选考化学且生物学,,,562,28701
2799,华北理工大学,999,不限选考科目,,,525,50881
2800,华北理工大学轻工学院,500,选考化学,,,473,92111
2800,华北理工大学轻工学院,999,不限选考科目,,,466,98212
2801,华北水利水电大学,500,选考化学,,,538,42366
2801,华北水利水电大学,999,不限选考科目,,,516,57329
2802,华北水利水电大学（中外合作）,500,选考化学,,,504,66452
2803,华东交通大学,500,选考化学,,,572,23889
2803,华东交通大学,999,不限选考科目,,,565,27225
2804,华东交通大学（高收费）,500,选考化学,,,564,27712
2805,华东交通大学（中外联合）,500,选考化学,,,547,36813
2805,华东交通大学（中外联合）,999,不限选考科目,,,533,45540
2806,华东理工大学,500,选考化学,,,612,9021
2806,华东理工大学,999,不限选考科目,,,610,9599
2807,华东师范大学,500,选考化学,,,635,3867
2807,华东师范大学,999,不限选考科目,,,635,3867
2808,华东政法大学,999,不限选考科目,,,609,9900
2811,华南理工大学（物化组1）,500,选考化学,,,643,2663
2812,华南理工大学（物化组2）,500,选考化学,,,639,3258
2813,华南理工大学（物化组3）,500,选考化学,,,635,3867
2814,华南理工大学（中外合作）,500,选考化学,,,616,7919
2815,华南农业大学,500,选考化学,,,556,31880
2815,华南农业大学,600,选考生物学,,,570,24825
2815,华南农业大学,999,不限选考科目,,,567,26218
2816,华南农业大学（中外合作）,500,选考化学,,,546,37396
2817,华南师范大学,500,选考化学,,,606,10843
2817,华南师范大学,999,不限选考科目,,,616,7919
2818,华南师范大学（中外合作）,500,选考化学,,,583,19062
2819,华中科技大学,500,选考化学,,,656,1271
2820,华中科技大学（医学类1）,500,选考化学,,,647,2159
2821,华中科技大学（医学类2）,500,选考化学,,,626,5610
2822,华中科技大学（医学类3）,500,选考化学,,,601,12436
2823,华中科技大学（中外合作）,500,选考化学,,,613,8716
2824,华中农业大学,500,选考化学,,,591,15883
2824,华中农业大学,600,选考生物学,,,589,16625
2824,华中农业大学,999,不限选考科目,,,588,17024
2825,华中师范大学,500,选考化学,,,619,7186
2825,华中师范大学,999,不限选考科目,,,596,14083
2828,淮北师范大学,500,选考化学,,,536,43666
2828,淮北师范大学,516,选考化学且生物学,,,510,61799
2829,怀化学院,500,选考化学,,,499,70339
2829,怀化学院,600,选考生物学,,,490,77780
2830,淮阴工学院,500,选考化学,,,509,62571
2830,淮阴工学院,999,不限选考科目,,,504,66452
2831,淮阴师范学院,500,选考化学,,,505,65653
2833,黄河科技学院,500,选考化学,,,478,87828
2833,黄河科技学院,999,不限选考科目,,,473,92111
2834,黄淮学院,500,选考化学,,,489,78616
2834,黄淮学院,600,选考生物学,,,485,81945
2834,黄淮学院,999,不限选考科目,,,488,79451
2835,惠州学院,500,选考化学,,,514,58785
2837,吉利学院,500,选考化学,,,466,98212
2837,吉利学院,999,不限选考科目,,,460,103242
2838,吉林财经大学,500,选考化学,,,529,48168
2838,吉林财经大学,999,不限选考科目,,,521,53711
2839,吉林财经大学（中外合作）,999,不限选考科目,,,513,59514
2840,吉林大学,500,选考化学,,,621,6705
2840,吉林大学,999,不限选考科目,,,616,7919
2841,吉林大学（临床医学）,500,选考化学,,,634,4065
2842,吉林大学（唐敖庆班）,500,选考化学,,,641,2960
2843,吉林大学（中外合作）,500,选考化学,,,606,10843
2845,吉林工程技术师范学院,500,选考化学,,,498,71202
2846,吉林工商学院,500,选考化学,,,490,77780
2846,吉林工商学院,516,选考化学且生物学,,,490,77780
2846,吉林工商学院,999,不限选考科目,,,486,81079
2847,吉林建筑大学,500,选考化学,,,469,95545
2847,吉林建筑大学,619,选考生物学且地理,,,488,79451
2847,吉林建筑大学,999,不限选考科目,,,480,86154
2848,吉林建筑大学（中外合作）,500,选考化学,,,513,59514
2848,吉林建筑大学（中外合作）,999,不限选考科目,,,465,99057
2849,吉林建筑科技学院,500,选考化学,,,441,119155
2850,吉林农业大学,500,选考化学,,,507,64125
2850,吉林农业大学,516,选考化学且生物学,,,481,85345
2850,吉林农业大学,999,不限选考科目,,,500,69546
2851,吉林农业科技学院,500,选考化学,,,485,81945
2851,吉林农业科技学院,600,选考生物学,,,486,81079
2852,吉林师范大学,500,选考化学,,,520,54409
2852,吉林师范大学,999,不限选考科目,,,512,60283
2855,吉林师范大学博达学院,500,选考化学,,,444,116681
2855,吉林师范大学博达学院,900,选考地理,,,483,83635
2855,吉林师范大学博达学院,999,不限选考科目,,,453,109170
2856,吉林外国语大学,500,选考化学,,,470,94712
2856,吉林外国语大学,999,不限选考科目,,,441,119155
2858,吉林医药学院,500,选考化学,,,501,68791
2858,吉林医药学院,516,选考化学且生物学,,,504,66452
2858,吉林医药学院,999,不限选考科目,,,498,71202
2859,吉林医药学院（中外合作）,516,选考化学且生物学,,,480,86154
2860,济南大学,500,选考化学,,,545,37957
2860,济南大学,999,不限选考科目,,,541,40511
2861,暨南大学,500,选考化学,,,599,13078
2861,暨南大学,999,不限选考科目,,,596,14083
2862,暨南大学（中外合作）,500,选考化学,,,587,17424
2862,暨南大学（中外合作）,999,不限选考科目,,,588,17024
2863,济宁学院,500,选考化学,,,507,64125
2864,济宁医学院,500,选考化学,,,537,43014
2865,吉首大学,500,选考化学,,,525,50881
2865,吉首大学,600,选考生物学,,,467,97377
2866,佳木斯大学,500,选考化学,,,486,81079
2866,佳木斯大学,999,不限选考科目,,,483,83635
2867,嘉兴大学,500,选考化学,,,548,36213
2867,嘉兴大学,600,选考生物学,,,516,57329
2867,嘉兴大学,999,不限选考科目,,,529,48168
2868,嘉兴南湖学院,500,选考化学,,,533,45540
2868,嘉兴南湖学院,999,不限选考科目,,,528,48837
2869,嘉应学院,500,选考化学,,,503,67246
2869,嘉应学院,700,选考思想政治,,,526,50184
2869,嘉应学院,900,选考地理,,,515,58055
2869,嘉应学院,999,不限选考科目,,,506,64873
2870,江汉大学,500,选考化学,,,549,35614
2870,江汉大学,999,不限选考科目,,,539,41729
2871,江南大学,999,不限选考科目,,,596,14083
2872,江南大学（临床医学）,500,选考化学,,,610,9599
2873,江南大学（物化组1）,500,选考化学,,,600,12735
2874,江南大学（物化组2）,500,选考化学,,,612,9021
2875,江南大学（中外合作）,500,选考化学,,,589,16625
2875,江南大学（中外合作）,999,不限选考科目,,,585,18234
2876,江苏大学,500,选考化学,,,585,18234
2876,江苏大学,999,不限选考科目,,,584,18650
2877,江苏大学京江学院,500,选考化学,,,480,86154
2877,江苏大学京江学院,999,不限选考科目,,,489,78616
2878,江苏第二师范学院,500,选考化学,,,525,50881
2878,江苏第二师范学院,999,不限选考科目,,,516,57329
2879,江苏海洋大学,500,选考化学,,,528,48837
2880,江苏科技大学,500,选考化学,,,572,23889
2880,江苏科技大学,999,不限选考科目,,,573,23443
2881,江苏科技大学苏州理工学院,500,选考化学,,,481,85345
2882,江苏理工学院,500,选考化学,,,526,50184
2883,江苏理工学院（中外合作）,500,选考化学,,,526,50184
2884,江苏师范大学,500,选考化学,,,556,31880
2884,江苏师范大学,900,选考地理,,,560,29717
2884,江苏师范大学,999,不限选考科目,,,549,35614
2885,江苏师范大学科文学院,500,选考化学,,,477,88668
2885,江苏师范大学科文学院,999,不限选考科目,,,474,91278
2886,江西财经大学,500,选考化学,,,576,22059
2886,江西财经大学,999,不限选考科目,,,574,22981
2887,江西财经大学（中外合作）,500,选考化学,,,555,32381
2887,江西财经大学（中外合作）,999,不限选考科目,,,546,37396
2888,江西财经大学现代经济管理学院,500,选考化学,,,487,80259
2888,江西财经大学现代经济管理学院,999,不限选考科目,,,484,82760
2889,江西飞行学院,500,选考化学,,,517,56618
2889,江西飞行学院,999,不限选考科目,,,500,69546
2890,江西服装学院,500,选考化学,,,456,106608
2890,江西服装学院,999,不限选考科目,,,444,116681
2891,江西工程学院,500,选考化学,,,479,86939
2891,江西工程学院,999,不限选考科目,,,474,91278
2892,江西警察学院,500,选考化学,,,520,54409
2892,江西警察学院,999,不限选考科目,,,527,49465
2893,江西科技师范大学,500,选考化学,,,516,57329
2893,江西科技师范大学,999,不限选考科目,,,520,54409
2894,江西科技师范大学（中法）,999,不限选考科目,,,450,111729
2895,江西科技学院,500,选考化学,,,454,108322
2895,江西科技学院,600,选考生物学,,,475,90360
2895,江西科技学院,999,不限选考科目,,,467,97377
2896,江西理工大学,500,选考化学,,,539,41729
2896,江西理工大学,900,选考地理,,,558,30799
2896,江西理工大学,999,不限选考科目,,,525,50881
2897,江西理工大学（创新试验班）,500,选考化学,,,570,24825
2898,江西理工大学（高收费）,500,选考化学,,,562,28701
2899,江西理工大学（中外合作）,500,选考化学,,,554,32905
2900,江西农业大学,500,选考化学,,,524,51599
2900,江西农业大学,600,选考生物学,,,525,50881
2900,江西农业大学,999,不限选考科目,,,522,53007
2901,江西农业大学南昌商学院,500,选考化学,,,484,82760
2901,江西农业大学南昌商学院,600,选考生物学,,,484,82760
2901,江西农业大学南昌商学院,999,不限选考科目,,,478,87828
2902,江西软件职业技术大学,999,不限选考科目,,,452,110007
2903,江西师范大学,500,选考化学,,,554,32905
2903,江西师范大学,900,选考地理,,,567,26218
2903,江西师范大学,999,不限选考科目,,,534,44918
2904,江西师范大学科学技术学院,500,选考化学,,,485,81945
2904,江西师范大学科学技术学院,999,不限选考科目,,,482,84464
2905,江西水利电力大学,500,选考化学,,,543,39235
2905,江西水利电力大学,600,选考生物学,,,508,63376
2905,江西水利电力大学,999,不限选考科目,,,512,60283
2906,江西水利电力大学（中外合作）,500,选考化学,,,510,61799
2907,江西应用科技学院,500,选考化学,,,468,96446
2908,江西职业技术大学,999,不限选考科目,,,503,67246
2909,江西中医药大学,500,选考化学,,,525,50881
2909,江西中医药大学,999,不限选考科目,,,552,33956
2910,金陵科技学院,500,选考化学,,,539,41729
2910,金陵科技学院,600,选考生物学,,,523,52278
2910,金陵科技学院,999,不限选考科目,,,533,45540
2911,锦州医科大学,500,选考化学,,,504,66452
2912,锦州医科大学医疗学院,500,选考化学,,,478,87828
2913,荆楚理工学院,500,选考化学,,,494,74485
2914,景德镇陶瓷大学,500,选考化学,,,531,46854
2914,景德镇陶瓷大学,999,不限选考科目,,,522,53007
2915,景德镇学院,500,选考化学,,,498,71202
2915,景德镇学院,999,不限选考科目,,,509,62571
2916,景德镇艺术职业大学,999,不限选考科目,,,471,93819
2917,井冈山大学,500,选考化学,,,514,58785
2917,井冈山大学,999,不限选考科目,,,510,61799
2918,井冈山大学（中外合作）,500,选考化学,,,523,52278
2919,井冈山大学（中英）,999,不限选考科目,,,500,69546
2920,九江学院,500,选考化学,,,511,61013
2923,喀什大学,500,选考化学,,,483,83635
2923,喀什大学,700,选考思想政治,,,486,81079
2923,喀什大学,999,不限选考科目,,,482,84464
2924,凯里学院,500,选考化学,,,489,78616
2924,凯里学院,999,不限选考科目,,,503,67246
2932,昆明理工大学,500,选考化学,,,543,39235
2932,昆明理工大学,516,选考化学且生物学,,,573,23443
2932,昆明理工大学,900,选考地理,,,529,48168
2932,昆明理工大学,999,不限选考科目,,,541,40511
2933,昆明理工大学（中外合作）,500,选考化学,,,467,97377
2933,昆明理工大学（中外合作）,999,不限选考科目,,,514,58785
2934,昆明理工大学津桥学院,500,选考化学,,,468,96446
2934,昆明理工大学津桥学院,999,不限选考科目,,,466,98212
2935,昆明文理学院,500,选考化学,,,460,103242
2935,昆明文理学院,999,不限选考科目,,,451,110888
2936,昆明学院,500,选考化学,,,518,55877
2936,昆明学院,516,选考化学且生物学,,,517,56618
2936,昆明学院,700,选考思想政治,,,503,67246
2936,昆明学院,999,不限选考科目,,,524,51599
2937,昆明医科大学,500,选考化学,,,544,38598
2938,昆明医科大学海源学院,500,选考化学,,,452,110007
2938,昆明医科大学海源学院,600,选考生物学,,,483,83635
2938,昆明医科大学海源学院,999,不限选考科目,,,475,90360
2940,兰州博文科技学院,500,选考化学,,,467,97377
2940,兰州博文科技学院,999,不限选考科目,,,454,108322
2941,兰州财经大学,500,选考化学,,,522,53007
2941,兰州财经大学,999,不限选考科目,,,507,64125
2942,兰州城市学院,500,选考化学,,,491,76979
2942,兰州城市学院,999,不限选考科目,,,483,83635
2943,兰州大学,500,选考化学,,,608,10196
2943,兰州大学,999,不限选考科目,,,607,10504
2944,兰州工商学院,500,选考化学,,,461,102421
2944,兰州工商学院,999,不限选考科目,,,453,109170
2945,兰州交通大学,500,选考化学,,,554,32905
2946,兰州理工大学,500,选考化学,,,505,65653
2947,兰州石化职业技术大学,500,选考化学,,,497,72041
2947,兰州石化职业技术大学,999,不限选考科目,,,497,72041
2948,兰州信息科技学院,500,选考化学,,,464,99902
2949,廊坊师范学院,500,选考化学,,,497,72041
2949,廊坊师范学院,700,选考思想政治,,,506,64873
2950,乐山师范学院,500,选考化学,,,495,73670
2950,乐山师范学院,999,不限选考科目,,,497,72041
2951,丽江文化旅游学院,500,选考化学,,,443,117511
2951,丽江文化旅游学院,999,不限选考科目,,,442,118298
2952,丽水学院,500,选考化学,,,513,59514
2952,丽水学院,600,选考生物学,,,502,67989
2955,聊城大学,500,选考化学,,,525,50881
2955,聊城大学,999,不限选考科目,,,479,86939
2956,辽宁传媒学院,500,选考化学,,,443,117511
2957,辽宁大学,500,选考化学,,,586,17831
2957,辽宁大学,999,不限选考科目,,,576,22059
2958,辽宁大学（英语）,999,不限选考科目,,,591,15883
2959,辽宁大学（中外合作1）,999,不限选考科目,,,561,29212
2960,辽宁大学（中外合作2）,999,不限选考科目,,,580,20313
2961,辽宁对外经贸学院,999,不限选考科目,,,442,118298
2962,辽宁工程技术大学,500,选考化学,,,490,77780
2963,辽宁何氏医学院,500,选考化学,,,496,72818
2964,辽宁科技大学,500,选考化学,,,499,70339
2964,辽宁科技大学,999,不限选考科目,,,507,64125
2965,辽宁科技大学（中外合作）,500,选考化学,,,489,78616
2966,辽宁科技学院,500,选考化学,,,507,64125
2967,辽宁师范大学,500,选考化学,,,557,31329
2968,辽宁师范大学（中外合作）,999,不限选考科目,,,474,91278
2969,辽宁师范大学海华学院,500,选考化学,,,464,99902
2969,辽宁师范大学海华学院,999,不限选考科目,,,462,101574
2970,辽宁石油化工大学,500,选考化学,,,529,48168
2971,辽宁石油化工大学（中外合作）,500,选考化学,,,530,47532
2972,辽宁中医药大学,500,选考化学,,,506,64873
2972,辽宁中医药大学,999,不限选考科目,,,545,37957
2973,辽宁中医药大学杏林学院,500,选考化学,,,478,87828
2974,临沂大学,500,选考化学,,,503,67246
2975,临沂大学（中外合作）,500,选考化学,,,468,96446
2976,岭南师范学院,500,选考化学,,,516,57329
2976,岭南师范学院,516,选考化学且生物学,,,493,75303
2976,岭南师范学院,900,选考地理,,,528,48837
2976,岭南师范学院,999,不限选考科目,,,511,61013
2977,六盘水师范学院,500,选考化学,,,491,76979
2977,六盘水师范学院,999,不限选考科目,,,492,76112
2978,柳州工学院,500,选考化学,,,444,116681
2979,陇东学院,500,选考化学,,,489,78616
2979,陇东学院,900,选考地理,,,485,81945
2979,陇东学院,999,不限选考科目,,,491,76979
2980,鲁东大学,500,选考化学,,,508,63376
2980,鲁东大学,999,不限选考科目,,,488,79451
2981,鲁东大学（中外合作）,500,选考化学,,,492,76112
2990,洛阳理工学院,500,选考化学,,,512,60283
2991,洛阳师范学院,500,选考化学,,,499,70339
2992,吕梁学院,500,选考化学,,,489,78616
2992,吕梁学院,516,选考化学且生物学,,,481,85345
2992,吕梁学院,900,选考地理,,,488,79451
2992,吕梁学院,999,不限选考科目,,,487,80259
2993,马鞍山学院,500,选考化学,,,470,94712
2994,茅台学院,500,选考化学,,,489,78616
2994,茅台学院,999,不限选考科目,,,496,72818
2995,绵阳城市学院,500,选考化学,,,468,96446
2995,绵阳城市学院,900,选考地理,,,480,86154
2995,绵阳城市学院,999,不限选考科目,,,466,98212
2996,绵阳师范学院,500,选考化学,,,499,70339
2996,绵阳师范学院,999,不限选考科目,,,513,59514
2997,民政职业大学,999,不限选考科目,,,505,65653
2998,牡丹江师范学院,500,选考化学,,,486,81079
2998,牡丹江师范学院,999,不限选考科目,,,479,86939
2999,牡丹江医科大学,500,选考化学,,,516,57329
2999,牡丹江医科大学,516,选考化学且生物学,,,517,56618
3000,南昌大学,500,选考化学,,,594,14801
3000,南昌大学,516,选考化学且生物学,,,610,9599
3000,南昌大学,600,选考生物学,,,581,19899
3000,南昌大学,999,不限选考科目,,,592,15507
3001,南昌大学（中外合作）,500,选考化学,,,585,18234
3002,南昌大学共青学院,500,选考化学,,,485,81945
3002,南昌大学共青学院,999,不限选考科目,,,484,82760
3003,南昌大学科学技术学院,500,选考化学,,,491,76979
3003,南昌大学科学技术学院,999,不限选考科目,,,484,82760
3004,南昌工学院,500,选考化学,,,465,99057
3004,南昌工学院,600,选考生物学,,,474,91278
3004,南昌工学院,999,不限选考科目,,,467,97377
3005,南昌航空大学,500,选考化学,,,574,22981
3005,南昌航空大学,999,不限选考科目,,,549,35614
3006,南昌航空大学（中外合作）,500,选考化学,,,563,28208
3007,南昌航空大学科技学院,500,选考化学,,,484,82760
3007,南昌航空大学科技学院,999,不限选考科目,,,484,82760
3008,南昌交通学院,500,选考化学,,,472,92964
3008,南昌交通学院,999,不限选考科目,,,468,96446
3009,南昌理工学院,500,选考化学,,,473,92111
3009,南昌理工学院,999,不限选考科目,,,476,89467
3010,南昌师范学院,500,选考化学,,,516,57329
3010,南昌师范学院,999,不限选考科目,,,503,67246
3011,南昌医学院,999,不限选考科目,,,508,63376
3012,南昌医学院（物化组1）,500,选考化学,,,548,36213
3013,南昌医学院（物化组2）,500,选考化学,,,563,28208
3014,南昌医学院（物化组3）,500,选考化学,,,526,50184
3015,南昌医学院（物化组4）,500,选考化学,,,508,63376
3016,南昌医学院（物化组5）,500,选考化学,,,499,70339
3017,南昌医学院（物化组6）,500,选考化学,,,535,44290
3018,南昌医学院（物生组1）,600,选考生物学,,,533,45540
3019,南昌医学院（物生组2）,600,选考生物学,,,505,65653
3020,南昌应用技术师范学院,500,选考化学,,,475,90360
3020,南昌应用技术师范学院,999,不限选考科目,,,484,82760
3021,南昌职业大学,999,不限选考科目,,,464,99902
3024,南方医科大学,500,选考化学,,,544,38598
3025,南华大学,500,选考化学,,,533,45540
3025,南华大学,999,不限选考科目,,,522,53007
3026,南京财经大学,500,选考化学,,,572,23889
3026,南京财经大学,999,不限选考科目,,,571,24364
3027,南京财经大学（中外合作）,999,不限选考科目,,,564,27712
3028,南京财经大学红山学院,999,不限选考科目,,,480,86154
3029,南京传媒学院,500,选考化学,,,507,64125
3029,南京传媒学院,999,不限选考科目,,,511,61013
3030,南京大学,500,选考化学,,,668,531
3031,南京大学（中外合作）,500,选考化学,,,641,2960
3032,南京工程学院,500,选考化学,,,577,21588
3032,南京工程学院,999,不限选考科目,,,543,39235
3033,南京工程学院（中外合作）,500,选考化学,,,494,74485
3034,南京工业大学,500,选考化学,,,577,21588
3034,南京工业大学,999,不限选考科目,,,564,27712
3035,南京工业大学（中外合作）,500,选考化学,,,555,32381
3036,南京工业大学浦江学院,500,选考化学,,,481,85345
3036,南京工业大学浦江学院,999,不限选考科目,,,484,82760
3037,南京工业职业技术大学,999,不限选考科目,,,529,48168
3038,南京航空航天大学,500,选考化学,,,629,5008
3039,南京航空航天大学（中外合作）,500,选考化学,,,612,9021
3040,南京航空航天大学金城学院,500,选考化学,,,491,76979
3040,南京航空航天大学金城学院,999,不限选考科目,,,498,71202
3043,南京理工大学,500,选考化学,,,624,6019
3044,南京理工大学泰州科技学院,500,选考化学,,,481,85345
3045,南京理工大学紫金学院,500,选考化学,,,512,60283
3046,南京林业大学,500,选考化学,,,571,24364
3046,南京林业大学,600,选考生物学,,,576,22059
3047,南京林业大学（拔尖人才）,500,选考化学,,,584,18650
3048,南京农业大学,500,选考化学,,,593,15145
3048,南京农业大学,999,不限选考科目,,,590,16253
3049,南京审计大学,999,不限选考科目,,,588,17024
3050,南京审计大学（中外合作）,999,不限选考科目,,,577,21588
3051,南京审计大学金审学院,500,选考化学,,,502,67989
3051,南京审计大学金审学院,999,不限选考科目,,,497,72041
3052,南京师范大学,500,选考化学,,,599,13078
3052,南京师范大学,900,选考地理,,,615,8194
3053,南京特殊教育师范学院,500,选考化学,,,506,64873
3053,南京特殊教育师范学院,999,不限选考科目,,,503,67246
3054,南京体育学院,500,选考化学,,,510,61799
3055,南京晓庄学院,500,选考化学,,,525,50881
3056,南京信息工程大学,500,选考化学,,,594,14801
3056,南京信息工程大学,999,不限选考科目,,,590,16253
3057,南京信息工程大学（中外合作）,500,选考化学,,,573,23443
3058,南京医科大学,500,选考化学,,,559,30293
3059,南京医科大学康达学院,500,选考化学,,,481,85345
3059,南京医科大学康达学院,600,选考生物学,,,491,76979
3059,南京医科大学康达学院,999,不限选考科目,,,484,82760
3060,南京艺术学院,500,选考化学,,,554,32905
3061,南京邮电大学,500,选考化学,,,604,11461
3062,南京邮电大学通达学院,500,选考化学,,,492,76112
3063,南京中医药大学,999,不限选考科目,,,615,8194
3064,南开大学,500,选考化学,,,649,1921
3064,南开大学,999,不限选考科目,,,648,2036
3065,南宁理工学院,999,不限选考科目,,,461,102421
3066,南宁师范大学,500,选考化学,,,521,53711
3066,南宁师范大学,900,选考地理,,,552,33956
3067,南宁师范大学（中外合作）,500,选考化学,,,526,50184
3068,南宁师范大学师园学院,500,选考化学,,,477,88668
3068,南宁师范大学师园学院,999,不限选考科目,,,473,92111
3069,南宁学院,500,选考化学,,,464,99902
3069,南宁学院,999,不限选考科目,,,454,108322
3070,南通大学,500,选考化学,,,551,34510
3070,南通大学,900,选考地理,,,558,30799
3070,南通大学,999,不限选考科目,,,551,34510
3071,南通大学（中外合作）,500,选考化学,,,529,48168
3072,南通理工学院,500,选考化学,,,470,94712
3073,南阳理工学院,500,选考化学,,,495,73670
3073,南阳理工学院,999,不限选考科目,,,491,76979
3074,南阳理工学院（中外合作）,500,选考化学,,,488,79451
3075,南阳师范学院,500,选考化学,,,494,74485
3075,南阳师范学院,999,不限选考科目,,,487,80259
3076,内江师范学院,500,选考化学,,,525,50881
3077,内蒙古大学,500,选考化学,,,569,25291
3078,内蒙古工业大学,500,选考化学,,,486,81079
3078,内蒙古工业大学,999,不限选考科目,,,484,82760
3079,内蒙古科技大学,500,选考化学,,,488,79451
3079,内蒙古科技大学,516,选考化学且生物学,,,490,77780
3079,内蒙古科技大学,999,不限选考科目,,,480,86154
3080,内蒙古民族大学,500,选考化学,,,484,82760
3080,内蒙古民族大学,600,选考生物学,,,483,83635
3081,内蒙古农业大学,500,选考化学,,,486,81079
3082,内蒙古师范大学,500,选考化学,,,473,92111
3082,内蒙古师范大学,999,不限选考科目,,,480,86154
3083,内蒙古医科大学,516,选考化学且生物学,,,456,106608
3083,内蒙古医科大学,600,选考生物学,,,530,47532
3085,宁波财经学院,500,选考化学,,,466,98212
3085,宁波财经学院,999,不限选考科目,,,466,98212
3086,宁波大学,500,选考化学,,,591,15883
3086,宁波大学,999,不限选考科目,,,570,24825
3087,宁波大学（中外合作）,500,选考化学,,,578,21173
3087,宁波大学（中外合作）,900,选考地理,,,567,26218
3088,宁波大学科学技术学院,500,选考化学,,,477,88668
3088,宁波大学科学技术学院,999,不限选考科目,,,472,92964
3089,宁波工程学院,500,选考化学,,,533,45540
3090,宁波工程学院（中外合作）,500,选考化学,,,518,55877
3091,宁波诺丁汉大学,500,选考化学,,,572,23889
3091,宁波诺丁汉大学,999,不限选考科目,,,566,26736
3092,宁夏大学,500,选考化学,,,575,22544
3092,宁夏大学,999,不限选考科目,,,556,31880
3094,宁夏大学（中外合作）,500,选考化学,,,536,43666
3095,宁夏大学新华学院,500,选考化学,,,461,102421
3095,宁夏大学新华学院,999,不限选考科目,,,472,92964
3096,宁夏理工学院,500,选考化学,,,456,106608
3096,宁夏理工学院,999,不限选考科目,,,455,107492
3097,宁夏师范大学,500,选考化学,,,489,78616
3097,宁夏师范大学,999,不限选考科目,,,488,79451
3098,宁夏医科大学,500,选考化学,,,518,55877
3098,宁夏医科大学,516,选考化学且生物学,,,498,71202
3098,宁夏医科大学,999,不限选考科目,,,500,69546
3099,攀枝花学院,500,选考化学,,,518,55877
3100,平顶山学院,500,选考化学,,,489,78616
3100,平顶山学院,999,不限选考科目,,,486,81079
3101,萍乡学院,500,选考化学,,,496,72818
3101,萍乡学院,999,不限选考科目,,,502,67989
3102,普洱学院,500,选考化学,,,488,79451
3103,齐鲁工业大学,500,选考化学,,,526,50184
3104,齐鲁理工学院,500,选考化学,,,456,106608
3105,齐鲁医药学院,500,选考化学,,,477,88668
3106,齐齐哈尔大学,500,选考化学,,,475,90360
3107,齐齐哈尔医学院,500,选考化学,,,497,72041
3107,齐齐哈尔医学院,516,选考化学且生物学,,,504,66452
3108,黔南民族师范学院,500,选考化学,,,489,78616
3109,青岛滨海学院,500,选考化学,,,461,102421
3110,青岛城市学院,500,选考化学,,,460,103242
3110,青岛城市学院,999,不限选考科目,,,458,104965
3111,青岛大学,500,选考化学,,,544,38598
3111,青岛大学,600,选考生物学,,,539,41729
3111,青岛大学,999,不限选考科目,,,562,28701
3113,青岛工学院,500,选考化学,,,455,107492
3113,青岛工学院,999,不限选考科目,,,455,107492
3114,青岛恒星科技学院,500,选考化学,,,447,114226
3114,青岛恒星科技学院,999,不限选考科目,,,447,114226
3115,青岛黄海学院,500,选考化学,,,453,109170
3115,青岛黄海学院,600,选考生物学,,,473,92111
3115,青岛黄海学院,999,不限选考科目,,,456,106608
3116,青岛科技大学,500,选考化学,,,542,39897
3116,青岛科技大学,999,不限选考科目,,,544,38598
3117,青岛科技大学（中外合作）,500,选考化学,,,516,57329
3118,青岛理工大学,500,选考化学,,,530,47532
3118,青岛理工大学,999,不限选考科目,,,522,53007
3119,青岛理工大学（中外合作）,500,选考化学,,,506,64873
3119,青岛理工大学（中外合作）,999,不限选考科目,,,507,64125
3120,青岛农业大学,500,选考化学,,,476,89467
3121,青岛农业大学海都学院,500,选考化学,,,469,95545
3121,青岛农业大学海都学院,600,选考生物学,,,471,93819
3121,青岛农业大学海都学院,999,不限选考科目,,,466,98212
3122,青海大学,500,选考化学,,,561,29212
3122,青海大学,516,选考化学且生物学,,,547,36813
3122,青海大学,999,不限选考科目,,,564,27712
3123,青海理工学院,500,选考化学,,,497,72041
3123,青海理工学院,999,不限选考科目,,,492,76112
3124,青海民族大学,500,选考化学,,,492,76112
3124,青海民族大学,999,不限选考科目,,,492,76112
3125,青海民族大学（中外合作）,900,选考地理,,,465,99057
3126,青海师范大学,500,选考化学,,,511,61013
3126,青海师范大学,900,选考地理,,,518,55877
3127,青海职业技术大学,999,不限选考科目,,,486,81079
3128,清华大学,500,选考化学,,,684,100
3129,琼台师范学院,500,选考化学,,,496,72818
3130,琼台师范学院（中外合作）,999,不限选考科目,,,454,108322
3131,曲阜师范大学,500,选考化学,,,528,48837
3131,曲阜师范大学,900,选考地理,,,538,42366
3131,曲阜师范大学,999,不限选考科目,,,510,61799
3132,曲靖师范学院,500,选考化学,,,495,73670
3132,曲靖师范学院,900,选考地理,,,506,64873
3132,曲靖师范学院,999,不限选考科目,,,490,77780
3133,衢州学院,500,选考化学,,,526,50184
3133,衢州学院,999,不限选考科目,,,507,64125
3134,三江学院,500,选考化学,,,465,99057
3134,三江学院,999,不限选考科目,,,459,104060
3135,三峡大学,500,选考化学,,,570,24825
3135,三峡大学,999,不限选考科目,,,548,36213
3136,三峡大学科技学院,500,选考化学,,,480,86154
3137,三亚学院,500,选考化学,,,441,119155
3137,三亚学院,999,不限选考科目,,,441,119155
3138,山东财经大学,500,选考化学,,,558,30799
3138,山东财经大学,999,不限选考科目,,,533,45540
3139,山东大学,500,选考化学,,,630,4805
3139,山东大学,516,选考化学且生物学,,,643,2663
3140,山东大学（护理）,600,选考生物学,,,594,14801
3141,山东大学威海分校,500,选考化学,,,626,5610
3142,山东第二医科大学,500,选考化学,,,524,51599
3142,山东第二医科大学,999,不限选考科目,,,517,56618
3143,山东第一医科大学,500,选考化学,,,504,66452
3143,山东第一医科大学,999,不限选考科目,,,524,51599
3144,山东工商学院,500,选考化学,,,510,61799
3144,山东工商学院,999,不限选考科目,,,498,71202
3145,山东工艺美术学院,500,选考化学,,,475,90360
3145,山东工艺美术学院,999,不限选考科目,,,468,96446
3146,山东航空学院,500,选考化学,,,515,58055
3147,山东建筑大学,500,选考化学,,,456,106608
3147,山东建筑大学,999,不限选考科目,,,504,66452
3148,山东建筑大学（中外合作）,500,选考化学,,,484,82760
3148,山东建筑大学（中外合作）,999,不限选考科目,,,464,99902
3149,山东交通学院,500,选考化学,,,515,58055
3149,山东交通学院,999,不限选考科目,,,508,63376
3150,山东科技大学,500,选考化学,,,551,34510
3150,山东科技大学,900,选考地理,,,567,26218
3150,山东科技大学,999,不限选考科目,,,552,33956
3151,山东科技大学（中外合作）,500,选考化学,,,543,39235
3151,山东科技大学（中外合作）,999,不限选考科目,,,523,52278
3152,山东理工大学,500,选考化学,,,536,43666
3153,山东农业大学,500,选考化学,,,450,111729
3154,山东女子学院,999,不限选考科目,,,488,79451
3155,山东师范大学,500,选考化学,,,546,37396
3155,山东师范大学,900,选考地理,,,564,27712
3155,山东师范大学,999,不限选考科目,,,535,44290
3157,山东石油化工学院,500,选考化学,,,515,58055
3158,山东外国语职业技术大学,999,不限选考科目,,,453,109170
3159,山东协和学院,500,选考化学,,,467,97377
3159,山东协和学院,600,选考生物学,,,473,92111
3161,山东英才学院,500,选考化学,,,445,115833
3161,山东英才学院,999,不限选考科目,,,441,119155
3162,山东中医药大学,500,选考化学,,,504,66452
3162,山东中医药大学,999,不限选考科目,,,547,36813
3163,汕头大学,500,选考化学,,,573,23443
3163,汕头大学,999,不限选考科目,,,571,24364
3164,山西财经大学,500,选考化学,,,546,37396
3164,山西财经大学,900,选考地理,,,526,50184
3164,山西财经大学,999,不限选考科目,,,524,51599
3165,山西财经大学（中外合作）,999,不限选考科目,,,528,48837
3166,山西传媒学院,500,选考化学,,,497,72041
3167,山西大同大学,500,选考化学,,,506,64873
3167,山西大同大学,516,选考化学且生物学,,,526,50184
3168,山西大学,500,选考化学,,,574,22981
3168,山西大学,999,不限选考科目,,,555,32381
3169,山西工程技术学院,500,选考化学,,,490,77780
3169,山西工程技术学院,900,选考地理,,,506,64873
3169,山西工程技术学院,999,不限选考科目,,,489,78616
3170,山西工学院,500,选考化学,,,502,67989
3171,陕西国际商贸学院,500,选考化学,,,441,119155
3172,山西晋中理工学院,500,选考化学,,,478,87828
3173,陕西科技大学,500,选考化学,,,552,33956
3173,陕西科技大学,999,不限选考科目,,,552,33956
3174,陕西科技大学（中外合作）,500,选考化学,,,536,43666
3175,陕西理工大学,500,选考化学,,,512,60283
3175,陕西理工大学,700,选考思想政治,,,527,49465
3175,陕西理工大学,900,选考地理,,,531,46854
3175,陕西理工大学,999,不限选考科目,,,479,86939
3176,山西农业大学,500,选考化学,,,481,85345
3176,山西农业大学,516,选考化学且生物学,,,491,76979
3177,山西师范大学,500,选考化学,,,508,63376
3177,山西师范大学,900,选考地理,,,520,54409
3177,山西师范大学,999,不限选考科目,,,508,63376
3178,陕西师范大学,500,选考化学,,,611,9314
3178,陕西师范大学,999,不限选考科目,,,595,14450
3179,陕西师范大学（中外合作）,500,选考化学,,,578,21173
3180,陕西学前师范学院,500,选考化学,,,493,75303
3181,山西医科大学,500,选考化学,,,514,58785
3181,山西医科大学,516,选考化学且生物学,,,521,53711
3181,山西医科大学,600,选考生物学,,,502,67989
3181,山西医科大学,999,不限选考科目,,,509,62571
3182,陕西中医药大学,500,选考化学,,,503,67246
3182,陕西中医药大学,999,不限选考科目,,,544,38598
3183,山西中医药大学,500,选考化学,,,485,81945
3183,山西中医药大学,600,选考生物学,,,492,76112
3183,山西中医药大学,999,不限选考科目,,,511,61013
3184,上海财经大学,500,选考化学,,,629,5008
3184,上海财经大学,999,不限选考科目,,,624,6019
3185,上海财经大学浙江学院,500,选考化学,,,487,80259
3185,上海财经大学浙江学院,999,不限选考科目,,,481,85345
3186,上海大学,500,选考化学,,,626,5610
3186,上海大学,999,不限选考科目,,,619,7186
3188,上海大学（中外合作）,500,选考化学,,,594,14801
3189,上海第二工业大学,500,选考化学,,,565,27225
3190,上海电机学院,500,选考化学,,,552,33956
3190,上海电机学院,999,不限选考科目,,,536,43666
3191,上海电力大学,500,选考化学,,,601,12436
3192,上海对外经贸大学,999,不限选考科目,,,588,17024
3193,上海对外经贸大学（中外合作）,999,不限选考科目,,,574,22981
3194,上海工程技术大学,500,选考化学,,,556,31880
3194,上海工程技术大学,999,不限选考科目,,,540,41148
3195,上海海关学院,999,不限选考科目,,,588,17024
3198,上海海事大学,500,选考化学,,,583,19062
3198,上海海事大学,999,不限选考科目,,,587,17424
3199,上海海洋大学,500,选考化学,,,573,23443
3200,上海海洋大学（中外合作）,999,不限选考科目,,,565,27225
3201,上海健康医学院,500,选考化学,,,516,57329
3202,上海建桥学院,500,选考化学,,,459,104060
3202,上海建桥学院,600,选考生物学,,,468,96446
3203,上海交通大学,500,选考化学,,,674,308
3204,上海交通大学（中外合作）,500,选考化学,,,667,577
3205,上海交通大学医学院,500,选考化学,,,652,1634
3206,上海交通大学医学院（八年制）,500,选考化学,,,669,495
3208,上海立达学院,500,选考化学,,,442,118298
3208,上海立达学院,999,不限选考科目,,,441,119155
3209,上海理工大学,500,选考化学,,,596,14083
3210,上海理工大学（中外合作）,500,选考化学,,,588,17024
3211,上海立信会计金融学院,500,选考化学,,,555,32381
3211,上海立信会计金融学院,999,不限选考科目,,,549,35614
3213,上海杉达学院,500,选考化学,,,497,72041
3213,上海杉达学院,999,不限选考科目,,,501,68791
3214,上海商学院,500,选考化学,,,553,33405
3214,上海商学院,999,不限选考科目,,,537,43014
3215,上海师范大学,500,选考化学,,,575,22544
3216,上海师范大学天华学院,999,不限选考科目,,,472,92964
3217,上海视觉艺术学院,999,不限选考科目,,,463,100752
3218,上海外国语大学,999,不限选考科目,,,606,10843
3219,上海外国语大学（中外合作）,999,不限选考科目,,,579,20738
3220,上海外国语大学贤达经济人文学院,999,不限选考科目,,,460,103242
3222,上海兴伟学院,999,不限选考科目,,,449,112582
3224,上海应用技术大学,500,选考化学,,,566,26736
3224,上海应用技术大学,999,不限选考科目,,,545,37957
3225,上海政法学院,999,不限选考科目,,,590,16253
3226,上海中侨职业技术大学,999,不限选考科目,,,444,116681
3227,上海中医药大学,500,选考化学,,,632,4442
3228,上海中医药大学（中外合作）,500,选考化学,,,575,22544
3229,商洛学院,500,选考化学,,,503,67246
3229,商洛学院,999,不限选考科目,,,497,72041
3230,商丘工学院,500,选考化学,,,471,93819
3231,商丘师范学院,500,选考化学,,,490,77780
3231,商丘师范学院,600,选考生物学,,,490,77780
3231,商丘师范学院,999,不限选考科目,,,486,81079
3232,上饶师范学院,500,选考化学,,,498,71202
3232,上饶师范学院,999,不限选考科目,,,497,72041
3233,韶关学院,500,选考化学,,,502,67989
3234,绍兴理工学院,500,选考化学,,,515,58055
3235,绍兴文理学院,500,选考化学,,,530,47532
3237,邵阳学院,500,选考化学,,,493,75303
3237,邵阳学院,999,不限选考科目,,,500,69546
3238,沈阳城市建设学院,500,选考化学,,,441,119155
3238,沈阳城市建设学院,999,不限选考科目,,,441,119155
3239,沈阳大学,500,选考化学,,,527,49465
3240,沈阳工程学院,500,选考化学,,,557,31329
3241,沈阳工业大学,500,选考化学,,,532,46183
3242,沈阳航空航天大学,500,选考化学,,,560,29717
3243,沈阳化工大学,500,选考化学,,,520,54409
3244,沈阳建筑大学,500,选考化学,,,494,74485
3244,沈阳建筑大学,999,不限选考科目,,,496,72818
3245,沈阳建筑大学（五年制）,999,不限选考科目,,,472,92964
3246,沈阳建筑大学（中外合作）,500,选考化学,,,513,59514
3246,沈阳建筑大学（中外合作）,999,不限选考科目,,,488,79451
3247,沈阳理工大学,500,选考化学,,,545,37957
3248,沈阳理工大学（中外合作1）,500,选考化学,,,512,60283
3249,沈阳理工大学（中外合作2）,500,选考化学,,,505,65653
3250,沈阳农业大学,500,选考化学,,,509,62571
3251,沈阳农业大学（中外合作）,500,选考化学,,,534,44918
3253,沈阳体育学院,999,不限选考科目,,,482,84464
3255,沈阳药科大学,500,选考化学,,,464,99902
3256,沈阳医学院,500,选考化学,,,519,55133
3256,沈阳医学院,600,选考生物学,,,493,75303
3259,深圳大学,500,选考化学,,,611,9314
3259,深圳大学,999,不限选考科目,,,608,10196
3260,深圳大学（中外合作）,999,不限选考科目,,,586,17831
3261,深圳技术大学,500,选考化学,,,599,13078
3262,石河子大学,500,选考化学,,,552,33956
3262,石河子大学,999,不限选考科目,,,549,35614
3263,石家庄铁道大学,500,选考化学,,,553,33405
3263,石家庄铁道大学,999,不限选考科目,,,540,41148
3264,石家庄铁道大学四方学院,500,选考化学,,,484,82760
3264,石家庄铁道大学四方学院,999,不限选考科目,,,483,83635
3265,首都经济贸易大学,500,选考化学,,,585,18234
3265,首都经济贸易大学,999,不限选考科目,,,587,17424
3266,首都经济贸易大学（中外合作）,500,选考化学,,,565,27225
3267,首都师范大学,500,选考化学,,,596,14083
3269,首都医科大学,500,选考化学,,,627,5412
3270,四川传媒学院,999,不限选考科目,,,490,77780
3271,四川大学,500,选考化学,,,626,5610
3273,四川大学（护理学）,500,选考化学,,,606,10843
3274,四川大学（建筑学）,999,不限选考科目,,,618,7421
3276,四川大学（医学类1）,500,选考化学,,,661,891
3277,四川大学（医学类2）,500,选考化学,,,656,1271
3278,四川大学（医学类3）,500,选考化学,,,643,2663
3279,四川大学（医学类）,500,选考化学,,,578,21173
3280,四川大学锦江学院,500,选考化学,,,472,92964
3280,四川大学锦江学院,700,选考思想政治,,,473,92111
3280,四川大学锦江学院,999,不限选考科目,,,470,94712
3281,四川电影电视学院,999,不限选考科目,,,473,92111
3282,四川工程职业技术大学,999,不限选考科目,,,494,74485
3283,四川工商学院,500,选考化学,,,477,88668
3283,四川工商学院,999,不限选考科目,,,479,86939
3284,四川工业科技学院,500,选考化学,,,466,98212
3284,四川工业科技学院,999,不限选考科目,,,458,104965
3285,四川警察学院,999,不限选考科目,,,537,43014
3286,四川旅游学院,500,选考化学,,,505,65653
3286,四川旅游学院,999,不限选考科目,,,504,66452
3287,四川旅游学院（中外合作）,500,选考化学,,,472,92964
3288,四川美术学院,500,选考化学,,,575,22544
3288,四川美术学院,999,不限选考科目,,,536,43666
3289,四川农业大学,500,选考化学,,,570,24825
3289,四川农业大学,600,选考生物学,,,577,21588
3289,四川农业大学,999,不限选考科目,,,570,24825
3290,四川轻化工大学,500,选考化学,,,528,48837
3291,四川师范大学,500,选考化学,,,551,34510
3291,四川师范大学,999,不限选考科目,,,545,37957
3292,四川外国语大学,999,不限选考科目,,,540,41148
3293,四川外国语大学（中外合作1）,999,不限选考科目,,,529,48168
3294,四川外国语大学（中外合作2）,999,不限选考科目,,,538,42366
3296,四川文理学院,500,选考化学,,,501,68791
3296,四川文理学院,999,不限选考科目,,,494,74485
3298,苏州城市学院,500,选考化学,,,542,39897
3299,苏州大学,500,选考化学,,,621,6705
3300,苏州大学（医学类）,500,选考化学,,,596,14083
3301,苏州大学（中外合作）,500,选考化学,,,586,17831
3302,苏州工学院,500,选考化学,,,527,49465
3303,苏州科技大学,500,选考化学,,,561,29212
3304,苏州科技大学（中外合作）,500,选考化学,,,531,46854
3304,苏州科技大学（中外合作）,999,不限选考科目,,,529,48168
3305,苏州科技大学天平学院,500,选考化学,,,473,92111
3305,苏州科技大学天平学院,999,不限选考科目,,,479,86939
3306,塔里木大学,500,选考化学,,,496,72818
3306,塔里木大学,999,不限选考科目,,,497,72041
3307,泰山科技学院,500,选考化学,,,452,110007
3307,泰山科技学院,999,不限选考科目,,,441,119155
3308,泰山学院,500,选考化学,,,491,76979
3309,太原工业学院,500,选考化学,,,495,73670
3310,太原科技大学,500,选考化学,,,529,48168
3310,太原科技大学,999,不限选考科目,,,529,48168
3311,太原理工大学,500,选考化学,,,586,17831
3312,太原师范学院,500,选考化学,,,495,73670
3312,太原师范学院,900,选考地理,,,508,63376
3313,太原学院,500,选考化学,,,484,82760
3313,太原学院,600,选考生物学,,,483,83635
3313,太原学院,999,不限选考科目,,,488,79451
3315,台州学院,500,选考化学,,,524,51599
3315,台州学院,999,不限选考科目,,,517,56618
3316,天津财经大学,500,选考化学,,,566,26736
3316,天津财经大学,999,不限选考科目,,,554,32905
3317,天津财经大学珠江学院,999,不限选考科目,,,470,94712
3318,天津城建大学,500,选考化学,,,521,53711
3318,天津城建大学,900,选考地理,,,536,43666
3318,天津城建大学,999,不限选考科目,,,520,54409
3319,天津城建大学（中外合作）,999,不限选考科目,,,482,84464
3321,天津大学,500,选考化学,,,642,2817
3322,天津工业大学,500,选考化学,,,575,22544
3322,天津工业大学,999,不限选考科目,,,566,26736
3324,天津工业大学（中外合作）,500,选考化学,,,581,19899
3325,天津科技大学,500,选考化学,,,545,37957
3325,天津科技大学,999,不限选考科目,,,543,39235
3326,天津科技大学（中澳合作）,999,不限选考科目,,,548,36213
3327,天津科技大学（中日合作）,500,选考化学,,,556,31880
3328,天津理工大学,500,选考化学,,,569,25291
3328,天津理工大学,999,不限选考科目,,,526,50184
3329,天津理工大学中环信息学院,500,选考化学,,,477,88668
3329,天津理工大学中环信息学院,999,不限选考科目,,,474,91278
3331,天津农学院,500,选考化学,,,499,70339
3332,天津仁爱学院,500,选考化学,,,444,116681
3332,天津仁爱学院,999,不限选考科目,,,444,116681
3333,天津商业大学,500,选考化学,,,541,40511
3333,天津商业大学,999,不限选考科目,,,529,48168
3335,天津商业大学宝德学院,999,不限选考科目,,,478,87828
3336,天津师范大学,500,选考化学,,,544,38598
3336,天津师范大学,999,不限选考科目,,,521,53711
3337,天津师范大学（高收费）,500,选考化学,,,572,23889
3339,天津体育学院,999,不限选考科目,,,480,86154
3340,天津外国语大学,500,选考化学,,,560,29717
3340,天津外国语大学,999,不限选考科目,,,546,37396
3341,天津外国语大学（中外合作）,999,不限选考科目,,,544,38598
3342,天津外国语大学滨海外事学院,999,不限选考科目,,,476,89467
3343,天津医科大学,500,选考化学,,,570,24825
3343,天津医科大学,516,选考化学且生物学,,,606,10843
3344,天津医科大学临床医学院,500,选考化学,,,488,79451
3344,天津医科大学临床医学院,516,选考化学且生物学,,,524,51599
3344,天津医科大学临床医学院,999,不限选考科目,,,482,84464
3346,天津职业技术师范大学,500,选考化学,,,508,63376
3346,天津职业技术师范大学,999,不限选考科目,,,489,78616
3347,天津职业技术师范大学（中外合作）,500,选考化学,,,499,70339
3348,天津中德应用技术大学,500,选考化学,,,519,55133
3348,天津中德应用技术大学,999,不限选考科目,,,503,67246
3349,天津中医药大学,500,选考化学,,,555,32381
3350,天津中医药大学（中外合作）,500,选考化学,,,544,38598
3351,通化师范学院,500,选考化学,,,486,81079
3352,通化师范学院（中外合作）,500,选考化学,,,467,97377
3353,同济大学,500,选考化学,,,656,1271
3354,同济大学（技术科学试验班）,500,选考化学,,,650,1821
3355,同济大学（医学类）,500,选考化学,,,646,2277
3356,同济大学（中外合作）,500,选考化学,,,646,2277
3357,铜陵学院,500,选考化学,,,496,72818
3358,铜仁学院,500,选考化学,,,496,72818
3359,铜仁学院（中外合作）,500,选考化学,,,469,95545
3361,皖江工学院,500,选考化学,,,461,102421
3364,潍坊学院,500,选考化学,,,495,73670
3364,潍坊学院,516,选考化学且生物学,,,489,78616
3364,潍坊学院,999,不限选考科目,,,496,72818
3365,渭南师范学院,500,选考化学,,,490,77780
3367,文华学院,500,选考化学,,,469,95545
3367,文华学院,999,不限选考科目,,,464,99902
3368,文山学院,500,选考化学,,,488,79451
3369,温州大学,500,选考化学,,,558,30799
3369,温州大学,999,不限选考科目,,,548,36213
3370,温州大学（中外合作）,500,选考化学,,,545,37957
3371,温州肯恩大学,500,选考化学,,,549,35614
3371,温州肯恩大学,999,不限选考科目,,,551,34510
3372,温州理工学院,500,选考化学,,,531,46854
3373,温州商学院,500,选考化学,,,472,92964
3373,温州商学院,999,不限选考科目,,,458,104965
3374,温州医科大学,500,选考化学,,,584,18650
3375,温州医科大学（中外合作）,500,选考化学,,,573,23443
3376,温州医科大学仁济学院,500,选考化学,,,485,81945
3377,武昌工学院,500,选考化学,,,468,96446
3378,武昌理工学院,500,选考化学,,,469,95545
3379,武昌首义学院,500,选考化学,,,474,91278
3379,武昌首义学院,999,不限选考科目,,,472,92964
3380,武汉城市学院,500,选考化学,,,470,94712
3380,武汉城市学院,999,不限选考科目,,,471,93819
3381,武汉传媒学院,999,不限选考科目,,,474,91278
3382,武汉大学,500,选考化学,,,654,1453
3382,武汉大学,999,不限选考科目,,,648,2036
3384,武汉大学（医学护理类）,500,选考化学,,,589,16625
3385,武汉大学（中外合作）,500,选考化学,,,606,10843
3386,武汉东湖学院,500,选考化学,,,468,96446
3386,武汉东湖学院,999,不限选考科目,,,465,99057
3387,武汉纺织大学,500,选考化学,,,538,42366
3388,武汉纺织大学外经贸学院,999,不限选考科目,,,465,99057
3389,武汉工程大学,500,选考化学,,,571,24364
3389,武汉工程大学,999,不限选考科目,,,535,44290
3390,武汉工程大学（中外合作）,500,选考化学,,,534,44918
3391,武汉工程大学邮电与信息工程学院,500,选考化学,,,473,92111
3392,武汉工程科技学院,500,选考化学,,,463,100752
3393,武汉工商学院,500,选考化学,,,478,87828
3393,武汉工商学院,999,不限选考科目,,,471,93819
3394,武汉华夏理工学院,500,选考化学,,,477,88668
3394,武汉华夏理工学院,999,不限选考科目,,,471,93819
3395,武汉科技大学,500,选考化学,,,585,18234
3395,武汉科技大学,999,不限选考科目,,,564,27712
3396,武汉理工大学,500,选考化学,,,607,10504
3397,武汉理工大学（中外合作）,500,选考化学,,,593,15145
3398,武汉晴川学院,500,选考化学,,,475,90360
3398,武汉晴川学院,999,不限选考科目,,,469,95545
3399,武汉轻工大学,500,选考化学,,,544,38598
3400,武汉轻工大学（中外合作1）,500,选考化学,,,512,60283
3400,武汉轻工大学（中外合作1）,999,不限选考科目,,,504,66452
3401,武汉轻工大学（中外合作2）,500,选考化学,,,504,66452
3404,武汉设计工程学院,500,选考化学,,,470,94712
3404,武汉设计工程学院,999,不限选考科目,,,460,103242
3405,武汉生物工程学院,500,选考化学,,,468,96446
3406,武汉体育学院,500,选考化学,,,516,57329
3406,武汉体育学院,999,不限选考科目,,,510,61799
3407,武汉体育学院体育科技学院,999,不限选考科目,,,462,101574
3408,武汉文理学院,500,选考化学,,,475,90360
3408,武汉文理学院,600,选考生物学,,,489,78616
3408,武汉文理学院,999,不限选考科目,,,477,88668
3409,武汉学院,500,选考化学,,,482,84464
3409,武汉学院,999,不限选考科目,,,467,97377
3411,武汉职业技术大学,999,不限选考科目,,,504,66452
3412,芜湖学院,500,选考化学,,,479,86939
3416,无锡太湖学院,500,选考化学,,,470,94712
3416,无锡太湖学院,600,选考生物学,,,463,100752
3416,无锡太湖学院,999,不限选考科目,,,466,98212
3417,无锡学院,500,选考化学,,,546,37396
3418,无锡学院（中外合作）,500,选考化学,,,519,55133
3419,五邑大学,500,选考化学,,,528,48837
3420,梧州学院,500,选考化学,,,493,75303
3420,梧州学院,999,不限选考科目,,,491,76979
3421,西安财经大学,999,不限选考科目,,,545,37957
3422,西安财经大学（中外合作）,999,不限选考科目,,,534,44918
3423,西安电子科技大学,500,选考化学,,,634,4065
3423,西安电子科技大学,999,不限选考科目,,,620,6942
3424,西安电子科技大学（中外合作）,500,选考化学,,,619,7186
3424,西安电子科技大学（中外合作）,999,不限选考科目,,,612,9021
3425,西安翻译学院,500,选考化学,,,457,105800
3425,西安翻译学院,999,不限选考科目,,,452,110007
3426,西安工程大学,999,不限选考科目,,,520,54409
3427,西安工程大学（物化组1）,500,选考化学,,,558,30799
3428,西安工程大学（物化组2）,500,选考化学,,,520,54409
3429,西安工商学院,500,选考化学,,,463,100752
3429,西安工商学院,999,不限选考科目,,,452,110007
3430,西安工业大学,500,选考化学,,,570,24825
3431,西安工业大学（中外合作）,500,选考化学,,,546,37396
3432,西安建筑科技大学,500,选考化学,,,534,44918
3432,西安建筑科技大学,999,不限选考科目,,,568,25776
3433,西安建筑科技大学（中外合作）,500,选考化学,,,480,86154
3433,西安建筑科技大学（中外合作）,999,不限选考科目,,,451,110888
3434,西安建筑科技大学华清学院,500,选考化学,,,455,107492
3435,西安交通大学,500,选考化学,,,657,1185
3435,西安交通大学,999,不限选考科目,,,642,2817
3436,西安交通大学（定向）,500,选考化学,,,660,942
3437,西安交通大学（医学类）,500,选考化学,,,635,3867
3438,西安交通大学（中外合作）,500,选考化学,,,645,2412
3439,西安交通大学城市学院,500,选考化学,,,480,86154
3440,西安交通工程学院,500,选考化学,,,460,103242
3440,西安交通工程学院,999,不限选考科目,,,446,115031
3441,西安科技大学,500,选考化学,,,558,30799
3441,西安科技大学,999,不限选考科目,,,565,27225
3442,西安科技大学高新学院,500,选考化学,,,469,95545
3443,西安理工大学,500,选考化学,,,582,19495
3444,西安理工大学（中外合作）,500,选考化学,,,535,44290
3446,西安明德理工学院,500,选考化学,,,461,102421
3447,西安欧亚学院,500,选考化学,,,442,118298
3447,西安欧亚学院,999,不限选考科目,,,443,117511
3448,西安培华学院,500,选考化学,,,465,99057
3448,西安培华学院,600,选考生物学,,,480,86154
3448,西安培华学院,999,不限选考科目,,,455,107492
3449,西安石油大学,500,选考化学,,,541,40511
3449,西安石油大学,999,不限选考科目,,,543,39235
3450,西安思源学院,500,选考化学,,,465,99057
3450,西安思源学院,999,不限选考科目,,,454,108322
3451,西安外国语大学,500,选考化学,,,568,25776
3451,西安外国语大学,999,不限选考科目,,,551,34510
3453,西安文理学院,500,选考化学,,,498,71202
3453,西安文理学院,516,选考化学且生物学,,,506,64873
3454,西安信息职业大学,999,不限选考科目,,,457,105800
3455,西安医学院,500,选考化学,,,482,84464
3455,西安医学院,600,选考生物学,,,486,81079
3457,西安邮电大学,500,选考化学,,,592,15507
3457,西安邮电大学,999,不限选考科目,,,584,18650
3458,西安邮电大学（中外合作）,500,选考化学,,,573,23443
3459,西北大学,500,选考化学,,,588,17024
3459,西北大学,999,不限选考科目,,,601,12436
3460,西北大学（口腔医学）,500,选考化学,,,606,10843
3461,西北大学（中外合作）,500,选考化学,,,583,19062
3462,西北工业大学,500,选考化学,,,652,1634
3463,西北工业大学（中外合作）,500,选考化学,,,622,6483
3464,西北民族大学,500,选考化学,,,486,81079
3464,西北民族大学,999,不限选考科目,,,498,71202
3467,西北农林科技大学,500,选考化学,,,598,13403
3467,西北农林科技大学,516,选考化学且生物学,,,609,9900
3467,西北农林科技大学,600,选考生物学,,,597,13740
3467,西北农林科技大学,900,选考地理,,,602,12115
3467,西北农林科技大学,999,不限选考科目,,,601,12436
3468,西北农林科技大学（中外合作）,500,选考化学,,,577,21588
3469,西北师范大学,500,选考化学,,,540,41148
3469,西北师范大学,900,选考地理,,,537,43014
3469,西北师范大学,999,不限选考科目,,,530,47532
3470,西北政法大学,999,不限选考科目,,,586,17831
3471,西藏大学,500,选考化学,,,541,40511
3471,西藏大学,516,选考化学且生物学,,,545,37957
3471,西藏大学,999,不限选考科目,,,541,40511
3472,西昌学院,500,选考化学,,,494,74485
3473,西华大学,500,选考化学,,,542,39897
3473,西华大学,999,不限选考科目,,,532,46183
3474,西华师范大学,500,选考化学,,,522,53007
3475,西交利物浦大学,500,选考化学,,,574,22981
3475,西交利物浦大学,999,不限选考科目,,,573,23443
3476,西京学院,500,选考化学,,,472,92964
3476,西京学院,600,选考生物学,,,471,93819
3476,西京学院,999,不限选考科目,,,462,101574
3477,西南财经大学,500,选考化学,,,615,8194
3477,西南财经大学,999,不限选考科目,,,612,9021
3478,西南财经大学（中外合作）,999,不限选考科目,,,562,28701
3479,西南财经大学天府学院,500,选考化学,,,468,96446
3479,西南财经大学天府学院,999,不限选考科目,,,471,93819
3480,西南大学,500,选考化学,,,600,12735
3480,西南大学,516,选考化学且生物学,,,604,11461
3480,西南大学,600,选考生物学,,,593,15145
3480,西南大学,900,选考地理,,,594,14801
3480,西南大学,999,不限选考科目,,,586,17831
3482,西南大学（艺术学门类）,999,不限选考科目,,,589,16625
3483,西南大学（中外合作）,500,选考化学,,,576,22059
3483,西南大学（中外合作）,999,不限选考科目,,,586,17831
3484,西南大学（荣昌校区）,500,选考化学,,,580,20313
3484,西南大学（荣昌校区）,999,不限选考科目,,,584,18650
3485,西南大学（荣昌校区）（中外合作）,500,选考化学,,,562,28701
3486,西南交通大学,500,选考化学,,,599,13078
3487,西南交通大学（中外合作1）,500,选考化学,,,567,26218
3488,西南交通大学（中外合作2）,500,选考化学,,,565,27225
3489,西南交通大学希望学院,500,选考化学,,,470,94712
3490,西南科技大学,500,选考化学,,,537,43014
3490,西南科技大学,999,不限选考科目,,,530,47532
3491,西南林业大学,500,选考化学,,,506,64873
3491,西南林业大学,999,不限选考科目,,,520,54409
3492,西南民族大学,500,选考化学,,,535,44290
3492,西南民族大学,999,不限选考科目,,,532,46183
3493,西南石油大学,500,选考化学,,,586,17831
3494,西南医科大学,500,选考化学,,,564,27712
3495,西南政法大学,999,不限选考科目,,,590,16253
3498,西南政法大学（中外合作）,999,不限选考科目,,,597,13740
3499,咸阳师范学院,500,选考化学,,,495,73670
3499,咸阳师范学院,999,不限选考科目,,,497,72041
3501,香港城市大学（东莞）,500,选考化学,,,617,7670
3505,香港珠海学院,999,不限选考科目,,,452,110007
3506,湘南学院,500,选考化学,,,506,64873
3506,湘南学院,999,不限选考科目,,,503,67246
3507,湘潭大学,500,选考化学,,,578,21173
3507,湘潭大学,999,不限选考科目,,,573,23443
3508,湘潭理工学院,500,选考化学,,,471,93819
3508,湘潭理工学院,999,不限选考科目,,,466,98212
3510,新疆财经大学,500,选考化学,,,493,75303
3510,新疆财经大学,999,不限选考科目,,,487,80259
3511,新疆大学,500,选考化学,,,566,26736
3511,新疆大学,900,选考地理,,,572,23889
3511,新疆大学,999,不限选考科目,,,557,31329
3512,新疆第二医学院,500,选考化学,,,474,91278
3512,新疆第二医学院,516,选考化学且生物学,,,467,97377
3512,新疆第二医学院,617,选考生物学且思想政治,,,494,74485
3513,新疆工程学院,500,选考化学,,,478,87828
3513,新疆工程学院,999,不限选考科目,,,484,82760
3514,新疆和田学院,500,选考化学,,,482,84464
3514,新疆和田学院,999,不限选考科目,,,482,84464
3516,新疆科技学院,500,选考化学,,,480,86154
3516,新疆科技学院,516,选考化学且生物学,,,475,90360
3516,新疆科技学院,999,不限选考科目,,,479,86939
3517,新疆理工学院,500,选考化学,,,480,86154
3517,新疆理工学院,999,不限选考科目,,,479,86939
3518,新疆农业大学,500,选考化学,,,478,87828
3518,新疆农业大学,999,不限选考科目,,,491,76979
3519,新疆农业大学（高收费）,999,不限选考科目,,,478,87828
3520,新疆师范大学,500,选考化学,,,486,81079
3520,新疆师范大学,700,选考思想政治,,,532,46183
3520,新疆师范大学,900,选考地理,,,507,64125
3520,新疆师范大学,999,不限选考科目,,,485,81945
3521,新疆医科大学,500,选考化学,,,495,73670
3521,新疆医科大学,516,选考化学且生物学,,,474,91278
3521,新疆医科大学,999,不限选考科目,,,498,71202
3523,新疆政法学院,500,选考化学,,,486,81079
3523,新疆政法学院,999,不限选考科目,,,484,82760
3524,新乡学院,500,选考化学,,,486,81079
3525,信阳师范大学,500,选考化学,,,484,82760
3526,信阳学院,500,选考化学,,,483,83635
3527,新余学院,500,选考化学,,,508,63376
3528,忻州师范学院,500,选考化学,,,489,78616
3528,忻州师范学院,516,选考化学且生物学,,,482,84464
3528,忻州师范学院,900,选考地理,,,490,77780
3528,忻州师范学院,999,不限选考科目,,,486,81079
3529,邢台学院,700,选考思想政治,,,504,66452
3529,邢台学院,999,不限选考科目,,,492,76112
3530,徐州工程学院,500,选考化学,,,542,39897
3531,徐州医科大学,500,选考化学,,,558,30799
3532,延安大学,500,选考化学,,,513,59514
3532,延安大学,999,不限选考科目,,,512,60283
3533,延边大学,500,选考化学,,,569,25291
3533,延边大学,900,选考地理,,,568,25776
3533,延边大学,999,不限选考科目,,,571,24364
3534,盐城工学院,500,选考化学,,,539,41729
3535,盐城师范学院,500,选考化学,,,507,64125
3535,盐城师范学院,999,不限选考科目,,,510,61799
3537,燕山大学,500,选考化学,,,588,17024
3538,烟台大学,500,选考化学,,,526,50184
3538,烟台大学,999,不限选考科目,,,517,56618
3540,烟台科技学院,500,选考化学,,,468,96446
3540,烟台科技学院,999,不限选考科目,,,467,97377
3541,烟台南山学院,500,选考化学,,,478,87828
3542,扬州大学,500,选考化学,,,571,24364
3542,扬州大学,999,不限选考科目,,,555,32381
3543,扬州大学广陵学院,500,选考化学,,,499,70339
3544,宜宾学院,500,选考化学,,,515,58055
3545,宜春学院,500,选考化学,,,497,72041
3545,宜春学院,516,选考化学且生物学,,,503,67246
3545,宜春学院,600,选考生物学,,,498,71202
3545,宜春学院,999,不限选考科目,,,503,67246
3546,伊犁师范大学,500,选考化学,,,484,82760
3546,伊犁师范大学,900,选考地理,,,487,80259
3546,伊犁师范大学,999,不限选考科目,,,478,87828
3547,右江民族医学院,500,选考化学,,,511,61013
3547,右江民族医学院,600,选考生物学,,,500,69546
3547,右江民族医学院,999,不限选考科目,,,489,78616
3548,豫北医学院,500,选考化学,,,493,75303
3548,豫北医学院,516,选考化学且生物学,,,525,50881
3548,豫北医学院,600,选考生物学,,,487,80259
3549,玉林师范学院,500,选考化学,,,499,70339
3549,玉林师范学院,516,选考化学且生物学,,,489,78616
3550,玉溪师范学院,500,选考化学,,,493,75303
3551,豫章师范学院,500,选考化学,,,485,81945
3551,豫章师范学院,999,不限选考科目,,,488,79451
3552,岳阳学院,500,选考化学,,,460,103242
3552,岳阳学院,999,不限选考科目,,,449,112582
3553,运城学院,500,选考化学,,,486,81079
3553,运城学院,999,不限选考科目,,,473,92111
3554,运城职业技术大学,999,不限选考科目,,,472,92964
3555,云南财经大学,500,选考化学,,,526,50184
3555,云南财经大学,700,选考思想政治,,,514,58785
3555,云南财经大学,999,不限选考科目,,,502,67989
3556,云南财经大学（中外合作）,999,不限选考科目,,,515,58055
3557,云南大学,500,选考化学,,,584,18650
3557,云南大学,516,选考化学且生物学,,,592,15507
3557,云南大学,700,选考思想政治,,,598,13403
3557,云南大学,900,选考地理,,,583,19062
3557,云南大学,999,不限选考科目,,,584,18650
3558,云南大学（中外合作）,500,选考化学,,,550,35037
3558,云南大学（中外合作）,516,选考化学且生物学,,,582,19495
3559,云南工商学院,500,选考化学,,,463,100752
3560,云南警官学院,500,选考化学,,,519,55133
3561,云南经济管理学院,500,选考化学,,,459,104060
3561,云南经济管理学院,999,不限选考科目,,,466,98212
3562,云南民族大学,500,选考化学,,,531,46854
3563,云南农业大学,500,选考化学,,,502,67989
3563,云南农业大学,999,不限选考科目,,,507,64125
3564,云南农业大学（普洱校区）,500,选考化学,,,504,66452
3565,云南农业大学（中外合作）,500,选考化学,,,475,90360
3565,云南农业大学（中外合作）,999,不限选考科目,,,499,70339
3566,云南师范大学,500,选考化学,,,519,55133
3566,云南师范大学,900,选考地理,,,540,41148
3569,枣庄学院,500,选考化学,,,491,76979
3570,湛江科技学院,500,选考化学,,,455,107492
3570,湛江科技学院,999,不限选考科目,,,448,113439
3571,肇庆学院,500,选考化学,,,517,56618
3572,肇庆医学院,500,选考化学,,,510,61799
3573,浙大城市学院,500,选考化学,,,552,33956
3573,浙大城市学院,999,不限选考科目,,,534,44918
3574,浙大宁波理工学院,500,选考化学,,,538,42366
3574,浙大宁波理工学院,999,不限选考科目,,,530,47532
3575,浙江财经大学,500,选考化学,,,588,17024
3575,浙江财经大学,999,不限选考科目,,,575,22544
3576,浙江财经大学（中外合作）,999,不限选考科目,,,568,25776
3577,浙江财经大学东方学院,500,选考化学,,,477,88668
3577,浙江财经大学东方学院,999,不限选考科目,,,471,93819
3578,浙江传媒学院,500,选考化学,,,572,23889
3578,浙江传媒学院,999,不限选考科目,,,560,29717
3579,浙江传媒学院（高收费）,500,选考化学,,,519,55133
3581,浙江传媒学院（物理组1）,999,不限选考科目,,,545,37957
3582,浙江传媒学院（中外合作）,999,不限选考科目,,,548,36213
3583,浙江大学,500,选考化学,,,673,340
3584,浙江大学医学院,500,选考化学,,,650,1821
3585,浙江大学医学院（中外合作）,500,选考化学,,,642,2817
3586,浙江工商大学,500,选考化学,,,563,28208
3586,浙江工商大学,999,不限选考科目,,,566,26736
3587,浙江工商大学（中外合作）,500,选考化学,,,554,32905
3588,浙江工商大学杭州商学院,500,选考化学,,,478,87828
3588,浙江工商大学杭州商学院,999,不限选考科目,,,475,90360
3589,浙江工业大学,500,选考化学,,,594,14801
3589,浙江工业大学,999,不限选考科目,,,585,18234
3590,浙江工业大学（中外合作）,500,选考化学,,,583,19062
3591,浙江工业大学之江学院,500,选考化学,,,479,86939
3591,浙江工业大学之江学院,999,不限选考科目,,,480,86154
3592,浙江广厦建设职业技术大学,999,不限选考科目,,,441,119155
3593,浙江海洋大学,500,选考化学,,,530,47532
3593,浙江海洋大学,600,选考生物学,,,521,53711
3593,浙江海洋大学,999,不限选考科目,,,539,41729
3594,浙江海洋大学（中外合作）,500,选考化学,,,514,58785
3596,浙江科技大学,500,选考化学,,,557,31329
3596,浙江科技大学,999,不限选考科目,,,541,40511
3597,浙江科技大学（中外合作）,500,选考化学,,,503,67246
3598,浙江理工大学,500,选考化学,,,575,22544
3598,浙江理工大学,999,不限选考科目,,,567,26218
3599,浙江理工大学科技与艺术学院,500,选考化学,,,475,90360
3599,浙江理工大学科技与艺术学院,999,不限选考科目,,,475,90360
3600,浙江农林大学,500,选考化学,,,550,35037
3600,浙江农林大学,999,不限选考科目,,,547,36813
3601,浙江农林大学暨阳学院,500,选考化学,,,472,92964
3601,浙江农林大学暨阳学院,999,不限选考科目,,,475,90360
3602,浙江师范大学,500,选考化学,,,565,27225
3602,浙江师范大学,900,选考地理,,,559,30293
3602,浙江师范大学,999,不限选考科目,,,560,29717
3603,浙江师范大学（中外合作）,999,不限选考科目,,,533,45540
3604,浙江师范大学行知学院,500,选考化学,,,478,87828
3604,浙江师范大学行知学院,600,选考生物学,,,486,81079
3605,浙江树人学院,500,选考化学,,,468,96446
3605,浙江树人学院,600,选考生物学,,,476,89467
3605,浙江树人学院,999,不限选考科目,,,468,96446
3606,浙江水利水电学院,500,选考化学,,,540,41148
3606,浙江水利水电学院,999,不限选考科目,,,528,48837
3607,浙江水利水电学院（中外合作）,500,选考化学,,,532,46183
3608,浙江外国语学院,500,选考化学,,,531,46854
3608,浙江外国语学院,999,不限选考科目,,,526,50184
3609,浙江外国语学院（中外合作）,999,不限选考科目,,,516,57329
3610,浙江万里学院,500,选考化学,,,504,66452
3610,浙江万里学院,999,不限选考科目,,,505,65653
3611,浙江万里学院（中外合作）,999,不限选考科目,,,495,73670
3613,浙江越秀外国语学院,500,选考化学,,,460,103242
3613,浙江越秀外国语学院,999,不限选考科目,,,444,116681
3614,浙江中医药大学,500,选考化学,,,544,38598
3615,郑州财经学院,500,选考化学,,,471,93819
3615,郑州财经学院,999,不限选考科目,,,473,92111
3616,郑州大学,500,选考化学,,,596,14083
3616,郑州大学,999,不限选考科目,,,587,17424
3617,郑州大学（中外合作）,500,选考化学,,,578,21173
3618,郑州工程技术学院,500,选考化学,,,486,81079
3619,郑州工业应用技术学院,516,选考化学且生物学,,,467,97377
3619,郑州工业应用技术学院,999,不限选考科目,,,461,102421
3620,郑州航空工业管理学院,500,选考化学,,,527,49465
3620,郑州航空工业管理学院,999,不限选考科目,,,512,60283
3621,郑州航空工业管理学院（中外合作）,500,选考化学,,,521,53711
3624,郑州经贸学院,999,不限选考科目,,,474,91278
3625,郑州科技学院,500,选考化学,,,476,89467
3627,郑州轻工业大学,500,选考化学,,,538,42366
3628,郑州轻工业大学（中外合作1）,500,选考化学,,,532,46183
3629,郑州轻工业大学（中外合作2）,500,选考化学,,,498,71202
3630,郑州商学院,500,选考化学,,,482,84464
3630,郑州商学院,999,不限选考科目,,,470,94712
3631,郑州升达经贸管理学院,500,选考化学,,,477,88668
3631,郑州升达经贸管理学院,999,不限选考科目,,,471,93819
3633,郑州西亚斯学院,500,选考化学,,,467,97377
3633,郑州西亚斯学院,999,不限选考科目,,,441,119155
3634,中北大学,500,选考化学,,,566,26736
3634,中北大学,999,不限选考科目,,,530,47532
3635,中国传媒大学,500,选考化学,,,614,8461
3635,中国传媒大学,999,不限选考科目,,,601,12436
3636,中国传媒大学（艺术学门类）,999,不限选考科目,,,601,12436
3639,中国传媒大学（中外合作2）,500,选考化学,,,574,22981
3640,中国地质大学（北京）,500,选考化学,,,592,15507
3640,中国地质大学（北京）,999,不限选考科目,,,591,15883
3641,中国地质大学（武汉）,500,选考化学,,,592,15507
3642,中国地质大学（武汉）（中外合作1）,500,选考化学,,,584,18650
3643,中国地质大学（武汉）（中外合作2）,500,选考化学,,,573,23443
3644,中国地质大学（武汉）（中外合作3）,500,选考化学,,,590,16253
3645,中国地质大学（武汉）（中外合作4）,500,选考化学,,,587,17424
3646,中国海洋大学,500,选考化学,,,614,8461
3646,中国海洋大学,999,不限选考科目,,,612,9021
3647,中国海洋大学（中外合作1）,500,选考化学,,,614,8461
3648,中国海洋大学（中外合作2）,500,选考化学,,,599,13078
3649,中国海洋大学（中外合作3）,500,选考化学,,,609,9900
3650,中国海洋大学（中外合作4）,500,选考化学,,,610,9599
3652,中国计量大学,500,选考化学,,,590,16253
3652,中国计量大学,999,不限选考科目,,,584,18650
3653,中国计量大学现代科技学院,500,选考化学,,,494,74485
3654,中国科学技术大学,500,选考化学,,,670,458
3655,中国科学院大学,500,选考化学,,,671,418
3656,中国矿业大学,500,选考化学,,,599,13078
3656,中国矿业大学,999,不限选考科目,,,592,15507
3657,中国矿业大学（中外合作1）,500,选考化学,,,565,27225
3658,中国矿业大学（中外合作2）,500,选考化学,,,570,24825
3659,中国矿业大学（北京）,500,选考化学,,,594,14801
3659,中国矿业大学（北京）,999,不限选考科目,,,597,13740
3660,中国劳动关系学院,500,选考化学,,,535,44290
3660,中国劳动关系学院,999,不限选考科目,,,537,43014
3661,中国美术学院,500,选考化学,,,586,17831
3662,中国民航大学,500,选考化学,,,586,17831
3662,中国民航大学,999,不限选考科目,,,580,20313
3663,中国民用航空飞行学院,500,选考化学,,,559,30293
3663,中国民用航空飞行学院,700,选考思想政治,,,539,41729
3663,中国民用航空飞行学院,999,不限选考科目,,,538,42366
3664,中国农业大学,500,选考化学,,,625,5813
3665,中国农业大学（1+3模式）,500,选考化学,,,599,13078
3666,中国农业大学（中外合作）,999,不限选考科目,,,602,12115
3667,中国人民大学,500,选考化学,,,669,495
3667,中国人民大学,999,不限选考科目,,,667,577
3668,中国人民大学（苏州校区）,500,选考化学,,,657,1185
3669,中国人民大学（苏州校区）（中外合作）,999,不限选考科目,,,630,4805
3670,中国人民公安大学,999,不限选考科目,,,609,9900
3673,中国人民警察大学,500,选考化学,,,539,41729
3673,中国人民警察大学,700,选考思想政治,,,551,34510
3673,中国人民警察大学,999,不限选考科目,,,544,38598
3676,中国社会科学院大学,999,不限选考科目,,,611,9314
3677,中国石油大学（北京）,500,选考化学,,,604,11461
3678,中国石油大学（北京）克拉玛依校区,500,选考化学,,,577,21588
3678,中国石油大学（北京）克拉玛依校区,999,不限选考科目,,,576,22059
3679,中国石油大学（华东）,500,选考化学,,,600,12735
3679,中国石油大学（华东）,999,不限选考科目,,,591,15883
3685,中国药科大学,500,选考化学,,,598,13403
3686,中国药科大学（中外合作1）,500,选考化学,,,586,17831
3687,中国药科大学（中外合作2）,500,选考化学,,,578,21173
3688,中国医科大学,500,选考化学,,,575,22544
3689,中国医科大学（临床5+3）,500,选考化学,,,627,5412
3690,中国医科大学（试验班）,500,选考化学,,,609,9900
3691,中国医科大学（中外合作）,500,选考化学,,,499,70339
3693,中国政法大学,999,不限选考科目,,,617,7670
3695,中南财经政法大学,500,选考化学,,,611,9314
3695,中南财经政法大学,999,不限选考科目,,,598,13403
3698,中南财经政法大学（中外合作）,500,选考化学,,,581,19899
3698,中南财经政法大学（中外合作）,999,不限选考科目,,,567,26218
3699,中南大学,500,选考化学,,,624,6019
3699,中南大学,516,选考化学且生物学,,,620,6942
3701,中南大学（临床八年制）,516,选考化学且生物学,,,659,1024
3702,中南大学（中外合作1）,500,选考化学,,,610,9599
3703,中南大学（中外合作2）,500,选考化学,,,600,12735
3704,中南林业科技大学,500,选考化学,,,524,51599
3704,中南林业科技大学,600,选考生物学,,,547,36813
3704,中南林业科技大学,999,不限选考科目,,,524,51599
3705,中南林业科技大学涉外学院,500,选考化学,,,485,81945
3705,中南林业科技大学涉外学院,999,不限选考科目,,,481,85345
3706,中南民族大学,500,选考化学,,,551,34510
3706,中南民族大学,999,不限选考科目,,,551,34510
3707,中山大学,500,选考化学,,,641,2960
3707,中山大学,999,不限选考科目,,,632,4442
3708,中山大学（医学类）,500,选考化学,,,645,2412
3709,中央财经大学,500,选考化学,,,627,5412
3709,中央财经大学,999,不限选考科目,,,623,6240
3710,中央财经大学（中外合作）,999,不限选考科目,,,606,10843
3711,中央美术学院,999,不限选考科目,,,601,12436
3712,中央美术学院（中外合作）,999,不限选考科目,,,571,24364
3713,中央民族大学,500,选考化学,,,615,8194
3713,中央民族大学,999,不限选考科目,,,614,8461
3714,中央民族大学（中外合作1）,500,选考化学,,,597,13740
3715,中央民族大学（中外合作2）,500,选考化学,,,584,18650
3719,中原工学院,500,选考化学,,,513,59514
3719,中原工学院,999,不限选考科目,,,499,70339
3720,周口师范学院,500,选考化学,,,486,81079
3720,周口师范学院,600,选考生物学,,,492,76112
3720,周口师范学院,999,不限选考科目,,,484,82760
3721,周口师范学院（中外合作）,500,选考化学,,,448,113439
3722,珠海科技学院,500,选考化学,,,487,80259
3722,珠海科技学院,999,不限选考科目,,,477,88668
3724,遵义医科大学,500,选考化学,,,517,56618
3724,遵义医科大学,600,选考生物学,,,513,59514
3724,遵义医科大学,999,不限选考科目,,,533,45540
3725,遵义医科大学医学与科技学院,500,选考化学,,,507,64125
