year,type,code,name,group,subjects,region,score
2023,乡村教师计划,1106,南京信息工程大学,07,不限,南京市高淳区,616
2023,乡村教师计划,1106,南京信息工程大学,07,不限,连云港市赣榆区,598
2023,乡村教师计划,1106,南京信息工程大学,07,不限,连云港市东海县,574
2023,乡村教师计划,1106,南京信息工程大学,07,不限,连云港市灌云县,570
2023,乡村教师计划,1106,南京信息工程大学,07,不限,连云港市灌南县,569
2023,乡村教师计划,1106,南京信息工程大学,07,不限,镇江市扬中市,595
2023,乡村教师计划,1106,南京信息工程大学,07,不限,镇江市句容市,608
2023,乡村教师计划,1106,南京信息工程大学,08,化学,南通市通州区,619
2023,乡村教师计划,1106,南京信息工程大学,08,化学,南通市海安市,607
2023,乡村教师计划,1106,南京信息工程大学,08,化学,南通市如东县,582
2023,乡村教师计划,1106,南京信息工程大学,08,化学,南通市启东市,620
2023,乡村教师计划,1106,南京信息工程大学,08,化学,南通市如皋市,619
2023,乡村教师计划,1106,南京信息工程大学,08,化学,宿迁市宿豫区,589
2023,乡村教师计划,1106,南京信息工程大学,08,化学,宿迁市沭阳县,601
2023,乡村教师计划,1106,南京信息工程大学,08,化学,宿迁市泗阳县,601
2023,乡村教师计划,1106,南京信息工程大学,08,化学,宿迁市泗洪县,582
2023,乡村教师计划,1106,南京信息工程大学,09,化学或地理,苏州市太仓市,595
2023,乡村教师计划,1106,南京信息工程大学,09,化学或地理,连云港市赣榆区,587
2023,乡村教师计划,1106,南京信息工程大学,09,化学或地理,连云港市东海县,557
2023,乡村教师计划,1106,南京信息工程大学,09,化学或地理,连云港市灌云县,558
2023,乡村教师计划,1106,南京信息工程大学,09,化学或地理,连云港市灌南县,565
2023,乡村教师计划,1120,南京晓庄学院,08,不限,南京市六合区,597
2023,乡村教师计划,1120,南京晓庄学院,08,不限,南京市高淳区,569
2023,乡村教师计划,1120,南京晓庄学院,08,不限,无锡市江阴市,603
2023,乡村教师计划,1120,南京晓庄学院,08,不限,无锡市宜兴市,601
2023,乡村教师计划,1120,南京晓庄学院,08,不限,淮安市涟水县,583
2023,乡村教师计划,1120,南京晓庄学院,08,不限,淮安市金湖县,571
2023,乡村教师计划,1120,南京晓庄学院,08,不限,盐城市滨海县,587
2023,乡村教师计划,1120,南京晓庄学院,08,不限,盐城市阜宁县,578
2023,乡村教师计划,1120,南京晓庄学院,08,不限,盐城市建湖县,596
2023,乡村教师计划,1120,南京晓庄学院,08,不限,盐城市东台市,581
2023,乡村教师计划,1120,南京晓庄学院,08,不限,扬州市邗江区,601
2023,乡村教师计划,1120,南京晓庄学院,08,不限,扬州市江都区,590
2023,乡村教师计划,1120,南京晓庄学院,08,不限,扬州市宝应县,581
2023,乡村教师计划,1120,南京晓庄学院,08,不限,扬州市仪征市,595
2023,乡村教师计划,1120,南京晓庄学院,08,不限,扬州市高邮市,568
2023,乡村教师计划,1120,南京晓庄学院,08,不限,镇江市丹阳市,576
2023,乡村教师计划,1120,南京晓庄学院,08,不限,宿迁市宿豫区,580
2023,乡村教师计划,1120,南京晓庄学院,08,不限,宿迁市沭阳县,594
2023,乡村教师计划,1120,南京晓庄学院,08,不限,宿迁市泗阳县,566
2023,乡村教师计划,1120,南京晓庄学院,08,不限,宿迁市泗洪县,567
2023,乡村教师计划,1120,南京晓庄学院,09,化学或生物,南京市高淳区,585
2023,乡村教师计划,1120,南京晓庄学院,09,化学或生物,连云港市赣榆区,583
2023,乡村教师计划,1120,南京晓庄学院,09,化学或生物,连云港市东海县,555
2023,乡村教师计划,1120,南京晓庄学院,09,化学或生物,连云港市灌云县,546
2023,乡村教师计划,1120,南京晓庄学院,09,化学或生物,连云港市灌南县,567
2023,乡村教师计划,1120,南京晓庄学院,09,化学或生物,淮安市淮阴区,567
2023,乡村教师计划,1120,南京晓庄学院,09,化学或生物,淮安市金湖县,559
2023,乡村教师计划,1120,南京晓庄学院,10,化学或地理,淮安市涟水县,574
2023,乡村教师计划,1120,南京晓庄学院,10,化学或地理,淮安市金湖县,559
2023,乡村教师计划,1120,南京晓庄学院,10,化学或地理,盐城市盐都区,603
2023,乡村教师计划,1120,南京晓庄学院,10,化学或地理,盐城市响水县,604
2023,乡村教师计划,1120,南京晓庄学院,10,化学或地理,盐城市滨海县,573
2023,乡村教师计划,1120,南京晓庄学院,10,化学或地理,盐城市建湖县,594
2023,乡村教师计划,1120,南京晓庄学院,10,化学或地理,盐城市东台市,576
2023,乡村教师计划,1120,南京晓庄学院,10,化学或地理,宿迁市泗阳县,563
2023,乡村教师计划,1120,南京晓庄学院,11,思想政治,徐州市丰县,531
2023,乡村教师计划,1120,南京晓庄学院,11,思想政治,淮安市金湖县,546
2023,乡村教师计划,1120,南京晓庄学院,11,思想政治,宿迁市泗阳县,558
2023,乡村教师计划,1131,江苏第二师范学院,08,不限,南京市浦口区,629
2023,乡村教师计划,1131,江苏第二师范学院,08,不限,南京市高淳区,602
2023,乡村教师计划,1131,江苏第二师范学院,08,不限,无锡市江阴市,595
2023,乡村教师计划,1131,江苏第二师范学院,08,不限,徐州市贾汪区,564
2023,乡村教师计划,1131,江苏第二师范学院,08,不限,徐州市铜山区,579
2023,乡村教师计划,1131,江苏第二师范学院,08,不限,徐州市丰县,555
2023,乡村教师计划,1131,江苏第二师范学院,08,不限,徐州市沛县,540
2023,乡村教师计划,1131,江苏第二师范学院,08,不限,徐州市睢宁县,531
2023,乡村教师计划,1131,江苏第二师范学院,08,不限,徐州市邳州市,583
2023,乡村教师计划,1131,江苏第二师范学院,08,不限,苏州市常熟市,636
2023,乡村教师计划,1131,江苏第二师范学院,08,不限,苏州市张家港市,608
2023,乡村教师计划,1131,江苏第二师范学院,08,不限,苏州市太仓市,582
2023,乡村教师计划,1131,江苏第二师范学院,08,不限,南通市通州区,597
2023,乡村教师计划,1131,江苏第二师范学院,08,不限,南通市海安市,585
2023,乡村教师计划,1131,江苏第二师范学院,08,不限,南通市如东县,579
2023,乡村教师计划,1131,江苏第二师范学院,08,不限,南通市如皋市,602
2023,乡村教师计划,1131,江苏第二师范学院,08,不限,南通市海门区,581
2023,乡村教师计划,1131,江苏第二师范学院,08,不限,连云港市赣榆区,582
2023,乡村教师计划,1131,江苏第二师范学院,08,不限,连云港市东海县,548
2023,乡村教师计划,1131,江苏第二师范学院,08,不限,连云港市灌云县,542
2023,乡村教师计划,1131,江苏第二师范学院,08,不限,连云港市灌南县,568
2023,乡村教师计划,1131,江苏第二师范学院,08,不限,盐城市滨海县,583
2023,乡村教师计划,1131,江苏第二师范学院,08,不限,盐城市阜宁县,583
2023,乡村教师计划,1131,江苏第二师范学院,08,不限,盐城市建湖县,598
2023,乡村教师计划,1131,江苏第二师范学院,08,不限,盐城市东台市,594
2023,乡村教师计划,1131,江苏第二师范学院,08,不限,镇江市扬中市,569
2023,乡村教师计划,1131,江苏第二师范学院,08,不限,镇江市句容市,597
2023,乡村教师计划,1131,江苏第二师范学院,08,不限,泰州市海陵区,616
2023,乡村教师计划,1131,江苏第二师范学院,08,不限,泰州市姜堰区,616
2023,乡村教师计划,1131,江苏第二师范学院,08,不限,泰州市兴化市,577
2023,乡村教师计划,1131,江苏第二师范学院,08,不限,泰州市靖江市,595
2023,乡村教师计划,1131,江苏第二师范学院,09,化学,南京市高淳区,592
2023,乡村教师计划,1131,江苏第二师范学院,09,化学,无锡市惠山区,625
2023,乡村教师计划,1131,江苏第二师范学院,09,化学,无锡市宜兴市,603
2023,乡村教师计划,1131,江苏第二师范学院,09,化学,淮安市淮阴区,561
2023,乡村教师计划,1131,江苏第二师范学院,09,化学,淮安市涟水县,572
2023,乡村教师计划,1131,江苏第二师范学院,09,化学,淮安市金湖县,552
2023,乡村教师计划,1131,江苏第二师范学院,09,化学,扬州市江都区,595
2023,乡村教师计划,1131,江苏第二师范学院,09,化学,扬州市仪征市,587
2023,乡村教师计划,1131,江苏第二师范学院,09,化学,扬州市高邮市,565
2023,乡村教师计划,1131,江苏第二师范学院,09,化学,镇江市扬中市,526
2023,乡村教师计划,1131,江苏第二师范学院,09,化学,镇江市句容市,558
2023,乡村教师计划,1131,江苏第二师范学院,09,化学,泰州市姜堰区,613
2023,乡村教师计划,1131,江苏第二师范学院,09,化学,泰州市兴化市,570
2023,乡村教师计划,1131,江苏第二师范学院,09,化学,泰州市靖江市,596
2023,乡村教师计划,1131,江苏第二师范学院,10,化学或生物,盐城市盐都区,608
2023,乡村教师计划,1131,江苏第二师范学院,10,化学或生物,盐城市响水县,581
2023,乡村教师计划,1131,江苏第二师范学院,10,化学或生物,盐城市滨海县,564
2023,乡村教师计划,1131,江苏第二师范学院,10,化学或生物,盐城市阜宁县,570
2023,乡村教师计划,1131,江苏第二师范学院,10,化学或生物,盐城市建湖县,591
2023,乡村教师计划,1131,江苏第二师范学院,10,化学或生物,盐城市东台市,593
2023,乡村教师计划,1131,江苏第二师范学院,10,化学或生物,宿迁市宿豫区,569
2023,乡村教师计划,1131,江苏第二师范学院,10,化学或生物,宿迁市沭阳县,582
2023,乡村教师计划,1131,江苏第二师范学院,10,化学或生物,宿迁市泗阳县,561
2023,乡村教师计划,1131,江苏第二师范学院,10,化学或生物,宿迁市泗洪县,566
2023,乡村教师计划,1131,江苏第二师范学院,11,化学或地理,徐州市铜山区,592
2023,乡村教师计划,1131,江苏第二师范学院,11,化学或地理,徐州市丰县,549
2023,乡村教师计划,1131,江苏第二师范学院,11,化学或地理,徐州市沛县,539
2023,乡村教师计划,1131,江苏第二师范学院,11,化学或地理,徐州市睢宁县,532
2023,乡村教师计划,1131,江苏第二师范学院,12,思想政治,连云港市赣榆区,582
2023,乡村教师计划,1131,江苏第二师范学院,12,思想政治,连云港市灌云县,534
2023,乡村教师计划,1131,江苏第二师范学院,12,思想政治,盐城市响水县,551
2023,乡村教师计划,1131,江苏第二师范学院,12,思想政治,盐城市滨海县,571
2023,乡村教师计划,1131,江苏第二师范学院,12,思想政治,盐城市建湖县,588
2023,乡村教师计划,1131,江苏第二师范学院,12,思想政治,盐城市东台市,576
2023,乡村教师计划,1131,江苏第二师范学院,12,思想政治,泰州市兴化市,557
2023,乡村教师计划,1222,江苏师范大学,08,不限,无锡市惠山区,613
2023,乡村教师计划,1222,江苏师范大学,08,不限,徐州市丰县,547
2023,乡村教师计划,1222,江苏师范大学,08,不限,徐州市沛县,568
2023,乡村教师计划,1222,江苏师范大学,08,不限,苏州市吴江区,616
2023,乡村教师计划,1222,江苏师范大学,08,不限,苏州市张家港市,619
2023,乡村教师计划,1222,江苏师范大学,08,不限,苏州市太仓市,555
2023,乡村教师计划,1222,江苏师范大学,08,不限,南通市通州区,616
2023,乡村教师计划,1222,江苏师范大学,08,不限,南通市海安市,598
2023,乡村教师计划,1222,江苏师范大学,08,不限,南通市如东县,581
2023,乡村教师计划,1222,江苏师范大学,08,不限,南通市启东市,598
2023,乡村教师计划,1222,江苏师范大学,08,不限,南通市如皋市,611
2023,乡村教师计划,1222,江苏师范大学,08,不限,南通市海门区,599
2023,乡村教师计划,1222,江苏师范大学,08,不限,连云港市灌云县,554
2023,乡村教师计划,1222,江苏师范大学,08,不限,盐城市滨海县,564
2023,乡村教师计划,1222,江苏师范大学,08,不限,盐城市东台市,573
2023,乡村教师计划,1222,江苏师范大学,08,不限,扬州市邗江区,599
2023,乡村教师计划,1222,江苏师范大学,08,不限,扬州市江都区,585
2023,乡村教师计划,1222,江苏师范大学,08,不限,扬州市宝应县,573
2023,乡村教师计划,1222,江苏师范大学,08,不限,泰州市兴化市,580
2023,乡村教师计划,1222,江苏师范大学,08,不限,宿迁市沭阳县,569
2023,乡村教师计划,1222,江苏师范大学,08,不限,宿迁市泗阳县,561
2023,乡村教师计划,1222,江苏师范大学,08,不限,宿迁市泗洪县,565
2023,乡村教师计划,1262,苏州科技大学,05,不限,徐州市贾汪区,578
2023,乡村教师计划,1262,苏州科技大学,05,不限,徐州市铜山区,593
2023,乡村教师计划,1262,苏州科技大学,05,不限,徐州市丰县,568
2023,乡村教师计划,1262,苏州科技大学,05,不限,徐州市沛县,559
2023,乡村教师计划,1262,苏州科技大学,05,不限,徐州市睢宁县,545
2023,乡村教师计划,1262,苏州科技大学,05,不限,徐州市邳州市,589
2023,乡村教师计划,1262,苏州科技大学,05,不限,苏州市常熟市,637
2023,乡村教师计划,1262,苏州科技大学,05,不限,苏州市张家港市,614
2023,乡村教师计划,1262,苏州科技大学,05,不限,苏州市太仓市,577
2023,乡村教师计划,1262,苏州科技大学,05,不限,南通市通州区,622
2023,乡村教师计划,1262,苏州科技大学,05,不限,南通市海安市,605
2023,乡村教师计划,1262,苏州科技大学,05,不限,南通市如东县,594
2023,乡村教师计划,1262,苏州科技大学,05,不限,南通市启东市,593
2023,乡村教师计划,1262,苏州科技大学,05,不限,南通市如皋市,617
2023,乡村教师计划,1262,苏州科技大学,05,不限,南通市海门区,604
2023,乡村教师计划,1262,苏州科技大学,05,不限,淮安市淮阴区,568
2023,乡村教师计划,1262,苏州科技大学,05,不限,淮安市涟水县,575
2023,乡村教师计划,1262,苏州科技大学,05,不限,淮安市金湖县,571
2023,乡村教师计划,1262,苏州科技大学,06,化学,苏州市张家港市,609
2023,乡村教师计划,1262,苏州科技大学,06,化学,苏州市太仓市,563
2023,乡村教师计划,1262,苏州科技大学,06,化学,连云港市赣榆区,583
2023,乡村教师计划,1262,苏州科技大学,06,化学,连云港市东海县,552
2023,乡村教师计划,1262,苏州科技大学,06,化学,连云港市灌云县,547
2023,乡村教师计划,1262,苏州科技大学,06,化学,盐城市响水县,578
2023,乡村教师计划,1262,苏州科技大学,06,化学,盐城市滨海县,584
2023,乡村教师计划,1262,苏州科技大学,06,化学,盐城市阜宁县,595
2023,乡村教师计划,1262,苏州科技大学,06,化学,盐城市东台市,575
2023,乡村教师计划,1301,南通大学,08,不限,徐州市睢宁县,560
2023,乡村教师计划,1301,南通大学,08,不限,连云港市赣榆区,591
2023,乡村教师计划,1301,南通大学,08,不限,连云港市东海县,553
2023,乡村教师计划,1301,南通大学,08,不限,连云港市灌南县,568
2023,乡村教师计划,1301,南通大学,08,不限,淮安市涟水县,589
2023,乡村教师计划,1301,南通大学,08,不限,盐城市滨海县,588
2023,乡村教师计划,1301,南通大学,08,不限,盐城市阜宁县,571
2023,乡村教师计划,1301,南通大学,08,不限,盐城市射阳县,589
2023,乡村教师计划,1301,南通大学,08,不限,盐城市建湖县,599
2023,乡村教师计划,1301,南通大学,08,不限,盐城市东台市,579
2023,乡村教师计划,1301,南通大学,08,不限,镇江市丹阳市,586
2023,乡村教师计划,1301,南通大学,08,不限,镇江市扬中市,580
2023,乡村教师计划,1301,南通大学,08,不限,镇江市句容市,571
2023,乡村教师计划,1301,南通大学,08,不限,宿迁市宿豫区,568
2023,乡村教师计划,1301,南通大学,08,不限,宿迁市沭阳县,600
2023,乡村教师计划,1301,南通大学,08,不限,宿迁市泗阳县,574
2023,乡村教师计划,1301,南通大学,08,不限,宿迁市泗洪县,570
2023,乡村教师计划,1341,淮阴师范学院,06,不限,南京市高淳区,584
2023,乡村教师计划,1341,淮阴师范学院,06,不限,无锡市江阴市,607
2023,乡村教师计划,1341,淮阴师范学院,06,不限,无锡市宜兴市,589
2023,乡村教师计划,1341,淮阴师范学院,06,不限,淮安市淮阴区,574
2023,乡村教师计划,1341,淮阴师范学院,06,不限,淮安市涟水县,569
2023,乡村教师计划,1341,淮阴师范学院,06,不限,淮安市洪泽区,561
2023,乡村教师计划,1341,淮阴师范学院,06,不限,淮安市金湖县,538
2023,乡村教师计划,1341,淮阴师范学院,06,不限,盐城市响水县,562
2023,乡村教师计划,1341,淮阴师范学院,06,不限,盐城市滨海县,564
2023,乡村教师计划,1341,淮阴师范学院,06,不限,盐城市阜宁县,571
2023,乡村教师计划,1341,淮阴师范学院,06,不限,盐城市建湖县,589
2023,乡村教师计划,1341,淮阴师范学院,06,不限,盐城市东台市,579
2023,乡村教师计划,1341,淮阴师范学院,06,不限,扬州市邗江区,608
2023,乡村教师计划,1341,淮阴师范学院,06,不限,扬州市江都区,597
2023,乡村教师计划,1341,淮阴师范学院,06,不限,扬州市宝应县,594
2023,乡村教师计划,1341,淮阴师范学院,06,不限,扬州市仪征市,589
2023,乡村教师计划,1341,淮阴师范学院,06,不限,扬州市高邮市,572
2023,乡村教师计划,1341,淮阴师范学院,06,不限,泰州市姜堰区,595
2023,乡村教师计划,1341,淮阴师范学院,06,不限,泰州市兴化市,579
2023,乡村教师计划,1341,淮阴师范学院,06,不限,泰州市靖江市,600
2023,乡村教师计划,1341,淮阴师范学院,07,化学或生物,苏州市吴江区,616
2023,乡村教师计划,1341,淮阴师范学院,07,化学或生物,苏州市太仓市,565
2023,乡村教师计划,1341,淮阴师范学院,07,化学或生物,南通市通州区,615
2023,乡村教师计划,1341,淮阴师范学院,07,化学或生物,南通市海安市,598
2023,乡村教师计划,1341,淮阴师范学院,07,化学或生物,南通市如东县,580
2023,乡村教师计划,1341,淮阴师范学院,07,化学或生物,南通市如皋市,605
2023,乡村教师计划,1341,淮阴师范学院,07,化学或生物,南通市海门区,594
2023,乡村教师计划,1341,淮阴师范学院,07,化学或生物,扬州市江都区,590
2023,乡村教师计划,1341,淮阴师范学院,07,化学或生物,扬州市宝应县,573
2023,乡村教师计划,1341,淮阴师范学院,07,化学或生物,扬州市仪征市,588
2023,乡村教师计划,1341,淮阴师范学院,07,化学或生物,扬州市高邮市,568
2023,乡村教师计划,1341,淮阴师范学院,08,化学或地理,无锡市惠山区,621
2023,乡村教师计划,1341,淮阴师范学院,08,化学或地理,无锡市江阴市,604
2023,乡村教师计划,1341,淮阴师范学院,08,化学或地理,无锡市宜兴市,598
2023,乡村教师计划,1341,淮阴师范学院,08,化学或地理,南通市通州区,610
2023,乡村教师计划,1341,淮阴师范学院,08,化学或地理,南通市如皋市,603
2023,乡村教师计划,1341,淮阴师范学院,08,化学或地理,南通市海门区,598
2023,乡村教师计划,1341,淮阴师范学院,08,化学或地理,扬州市江都区,588
2023,乡村教师计划,1341,淮阴师范学院,08,化学或地理,扬州市宝应县,571
2023,乡村教师计划,1341,淮阴师范学院,08,化学或地理,扬州市仪征市,588
2023,乡村教师计划,1341,淮阴师范学院,08,化学或地理,扬州市高邮市,565
2023,乡村教师计划,1341,淮阴师范学院,08,化学或地理,镇江市丹徒区,589
2023,乡村教师计划,1341,淮阴师范学院,08,化学或地理,镇江市扬中市,554
2023,乡村教师计划,1341,淮阴师范学院,08,化学或地理,镇江市句容市,575
2023,乡村教师计划,1341,淮阴师范学院,08,化学或地理,泰州市姜堰区,601
2023,乡村教师计划,1341,淮阴师范学院,08,化学或地理,泰州市靖江市,595
2023,乡村教师计划,1362,盐城师范学院,07,不限,无锡市江阴市,606
2023,乡村教师计划,1362,盐城师范学院,07,不限,无锡市宜兴市,581
2023,乡村教师计划,1362,盐城师范学院,07,不限,连云港市赣榆区,580
2023,乡村教师计划,1362,盐城师范学院,07,不限,连云港市灌南县,559
2023,乡村教师计划,1362,盐城师范学院,07,不限,宿迁市宿豫区,566
2023,乡村教师计划,1362,盐城师范学院,07,不限,宿迁市沭阳县,566
2023,乡村教师计划,1362,盐城师范学院,07,不限,宿迁市泗阳县,564
2023,乡村教师计划,1362,盐城师范学院,07,不限,宿迁市泗洪县,557
2023,乡村教师计划,1362,盐城师范学院,08,化学或生物,无锡市宜兴市,583
2023,乡村教师计划,1362,盐城师范学院,08,化学或生物,徐州市铜山区,573
2023,乡村教师计划,1362,盐城师范学院,08,化学或生物,徐州市丰县,541
2023,乡村教师计划,1362,盐城师范学院,08,化学或生物,徐州市睢宁县,528
2023,乡村教师计划,1362,盐城师范学院,08,化学或生物,徐州市邳州市,577
2023,乡村教师计划,1362,盐城师范学院,08,化学或生物,镇江市丹徒区,600
2023,乡村教师计划,1362,盐城师范学院,08,化学或生物,镇江市扬中市,563
2023,乡村教师计划,1362,盐城师范学院,08,化学或生物,镇江市句容市,578
2023,乡村教师计划,1362,盐城师范学院,08,化学或生物,泰州市姜堰区,591
2023,乡村教师计划,1362,盐城师范学院,08,化学或生物,泰州市兴化市,600
2023,乡村教师计划,1362,盐城师范学院,08,化学或生物,泰州市靖江市,594
2023,乡村教师计划,1381,扬州大学,16,不限,南京市浦口区,616
2023,乡村教师计划,1381,扬州大学,16,不限,南京市六合区,609
2023,乡村教师计划,1381,扬州大学,16,不限,南京市高淳区,596
2023,乡村教师计划,1381,扬州大学,16,不限,连云港市赣榆区,592
2023,乡村教师计划,1381,扬州大学,16,不限,连云港市东海县,561
2023,乡村教师计划,1381,扬州大学,16,不限,连云港市灌云县,560
2023,乡村教师计划,1381,扬州大学,16,不限,连云港市灌南县,583
2023,乡村教师计划,1381,扬州大学,17,化学,徐州市贾汪区,549
2023,乡村教师计划,1381,扬州大学,17,化学,徐州市铜山区,583
2023,乡村教师计划,1381,扬州大学,17,化学,徐州市丰县,525
2023,乡村教师计划,1381,扬州大学,17,化学,徐州市沛县,538
2023,乡村教师计划,1381,扬州大学,17,化学,徐州市睢宁县,532
2023,乡村教师计划,1381,扬州大学,17,化学,徐州市邳州市,591
2023,乡村教师计划,1421,泰州学院,03,不限,泰州市姜堰区,588
2023,乡村教师计划,1421,泰州学院,03,不限,泰州市兴化市,570
2023,乡村教师计划,1421,泰州学院,03,不限,泰州市靖江市,587
2023,乡村教师计划,1421,泰州学院,03,不限,泰州市泰兴市,577
2023,乡村教师计划,1421,泰州学院,03,不限,宿迁市宿豫区,575
2023,乡村教师计划,1421,泰州学院,03,不限,宿迁市沭阳县,598
2023,乡村教师计划,1421,泰州学院,03,不限,宿迁市泗阳县,555
2023,乡村教师计划,1421,泰州学院,03,不限,宿迁市泗洪县,555
2023,公安政法,0201,中国人民公安大学,03,不限,,646
2023,公安政法,0201,中国人民公安大学,04,不限,,661
2023,公安政法,0201,中国人民公安大学,05,思想政治,,628
2023,公安政法,0201,中国人民公安大学,06,思想政治,,649
2023,公安政法,0202,中国刑事警察学院,03,不限,,629
2023,公安政法,0202,中国刑事警察学院,04,不限,,654
2023,公安政法,0202,中国刑事警察学院,05,思想政治,,616
2023,公安政法,0203,中国人民警察大学,02,不限,,618
2023,公安政法,0203,中国人民警察大学,03,不限,,611
2023,公安政法,0203,中国人民警察大学,04,思想政治,,566
2023,公安政法,0203,中国人民警察大学,05,思想政治,,553
2023,公安政法,0203,中国人民警察大学,06,思想政治,,552
2023,公安政法,0203,中国人民警察大学,07,思想政治,,594
2023,公安政法,0205,郑州警察学院,03,不限,,611
2023,公安政法,0205,郑州警察学院,04,思想政治,,551
2023,公安政法,0205,郑州警察学院,05,思想政治,,602
2023,公安政法,0206,南京警察学院,04,不限,,612
2023,公安政法,0206,南京警察学院,05,不限,,635
2023,公安政法,0206,南京警察学院,06,不限,,648
2023,公安政法,0206,南京警察学院,07,思想政治,,554
2023,公安政法,0206,南京警察学院,08,思想政治,,601
2023,公安政法,0206,南京警察学院,09,思想政治,,582
2023,公安政法,0206,南京警察学院,10,思想政治,,600
2023,公安政法,0305,中央司法警官学院,06,不限,,600
2023,公安政法,0305,中央司法警官学院,07,不限,,630
2023,公安政法,0305,中央司法警官学院,08,不限,,549
2023,公安政法,0305,中央司法警官学院,09,思想政治,,569
2023,公安政法,0305,中央司法警官学院,10,思想政治,,600
2023,公安政法,1122,江苏警官学院,03,不限,,614
2023,公安政法,1122,江苏警官学院,04,不限,,637
2023,公安政法,1122,江苏警官学院,05,化学或生物,,613
2023,公安政法,1122,江苏警官学院,06,化学或生物,,637
2023,公安政法,1122,江苏警官学院,07,思想政治,,573
2023,公安政法,1122,江苏警官学院,08,思想政治,,609
2023,公安政法,5206,中南财经政法大学,05,思想政治,,591
2023,公安政法,6421,云南警官学院,03,思想政治,,551
2023,其他院校,0301,国际关系学院,05,不限,,627
2023,其他院校,0301,国际关系学院,06,不限,,626
2023,其他院校,0301,国际关系学院,07,思想政治,,626
2023,其他院校,0301,国际关系学院,08,思想政治,,629
2023,其他院校,0303,北京电子科技学院,02,不限,,654
2023,其他院校,0306,中国民用航空飞行学院,04,化学,,450
2023,其他院校,0307,中国消防救援学院,01,不限,,607
2023,其他院校,0307,中国消防救援学院,02,化学,,588
2023,其他院校,0307,中国消防救援学院,03,化学,,512
2023,其他院校,1101,南京大学,04,不限,,643
2023,其他院校,1103,南京航空航天大学,03,不限,,537
2023,其他院校,1107,南京农业大学,02,化学或生物,,608
2023,其他院校,1243,常州工学院,04,化学,,450
2023,其他院校,1803,南京航空航天大学金城学院,04,化学,,450
2023,其他院校,2131,上海海关学院,03,不限,,641
2023,其他院校,2131,上海海关学院,04,不限,,649
2023,其他院校,3101,北京大学,04,不限,,677
2023,其他院校,3103,清华大学,02,不限,,680
2023,其他院校,3117,北京语言大学,04,不限,,595
2023,其他院校,3119,对外经济贸易大学,03,不限,,633
2023,其他院校,3123,中国传媒大学,04,不限,,611
2023,其他院校,3131,外交学院,03,不限,,637
2023,其他院校,3410,山西农业大学,04,化学,,537
2023,其他院校,4201,吉林大学,05,思想政治,,619
2023,其他院校,4311,黑龙江大学,05,不限,,535
2023,其他院校,5301,湖南大学,03,思想政治,,615
2023,其他院校,5456,香港中文大学(深圳),04,不限,,654
2023,其他院校,6212,四川外国语大学,06,不限,,550
2023,其他院校,7117,西安外国语大学,03,不限,,546
2023,其他院校,9102,香港中文大学,03,不限,,675
2023,其他院校,9102,香港中文大学,04,不限,,658
2023,其他院校,9106,香港城市大学,02,不限,,641
2023,其他院校,9106,香港城市大学,03,化学或生物,,641
2023,军队,0102,国防科技大学,03,不限,,642
2023,军队,0102,国防科技大学,04,不限,,636
2023,军队,0102,国防科技大学,05,不限,,640
2023,军队,0102,国防科技大学,06,不限,,648
2023,军队,0102,国防科技大学,07,不限,,650
2023,军队,0102,国防科技大学,08,化学,,643
2023,军队,0102,国防科技大学,09,思想政治,,613
2023,军队,0105,陆军工程大学,01,不限,,602
2023,军队,0105,陆军工程大学,02,不限,,613
2023,军队,0105,陆军工程大学,03,不限,,621
2023,军队,0108,陆军步兵学院,01,不限,,587
2023,军队,0108,陆军步兵学院,02,不限,,586
2023,军队,0110,陆军勤务学院,01,不限,,599
2023,军队,0111,陆军装甲兵学院,01,不限,,592
2023,军队,0111,陆军装甲兵学院,02,不限,,589
2023,军队,0115,陆军炮兵防空兵学院,01,不限,,589
2023,军队,0116,陆军特种作战学院,01,不限,,582
2023,军队,0116,陆军特种作战学院,02,不限,,585
2023,军队,0121,陆军军事交通学院,01,不限,,591
2023,军队,0121,陆军军事交通学院,02,不限,,601
2023,军队,0121,陆军军事交通学院,03,化学,,586
2023,军队,0131,海军军医大学,01,不限,,617
2023,军队,0131,海军军医大学,02,化学或生物,,625
2023,军队,0131,海军军医大学,03,化学或生物,,643
2023,军队,0132,陆军军医大学,01,化学或生物,,611
2023,军队,0132,陆军军医大学,02,化学或生物,,642
2023,军队,0133,空军军医大学,01,化学和生物,,616
2023,军队,0133,空军军医大学,02,化学和生物,,640
2023,军队,0139,海军工程大学,01,不限,,619
2023,军队,0139,海军工程大学,02,不限,,629
2023,军队,0139,海军工程大学,03,不限,,611
2023,军队,0139,海军工程大学,04,不限,,645
2023,军队,0139,海军工程大学,05,不限,,632
2023,军队,0139,海军工程大学,06,不限,,617
2023,军队,0139,海军工程大学,07,不限,,628
2023,军队,0139,海军工程大学,08,化学,,618
2023,军队,0139,海军工程大学,09,化学,,612
2023,军队,0139,海军工程大学,10,化学,,605
2023,军队,0141,海军大连舰艇学院,01,不限,,623
2023,军队,0141,海军大连舰艇学院,02,不限,,607
2023,军队,0141,海军大连舰艇学院,03,化学,,598
2023,军队,0142,海军潜艇学院,01,不限,,610
2023,军队,0142,海军潜艇学院,02,不限,,595
2023,军队,0142,海军潜艇学院,03,不限,,584
2023,军队,0143,海军航空大学,01,不限,,602
2023,军队,0144,空军工程大学,01,不限,,599
2023,军队,0144,空军工程大学,02,不限,,641
2023,军队,0144,空军工程大学,03,不限,,603
2023,军队,0144,空军工程大学,04,不限,,624
2023,军队,0144,空军工程大学,05,不限,,598
2023,军队,0144,空军工程大学,06,不限,,598
2023,军队,0145,空军预警学院,01,不限,,595
2023,军队,0145,空军预警学院,02,不限,,596
2023,军队,0146,战略支援部队航天工程大学,01,不限,,607
2023,军队,0146,战略支援部队航天工程大学,02,不限,,620
2023,军队,0146,战略支援部队航天工程大学,03,不限,,618
2023,军队,0146,战略支援部队航天工程大学,04,不限,,610
2023,军队,0146,战略支援部队航天工程大学,05,不限,,613
2023,军队,0146,战略支援部队航天工程大学,06,不限,,624
2023,军队,0151,战略支援部队信息工程大学,01,不限,,616
2023,军队,0151,战略支援部队信息工程大学,02,不限,,619
2023,军队,0151,战略支援部队信息工程大学,03,不限,,622
2023,军队,0151,战略支援部队信息工程大学,04,不限,,630
2023,军队,0151,战略支援部队信息工程大学,05,地理,,630
2023,军队,0152,火箭军工程大学,01,不限,,596
2023,军队,0152,火箭军工程大学,02,不限,,595
2023,军队,0152,火箭军工程大学,03,不限,,616
2023,军队,0154,武警工程大学,01,不限,,596
2023,军队,0154,武警工程大学,02,不限,,602
2023,军队,0154,武警工程大学,03,不限,,618
2023,军队,0154,武警工程大学,04,思想政治,,592
2023,军队,0170,武警警官学院,01,不限,,586
2023,军队,0170,武警警官学院,02,思想政治,,573
2023,军队,0171,武警特种警察学院,01,不限,,578
2023,军队,0172,武警海警学院,01,不限,,590
2023,军队,0172,武警海警学院,02,不限,,590
2023,军队,0172,武警海警学院,03,化学,,587
2023,军队,0172,武警海警学院,04,思想政治,,585
2023,军队,0172,武警海警学院,05,思想政治,,600
2023,医学定向,1112,南京医科大学,03,化学或生物,南京市浦口区,604
2023,医学定向,1112,南京医科大学,03,化学或生物,南京市栖霞区,598
2023,医学定向,1112,南京医科大学,03,化学或生物,南京市江宁区,610
2023,医学定向,1112,南京医科大学,03,化学或生物,南京市六合区,616
2023,医学定向,1112,南京医科大学,03,化学或生物,南京市溧水区,594
2023,医学定向,1112,南京医科大学,03,化学或生物,南京市高淳区,633
2023,医学定向,1112,南京医科大学,03,化学或生物,常州市新北区,602
2023,医学定向,1112,南京医科大学,03,化学或生物,常州市武进区,603
2023,医学定向,1112,南京医科大学,03,化学或生物,常州市金坛区,605
2023,医学定向,1112,南京医科大学,03,化学或生物,常州市溧阳市,598
2023,医学定向,1113,南京中医药大学,10,化学或生物,南京市溧水区,586
2023,医学定向,1113,南京中医药大学,10,化学或生物,无锡市锡山区,580
2023,医学定向,1113,南京中医药大学,10,化学或生物,无锡市江阴市,608
2023,医学定向,1113,南京中医药大学,10,化学或生物,无锡市宜兴市,599
2023,医学定向,1113,南京中医药大学,10,化学或生物,徐州市贾汪区,540
2023,医学定向,1113,南京中医药大学,10,化学或生物,徐州市铜山区,568
2023,医学定向,1113,南京中医药大学,10,化学或生物,徐州市睢宁县,535
2023,医学定向,1113,南京中医药大学,10,化学或生物,常州市新北区,586
2023,医学定向,1113,南京中医药大学,10,化学或生物,常州市金坛区,608
2023,医学定向,1113,南京中医药大学,10,化学或生物,苏州市相城区,580
2023,医学定向,1113,南京中医药大学,10,化学或生物,苏州市吴江区,591
2023,医学定向,1113,南京中医药大学,10,化学或生物,苏州市常熟市,611
2023,医学定向,1113,南京中医药大学,10,化学或生物,苏州市张家港市,577
2023,医学定向,1113,南京中医药大学,10,化学或生物,苏州市太仓市,601
2023,医学定向,1113,南京中医药大学,10,化学或生物,南通市通州区,573
2023,医学定向,1113,南京中医药大学,10,化学或生物,南通市海安市,589
2023,医学定向,1113,南京中医药大学,10,化学或生物,南通市启东市,563
2023,医学定向,1113,南京中医药大学,10,化学或生物,南通市如皋市,583
2023,医学定向,1113,南京中医药大学,10,化学或生物,南通市海门区,605
2023,医学定向,1113,南京中医药大学,10,化学或生物,连云港市赣榆区,584
2023,医学定向,1113,南京中医药大学,10,化学或生物,连云港市东海县,578
2023,医学定向,1113,南京中医药大学,10,化学或生物,连云港市灌云县,538
2023,医学定向,1113,南京中医药大学,10,化学或生物,淮安市淮安区,608
2023,医学定向,1113,南京中医药大学,10,化学或生物,淮安市涟水县,573
2023,医学定向,1113,南京中医药大学,10,化学或生物,淮安市洪泽区,588
2023,医学定向,1113,南京中医药大学,10,化学或生物,盐城市盐都区,573
2023,医学定向,1113,南京中医药大学,10,化学或生物,盐城市响水县,589
2023,医学定向,1113,南京中医药大学,10,化学或生物,盐城市滨海县,592
2023,医学定向,1113,南京中医药大学,10,化学或生物,扬州市邗江区,591
2023,医学定向,1113,南京中医药大学,10,化学或生物,扬州市江都区,569
2023,医学定向,1113,南京中医药大学,10,化学或生物,扬州市仪征市,599
2023,医学定向,1113,南京中医药大学,10,化学或生物,扬州市高邮市,584
2023,医学定向,1113,南京中医药大学,10,化学或生物,镇江市扬中市,571
2023,医学定向,1113,南京中医药大学,10,化学或生物,镇江市句容市,590
2023,医学定向,1113,南京中医药大学,10,化学或生物,泰州市海陵区,588
2023,医学定向,1113,南京中医药大学,10,化学或生物,泰州市医药高新区(高港区),576
2023,医学定向,1113,南京中医药大学,10,化学或生物,泰州市兴化市,569
2023,医学定向,1113,南京中医药大学,10,化学或生物,泰州市靖江市,564
2023,医学定向,1113,南京中医药大学,10,化学或生物,泰州市泰兴市,576
2023,医学定向,1113,南京中医药大学,10,化学或生物,宿迁市宿城区,599
2023,医学定向,1113,南京中医药大学,10,化学或生物,宿迁市宿豫区,571
2023,医学定向,1113,南京中医药大学,10,化学或生物,宿迁市沭阳县,574
2023,医学定向,1113,南京中医药大学,10,化学或生物,宿迁市泗阳县,589
2023,医学定向,1223,徐州医科大学,03,化学或生物,南京市浦口区,632
2023,医学定向,1223,徐州医科大学,03,化学或生物,南京市栖霞区,609
2023,医学定向,1223,徐州医科大学,03,化学或生物,南京市溧水区,604
2023,医学定向,1223,徐州医科大学,03,化学或生物,无锡市锡山区,623
2023,医学定向,1223,徐州医科大学,03,化学或生物,徐州市贾汪区,544
2023,医学定向,1223,徐州医科大学,03,化学或生物,徐州市铜山区,592
2023,医学定向,1223,徐州医科大学,03,化学或生物,徐州市丰县,582
2023,医学定向,1223,徐州医科大学,03,化学或生物,徐州市睢宁县,540
2023,医学定向,1223,徐州医科大学,03,化学或生物,常州市新北区,616
2023,医学定向,1223,徐州医科大学,03,化学或生物,常州市金坛区,632
2023,医学定向,1223,徐州医科大学,03,化学或生物,苏州市吴中区,611
2023,医学定向,1223,徐州医科大学,03,化学或生物,苏州市相城区,604
2023,医学定向,1223,徐州医科大学,03,化学或生物,苏州市张家港市,619
2023,医学定向,1223,徐州医科大学,03,化学或生物,苏州市太仓市,629
2023,医学定向,1223,徐州医科大学,03,化学或生物,南通市通州区,605
2023,医学定向,1223,徐州医科大学,03,化学或生物,南通市如东县,593
2023,医学定向,1223,徐州医科大学,03,化学或生物,南通市启东市,601
2023,医学定向,1223,徐州医科大学,03,化学或生物,南通市海门区,603
2023,医学定向,1223,徐州医科大学,03,化学或生物,连云港市赣榆区,633
2023,医学定向,1223,徐州医科大学,03,化学或生物,淮安市淮安区,583
2023,医学定向,1223,徐州医科大学,03,化学或生物,淮安市涟水县,598
2023,医学定向,1223,徐州医科大学,03,化学或生物,淮安市洪泽区,604
2023,医学定向,1223,徐州医科大学,03,化学或生物,盐城市大丰区,604
2023,医学定向,1223,徐州医科大学,03,化学或生物,盐城市响水县,599
2023,医学定向,1223,徐州医科大学,03,化学或生物,盐城市滨海县,600
2023,医学定向,1223,徐州医科大学,03,化学或生物,盐城市东台市,612
2023,医学定向,1223,徐州医科大学,03,化学或生物,扬州市邗江区,618
2023,医学定向,1223,徐州医科大学,03,化学或生物,扬州市江都区,599
2023,医学定向,1223,徐州医科大学,03,化学或生物,扬州市仪征市,616
2023,医学定向,1223,徐州医科大学,03,化学或生物,镇江市扬中市,591
2023,医学定向,1223,徐州医科大学,03,化学或生物,镇江市句容市,586
2023,医学定向,1223,徐州医科大学,03,化学或生物,泰州市海陵区,616
2023,医学定向,1223,徐州医科大学,03,化学或生物,泰州市兴化市,605
2023,医学定向,1223,徐州医科大学,03,化学或生物,宿迁市宿城区,603
2023,医学定向,1223,徐州医科大学,03,化学或生物,宿迁市宿豫区,594
2023,医学定向,1223,徐州医科大学,03,化学或生物,宿迁市沭阳县,597
2023,医学定向,1223,徐州医科大学,03,化学或生物,宿迁市泗阳县,593
2023,医学定向,1261,苏州大学,12,化学或生物,苏州市吴中区,611
2023,医学定向,1261,苏州大学,12,化学或生物,苏州市吴江区,592
2023,医学定向,1261,苏州大学,12,化学或生物,苏州市张家港市,605
2023,医学定向,1261,苏州大学,12,化学或生物,苏州市太仓市,604
2023,医学定向,1261,苏州大学,13,化学和生物,苏州市吴江区,593
2023,医学定向,1261,苏州大学,13,化学和生物,苏州市张家港市,572
2023,医学定向,1301,南通大学,09,化学或生物,南京市六合区,589
2023,医学定向,1301,南通大学,09,化学或生物,无锡市宜兴市,579
2023,医学定向,1301,南通大学,09,化学或生物,徐州市新沂市,578
2023,医学定向,1301,南通大学,09,化学或生物,南通市通州区,581
2023,医学定向,1301,南通大学,09,化学或生物,南通市如东县,562
2023,医学定向,1301,南通大学,09,化学或生物,南通市启东市,566
2023,医学定向,1301,南通大学,09,化学或生物,南通市如皋市,597
2023,医学定向,1301,南通大学,09,化学或生物,南通市海门区,581
2023,医学定向,1381,扬州大学,18,化学或生物,徐州市丰县,568
2023,医学定向,1381,扬州大学,18,化学或生物,苏州市相城区,576
2023,医学定向,1381,扬州大学,18,化学或生物,淮安市淮安区,582
2023,医学定向,1381,扬州大学,18,化学或生物,淮安市淮阴区,572
2023,医学定向,1381,扬州大学,18,化学或生物,淮安市涟水县,581
2023,医学定向,1381,扬州大学,18,化学或生物,淮安市洪泽区,584
2023,医学定向,1381,扬州大学,18,化学或生物,淮安市金湖县,567
2023,医学定向,1381,扬州大学,18,化学或生物,盐城市盐都区,596
2023,医学定向,1381,扬州大学,18,化学或生物,盐城市大丰区,579
2023,医学定向,1381,扬州大学,18,化学或生物,盐城市响水县,588
2023,医学定向,1381,扬州大学,18,化学或生物,盐城市滨海县,595
2023,医学定向,1381,扬州大学,18,化学或生物,盐城市射阳县,593
2023,医学定向,1381,扬州大学,18,化学或生物,盐城市东台市,569
2023,医学定向,1381,扬州大学,18,化学或生物,扬州市广陵区,568
2023,医学定向,1381,扬州大学,18,化学或生物,扬州市邗江区,597
2023,医学定向,1381,扬州大学,18,化学或生物,扬州市江都区,575
2023,医学定向,1381,扬州大学,18,化学或生物,扬州市仪征市,582
2023,医学定向,1381,扬州大学,18,化学或生物,扬州市高邮市,571
2023,医学定向,1401,江苏大学,11,化学或生物,无锡市锡山区,597
2023,医学定向,1401,江苏大学,11,化学或生物,无锡市江阴市,590
2023,医学定向,1401,江苏大学,11,化学或生物,无锡市宜兴市,586
2023,医学定向,1401,江苏大学,11,化学或生物,苏州市吴中区,596
2023,医学定向,1401,江苏大学,11,化学或生物,苏州市常熟市,608
2023,医学定向,1401,江苏大学,11,化学或生物,苏州市太仓市,568
2023,医学定向,1401,江苏大学,11,化学或生物,镇江市丹徒区,594
2023,医学定向,1401,江苏大学,11,化学或生物,镇江市丹阳市,583
2023,医学定向,1401,江苏大学,11,化学或生物,镇江市扬中市,575
2023,医学定向,1401,江苏大学,11,化学或生物,镇江市句容市,578
2023,医学定向,1846,南京医科大学康达学院,02,化学或生物,无锡市锡山区,545
2023,医学定向,1846,南京医科大学康达学院,02,化学或生物,徐州市贾汪区,529
2023,医学定向,1846,南京医科大学康达学院,02,化学或生物,徐州市铜山区,546
2023,医学定向,1846,南京医科大学康达学院,02,化学或生物,徐州市丰县,547
2023,医学定向,1846,南京医科大学康达学院,02,化学或生物,徐州市沛县,525
2023,医学定向,1846,南京医科大学康达学院,02,化学或生物,徐州市睢宁县,475
2023,医学定向,1846,南京医科大学康达学院,02,化学或生物,常州市新北区,570
2023,医学定向,1846,南京医科大学康达学院,02,化学或生物,常州市金坛区,583
2023,医学定向,1846,南京医科大学康达学院,02,化学或生物,苏州市相城区,541
2023,医学定向,1846,南京医科大学康达学院,02,化学或生物,南通市通州区,555
2023,医学定向,1846,南京医科大学康达学院,02,化学或生物,南通市海安市,583
2023,医学定向,1846,南京医科大学康达学院,02,化学或生物,南通市如皋市,566
2023,医学定向,1846,南京医科大学康达学院,02,化学或生物,连云港市海州区,545
2023,医学定向,1846,南京医科大学康达学院,02,化学或生物,连云港市赣榆区,563
2023,医学定向,1846,南京医科大学康达学院,02,化学或生物,连云港市东海县,558
2023,医学定向,1846,南京医科大学康达学院,02,化学或生物,连云港市灌云县,529
2023,医学定向,1846,南京医科大学康达学院,02,化学或生物,连云港市灌南县,534
2023,医学定向,1846,南京医科大学康达学院,02,化学或生物,淮安市淮安区,568
2023,医学定向,1846,南京医科大学康达学院,02,化学或生物,淮安市洪泽区,581
2023,医学定向,1846,南京医科大学康达学院,02,化学或生物,盐城市盐都区,569
2023,医学定向,1846,南京医科大学康达学院,02,化学或生物,盐城市东台市,555
2023,医学定向,1846,南京医科大学康达学院,02,化学或生物,扬州市广陵区,551
2023,医学定向,1846,南京医科大学康达学院,02,化学或生物,扬州市江都区,573
2023,医学定向,1846,南京医科大学康达学院,02,化学或生物,扬州市宝应县,571
2023,医学定向,1846,南京医科大学康达学院,02,化学或生物,扬州市仪征市,576
2023,医学定向,1846,南京医科大学康达学院,02,化学或生物,镇江市丹徒区,565
2023,医学定向,1846,南京医科大学康达学院,02,化学或生物,镇江市扬中市,568
2023,医学定向,1846,南京医科大学康达学院,02,化学或生物,镇江市句容市,574
2023,医学定向,1846,南京医科大学康达学院,02,化学或生物,泰州市海陵区,580
2023,医学定向,1846,南京医科大学康达学院,02,化学或生物,泰州市医药高新区(高港区),555
2023,医学定向,1846,南京医科大学康达学院,02,化学或生物,泰州市姜堰区,576
2023,医学定向,1846,南京医科大学康达学院,02,化学或生物,泰州市兴化市,554
2023,医学定向,1846,南京医科大学康达学院,02,化学或生物,泰州市靖江市,563
2023,医学定向,1846,南京医科大学康达学院,02,化学或生物,泰州市泰兴市,557
2023,医学定向,1846,南京医科大学康达学院,02,化学或生物,宿迁市宿城区,543
2023,医学定向,1846,南京医科大学康达学院,02,化学或生物,宿迁市宿豫区,559
2023,医学定向,1846,南京医科大学康达学院,02,化学或生物,宿迁市沭阳县,545
2023,医学定向,1846,南京医科大学康达学院,02,化学或生物,宿迁市泗阳县,571
2023,地方专项计划,1106,南京信息工程大学,05,不限,,604
2023,地方专项计划,1106,南京信息工程大学,06,化学或地理,,598
2023,地方专项计划,1108,南京师范大学,12,不限,,620
2023,地方专项计划,1108,南京师范大学,13,化学,,614
2023,地方专项计划,1108,南京师范大学,14,化学或生物,,611
2023,地方专项计划,1108,南京师范大学,15,化学或地理,,621
2023,地方专项计划,1110,南京工业大学,03,不限,,593
2023,地方专项计划,1110,南京工业大学,04,化学,,575
2023,地方专项计划,1110,南京工业大学,05,化学或生物,,580
2023,地方专项计划,1111,南京邮电大学,03,不限,,621
2023,地方专项计划,1111,南京邮电大学,04,化学,,591
2023,地方专项计划,1111,南京邮电大学,05,化学或地理,,601
2023,地方专项计划,1112,南京医科大学,02,化学或生物,,630
2023,地方专项计划,1113,南京中医药大学,08,化学,,562
2023,地方专项计划,1113,南京中医药大学,09,化学或生物,,597
2023,地方专项计划,1115,南京林业大学,03,不限,,596
2023,地方专项计划,1115,南京林业大学,04,化学,,577
2023,地方专项计划,1115,南京林业大学,05,化学或生物,,575
2023,地方专项计划,1222,江苏师范大学,07,不限,,557
2023,地方专项计划,1261,苏州大学,09,不限,,606
2023,地方专项计划,1261,苏州大学,10,化学,,603
2023,地方专项计划,1261,苏州大学,11,生物,,588
2023,地方专项计划,1301,南通大学,06,不限,,579
2023,地方专项计划,1301,南通大学,07,化学,,549
2023,地方专项计划,1381,扬州大学,12,不限,,605
2023,地方专项计划,1381,扬州大学,13,不限,,582
2023,地方专项计划,1381,扬州大学,14,化学,,574
2023,地方专项计划,1381,扬州大学,15,化学或生物,,601
2023,地方专项计划,1401,江苏大学,06,不限,,588
2023,地方专项计划,1401,江苏大学,07,不限,,578
2023,地方专项计划,1401,江苏大学,08,不限,,565
2023,地方专项计划,1401,江苏大学,09,化学或生物,,596
2023,地方专项计划,1401,江苏大学,10,化学或生物,,567
2023,航海,2117,上海海事大学,02,化学,,564
2023,航海,2251,浙江海洋大学,02,化学,,530
2023,航海,2412,集美大学,02,化学,,547
2023,航海,2412,集美大学,03,化学,,549
2023,航海,4132,大连海事大学,02,不限,,607
2023,航海,5207,武汉理工大学,02,不限,,606
2023,航海,5604,海南热带海洋学院,05,化学,,484
2023,航海,8757,海南科技职业大学,03,不限,,475
2024,乡村教师计划,1106,南京信息工程大学,07,化学,南京市浦口区,640
2024,乡村教师计划,1106,南京信息工程大学,07,化学,南京市六合区,624
2024,乡村教师计划,1106,南京信息工程大学,07,化学,南京市高淳区,635
2024,乡村教师计划,1106,南京信息工程大学,07,化学,南通市通州区,611
2024,乡村教师计划,1106,南京信息工程大学,07,化学,南通市海安市,608
2024,乡村教师计划,1106,南京信息工程大学,07,化学,南通市如东县,594
2024,乡村教师计划,1106,南京信息工程大学,07,化学,南通市启东市,608
2024,乡村教师计划,1106,南京信息工程大学,07,化学,南通市如皋市,606
2024,乡村教师计划,1106,南京信息工程大学,07,化学,南通市海门区,602
2024,乡村教师计划,1106,南京信息工程大学,07,化学,连云港市赣榆区,574
2024,乡村教师计划,1106,南京信息工程大学,07,化学,连云港市东海县,560
2024,乡村教师计划,1106,南京信息工程大学,07,化学,连云港市灌云县,567
2024,乡村教师计划,1106,南京信息工程大学,07,化学,淮安市涟水县,591
2024,乡村教师计划,1106,南京信息工程大学,07,化学,扬州市江都区,598
2024,乡村教师计划,1106,南京信息工程大学,07,化学,扬州市宝应县,581
2024,乡村教师计划,1106,南京信息工程大学,07,化学,扬州市高邮市,566
2024,乡村教师计划,1106,南京信息工程大学,07,化学,泰州市海陵区,609
2024,乡村教师计划,1106,南京信息工程大学,07,化学,泰州市姜堰区,607
2024,乡村教师计划,1106,南京信息工程大学,07,化学,泰州市兴化市,583
2024,乡村教师计划,1106,南京信息工程大学,07,化学,泰州市靖江市,607
2024,乡村教师计划,1120,南京晓庄学院,08,不限,南通市海安市,590
2024,乡村教师计划,1120,南京晓庄学院,08,不限,南通市如东县,591
2024,乡村教师计划,1120,南京晓庄学院,08,不限,南通市启东市,601
2024,乡村教师计划,1120,南京晓庄学院,08,不限,南通市如皋市,601
2024,乡村教师计划,1120,南京晓庄学院,08,不限,南通市海门区,581
2024,乡村教师计划,1120,南京晓庄学院,09,化学,无锡市惠山区,594
2024,乡村教师计划,1120,南京晓庄学院,09,化学,徐州市铜山区,583
2024,乡村教师计划,1120,南京晓庄学院,09,化学,徐州市丰县,559
2024,乡村教师计划,1120,南京晓庄学院,09,化学,徐州市沛县,568
2024,乡村教师计划,1120,南京晓庄学院,09,化学,徐州市睢宁县,555
2024,乡村教师计划,1120,南京晓庄学院,09,化学,徐州市邳州市,583
2024,乡村教师计划,1120,南京晓庄学院,09,化学,苏州市吴江区,618
2024,乡村教师计划,1120,南京晓庄学院,09,化学,苏州市常熟市,606
2024,乡村教师计划,1120,南京晓庄学院,09,化学,苏州市张家港市,592
2024,乡村教师计划,1120,南京晓庄学院,09,化学,苏州市太仓市,578
2024,乡村教师计划,1120,南京晓庄学院,09,化学,扬州市江都区,589
2024,乡村教师计划,1120,南京晓庄学院,09,化学,扬州市宝应县,584
2024,乡村教师计划,1120,南京晓庄学院,09,化学,扬州市高邮市,578
2024,乡村教师计划,1120,南京晓庄学院,09,化学,宿迁市沭阳县,582
2024,乡村教师计划,1120,南京晓庄学院,09,化学,宿迁市泗阳县,563
2024,乡村教师计划,1120,南京晓庄学院,09,化学,宿迁市泗洪县,570
2024,乡村教师计划,1131,江苏第二师范学院,12,不限,南京市六合区,597
2024,乡村教师计划,1131,江苏第二师范学院,12,不限,南京市高淳区,576
2024,乡村教师计划,1131,江苏第二师范学院,12,不限,南通市海安市,607
2024,乡村教师计划,1131,江苏第二师范学院,12,不限,南通市如东县,594
2024,乡村教师计划,1131,江苏第二师范学院,12,不限,南通市启东市,608
2024,乡村教师计划,1131,江苏第二师范学院,12,不限,南通市如皋市,616
2024,乡村教师计划,1131,江苏第二师范学院,12,不限,南通市海门区,603
2024,乡村教师计划,1131,江苏第二师范学院,12,不限,镇江市丹阳市,580
2024,乡村教师计划,1131,江苏第二师范学院,12,不限,泰州市兴化市,556
2024,乡村教师计划,1131,江苏第二师范学院,12,不限,泰州市靖江市,568
2024,乡村教师计划,1131,江苏第二师范学院,12,不限,宿迁市沭阳县,605
2024,乡村教师计划,1131,江苏第二师范学院,12,不限,宿迁市泗阳县,572
2024,乡村教师计划,1131,江苏第二师范学院,12,不限,宿迁市泗洪县,562
2024,乡村教师计划,1131,江苏第二师范学院,13,化学,无锡市江阴市,607
2024,乡村教师计划,1131,江苏第二师范学院,13,化学,徐州市铜山区,579
2024,乡村教师计划,1131,江苏第二师范学院,13,化学,徐州市沛县,575
2024,乡村教师计划,1131,江苏第二师范学院,13,化学,徐州市睢宁县,564
2024,乡村教师计划,1131,江苏第二师范学院,13,化学,徐州市邳州市,584
2024,乡村教师计划,1131,江苏第二师范学院,13,化学,连云港市赣榆区,569
2024,乡村教师计划,1131,江苏第二师范学院,13,化学,连云港市东海县,540
2024,乡村教师计划,1131,江苏第二师范学院,13,化学,连云港市灌云县,538
2024,乡村教师计划,1131,江苏第二师范学院,13,化学,连云港市灌南县,553
2024,乡村教师计划,1131,江苏第二师范学院,13,化学,盐城市盐都区,610
2024,乡村教师计划,1131,江苏第二师范学院,13,化学,盐城市滨海县,576
2024,乡村教师计划,1131,江苏第二师范学院,13,化学,盐城市建湖县,587
2024,乡村教师计划,1131,江苏第二师范学院,13,化学,盐城市东台市,588
2024,乡村教师计划,1131,江苏第二师范学院,13,化学,泰州市姜堰区,601
2024,乡村教师计划,1131,江苏第二师范学院,13,化学,泰州市兴化市,579
2024,乡村教师计划,1131,江苏第二师范学院,13,化学,泰州市靖江市,587
2024,乡村教师计划,1131,江苏第二师范学院,14,思想政治,泰州市姜堰区,594
2024,乡村教师计划,1131,江苏第二师范学院,14,思想政治,泰州市兴化市,553
2024,乡村教师计划,1131,江苏第二师范学院,15,地理,徐州市铜山区,574
2024,乡村教师计划,1131,江苏第二师范学院,15,地理,徐州市沛县,567
2024,乡村教师计划,1131,江苏第二师范学院,15,地理,徐州市睢宁县,564
2024,乡村教师计划,1131,江苏第二师范学院,15,地理,徐州市邳州市,588
2024,乡村教师计划,1131,江苏第二师范学院,15,地理,镇江市扬中市,583
2024,乡村教师计划,1131,江苏第二师范学院,15,地理,镇江市句容市,589
2024,乡村教师计划,1133,南京特殊教育师范学院,03,不限,苏州市吴江区,596
2024,乡村教师计划,1133,南京特殊教育师范学院,03,不限,连云港市赣榆区,575
2024,乡村教师计划,1133,南京特殊教育师范学院,03,不限,盐城市建湖县,570
2024,乡村教师计划,1133,南京特殊教育师范学院,03,不限,扬州市江都区,578
2024,乡村教师计划,1133,南京特殊教育师范学院,03,不限,扬州市仪征市,581
2024,乡村教师计划,1133,南京特殊教育师范学院,03,不限,泰州市兴化市,554
2024,乡村教师计划,1222,江苏师范大学,09,不限,南京市六合区,596
2024,乡村教师计划,1222,江苏师范大学,09,不限,南京市高淳区,598
2024,乡村教师计划,1222,江苏师范大学,09,不限,徐州市铜山区,592
2024,乡村教师计划,1222,江苏师范大学,09,不限,徐州市沛县,571
2024,乡村教师计划,1222,江苏师范大学,09,不限,南通市通州区,603
2024,乡村教师计划,1222,江苏师范大学,09,不限,南通市海安市,589
2024,乡村教师计划,1222,江苏师范大学,09,不限,南通市如东县,592
2024,乡村教师计划,1222,江苏师范大学,09,不限,南通市海门区,600
2024,乡村教师计划,1222,江苏师范大学,09,不限,连云港市赣榆区,582
2024,乡村教师计划,1222,江苏师范大学,09,不限,连云港市东海县,573
2024,乡村教师计划,1222,江苏师范大学,09,不限,盐城市滨海县,583
2024,乡村教师计划,1222,江苏师范大学,09,不限,盐城市东台市,581
2024,乡村教师计划,1222,江苏师范大学,09,不限,扬州市江都区,589
2024,乡村教师计划,1222,江苏师范大学,09,不限,扬州市宝应县,588
2024,乡村教师计划,1222,江苏师范大学,09,不限,扬州市仪征市,589
2024,乡村教师计划,1222,江苏师范大学,09,不限,扬州市高邮市,560
2024,乡村教师计划,1222,江苏师范大学,09,不限,泰州市兴化市,578
2024,乡村教师计划,1222,江苏师范大学,09,不限,宿迁市沭阳县,610
2024,乡村教师计划,1222,江苏师范大学,09,不限,宿迁市泗阳县,602
2024,乡村教师计划,1222,江苏师范大学,09,不限,宿迁市泗洪县,569
2024,乡村教师计划,1222,江苏师范大学,10,化学,南通市通州区,603
2024,乡村教师计划,1222,江苏师范大学,10,化学,南通市海安市,600
2024,乡村教师计划,1222,江苏师范大学,10,化学,南通市如东县,593
2024,乡村教师计划,1222,江苏师范大学,10,化学,南通市启东市,598
2024,乡村教师计划,1222,江苏师范大学,10,化学,南通市如皋市,600
2024,乡村教师计划,1222,江苏师范大学,10,化学,南通市海门区,597
2024,乡村教师计划,1262,苏州科技大学,06,化学,苏州市常熟市,611
2024,乡村教师计划,1262,苏州科技大学,06,化学,苏州市张家港市,594
2024,乡村教师计划,1262,苏州科技大学,06,化学,苏州市太仓市,581
2024,乡村教师计划,1262,苏州科技大学,06,化学,盐城市响水县,588
2024,乡村教师计划,1262,苏州科技大学,06,化学,盐城市滨海县,581
2024,乡村教师计划,1262,苏州科技大学,06,化学,盐城市东台市,600
2024,乡村教师计划,1262,苏州科技大学,06,化学,镇江市扬中市,586
2024,乡村教师计划,1262,苏州科技大学,06,化学,镇江市句容市,595
2024,乡村教师计划,1262,苏州科技大学,06,化学,宿迁市沭阳县,584
2024,乡村教师计划,1262,苏州科技大学,06,化学,宿迁市泗阳县,571
2024,乡村教师计划,1262,苏州科技大学,06,化学,宿迁市泗洪县,563
2024,乡村教师计划,1301,南通大学,08,不限,徐州市丰县,578
2024,乡村教师计划,1301,南通大学,08,不限,徐州市沛县,585
2024,乡村教师计划,1301,南通大学,08,不限,徐州市睢宁县,565
2024,乡村教师计划,1301,南通大学,08,不限,徐州市邳州市,591
2024,乡村教师计划,1301,南通大学,08,不限,苏州市吴江区,599
2024,乡村教师计划,1301,南通大学,08,不限,连云港市赣榆区,591
2024,乡村教师计划,1301,南通大学,08,不限,连云港市东海县,570
2024,乡村教师计划,1301,南通大学,08,不限,连云港市灌云县,568
2024,乡村教师计划,1301,南通大学,08,不限,镇江市句容市,585
2024,乡村教师计划,1301,南通大学,09,化学,连云港市赣榆区,598
2024,乡村教师计划,1301,南通大学,09,化学,连云港市东海县,549
2024,乡村教师计划,1301,南通大学,09,化学,连云港市灌云县,554
2024,乡村教师计划,1301,南通大学,09,化学,连云港市灌南县,588
2024,乡村教师计划,1341,淮阴师范学院,08,不限,南京市浦口区,594
2024,乡村教师计划,1341,淮阴师范学院,08,不限,盐城市盐都区,605
2024,乡村教师计划,1341,淮阴师范学院,08,不限,盐城市滨海县,573
2024,乡村教师计划,1341,淮阴师范学院,08,不限,盐城市建湖县,573
2024,乡村教师计划,1341,淮阴师范学院,08,不限,盐城市东台市,587
2024,乡村教师计划,1341,淮阴师范学院,08,不限,扬州市江都区,583
2024,乡村教师计划,1341,淮阴师范学院,08,不限,扬州市仪征市,596
2024,乡村教师计划,1341,淮阴师范学院,08,不限,扬州市高邮市,568
2024,乡村教师计划,1341,淮阴师范学院,09,化学,南京市六合区,596
2024,乡村教师计划,1341,淮阴师范学院,09,化学,南京市高淳区,578
2024,乡村教师计划,1341,淮阴师范学院,09,化学,无锡市江阴市,605
2024,乡村教师计划,1341,淮阴师范学院,09,化学,南通市通州区,597
2024,乡村教师计划,1341,淮阴师范学院,09,化学,南通市海安市,598
2024,乡村教师计划,1341,淮阴师范学院,09,化学,南通市如东县,584
2024,乡村教师计划,1341,淮阴师范学院,09,化学,南通市启东市,594
2024,乡村教师计划,1341,淮阴师范学院,09,化学,南通市如皋市,600
2024,乡村教师计划,1341,淮阴师范学院,09,化学,南通市海门区,582
2024,乡村教师计划,1341,淮阴师范学院,09,化学,淮安市涟水县,571
2024,乡村教师计划,1341,淮阴师范学院,09,化学,盐城市响水县,586
2024,乡村教师计划,1341,淮阴师范学院,09,化学,盐城市滨海县,575
2024,乡村教师计划,1341,淮阴师范学院,09,化学,盐城市建湖县,575
2024,乡村教师计划,1341,淮阴师范学院,09,化学,盐城市东台市,601
2024,乡村教师计划,1341,淮阴师范学院,09,化学,扬州市江都区,581
2024,乡村教师计划,1341,淮阴师范学院,09,化学,扬州市宝应县,579
2024,乡村教师计划,1341,淮阴师范学院,09,化学,扬州市高邮市,566
2024,乡村教师计划,1341,淮阴师范学院,09,化学,泰州市姜堰区,610
2024,乡村教师计划,1341,淮阴师范学院,09,化学,泰州市兴化市,570
2024,乡村教师计划,1341,淮阴师范学院,09,化学,泰州市靖江市,596
2024,乡村教师计划,1341,淮阴师范学院,10,地理,南京市六合区,597
2024,乡村教师计划,1341,淮阴师范学院,10,地理,南京市高淳区,585
2024,乡村教师计划,1341,淮阴师范学院,10,地理,无锡市江阴市,602
2024,乡村教师计划,1341,淮阴师范学院,10,地理,苏州市张家港市,601
2024,乡村教师计划,1341,淮阴师范学院,10,地理,苏州市太仓市,595
2024,乡村教师计划,1341,淮阴师范学院,10,地理,南通市通州区,599
2024,乡村教师计划,1341,淮阴师范学院,10,地理,南通市如东县,597
2024,乡村教师计划,1341,淮阴师范学院,10,地理,南通市如皋市,615
2024,乡村教师计划,1341,淮阴师范学院,10,地理,南通市海门区,588
2024,乡村教师计划,1341,淮阴师范学院,10,地理,淮安市涟水县,570
2024,乡村教师计划,1341,淮阴师范学院,10,地理,盐城市响水县,577
2024,乡村教师计划,1341,淮阴师范学院,10,地理,盐城市滨海县,569
2024,乡村教师计划,1341,淮阴师范学院,10,地理,盐城市建湖县,551
2024,乡村教师计划,1341,淮阴师范学院,10,地理,盐城市东台市,592
2024,乡村教师计划,1362,盐城师范学院,07,不限,无锡市江阴市,600
2024,乡村教师计划,1362,盐城师范学院,07,不限,苏州市张家港市,604
2024,乡村教师计划,1362,盐城师范学院,07,不限,苏州市太仓市,600
2024,乡村教师计划,1362,盐城师范学院,07,不限,连云港市赣榆区,583
2024,乡村教师计划,1362,盐城师范学院,07,不限,盐城市滨海县,587
2024,乡村教师计划,1362,盐城师范学院,07,不限,盐城市建湖县,568
2024,乡村教师计划,1362,盐城师范学院,07,不限,盐城市东台市,592
2024,乡村教师计划,1362,盐城师范学院,07,不限,扬州市江都区,603
2024,乡村教师计划,1362,盐城师范学院,07,不限,扬州市高邮市,566
2024,乡村教师计划,1362,盐城师范学院,07,不限,镇江市句容市,587
2024,乡村教师计划,1362,盐城师范学院,08,化学,徐州市铜山区,573
2024,乡村教师计划,1362,盐城师范学院,08,化学,徐州市沛县,562
2024,乡村教师计划,1362,盐城师范学院,08,化学,徐州市睢宁县,550
2024,乡村教师计划,1362,盐城师范学院,08,化学,徐州市邳州市,580
2024,乡村教师计划,1362,盐城师范学院,08,化学,盐城市响水县,563
2024,乡村教师计划,1362,盐城师范学院,08,化学,盐城市滨海县,569
2024,乡村教师计划,1362,盐城师范学院,08,化学,盐城市东台市,593
2024,乡村教师计划,1362,盐城师范学院,08,化学,镇江市扬中市,574
2024,乡村教师计划,1362,盐城师范学院,08,化学,镇江市句容市,576
2024,乡村教师计划,1362,盐城师范学院,09,思想政治,南京市六合区,581
2024,乡村教师计划,1362,盐城师范学院,09,思想政治,南京市高淳区,555
2024,乡村教师计划,1362,盐城师范学院,09,思想政治,南通市启东市,595
2024,乡村教师计划,1362,盐城师范学院,09,思想政治,南通市如皋市,582
2024,乡村教师计划,1362,盐城师范学院,09,思想政治,盐城市响水县,578
2024,乡村教师计划,1362,盐城师范学院,09,思想政治,盐城市滨海县,569
2024,乡村教师计划,1362,盐城师范学院,09,思想政治,盐城市建湖县,559
2024,乡村教师计划,1381,扬州大学,17,化学,南京市浦口区,607
2024,乡村教师计划,1381,扬州大学,17,化学,南京市六合区,612
2024,乡村教师计划,1381,扬州大学,17,化学,南京市高淳区,592
2024,乡村教师计划,1381,扬州大学,17,化学,无锡市江阴市,608
2024,乡村教师计划,1381,扬州大学,17,化学,徐州市贾汪区,605
2024,乡村教师计划,1381,扬州大学,17,化学,徐州市铜山区,587
2024,乡村教师计划,1381,扬州大学,17,化学,徐州市丰县,566
2024,乡村教师计划,1381,扬州大学,17,化学,徐州市沛县,579
2024,乡村教师计划,1381,扬州大学,17,化学,徐州市睢宁县,567
2024,乡村教师计划,1381,扬州大学,17,化学,徐州市邳州市,585
2024,乡村教师计划,1381,扬州大学,17,化学,扬州市江都区,597
2024,乡村教师计划,1381,扬州大学,17,化学,扬州市宝应县,586
2024,乡村教师计划,1381,扬州大学,17,化学,扬州市高邮市,580
2024,乡村教师计划,1381,扬州大学,17,化学,镇江市扬中市,588
2024,乡村教师计划,1381,扬州大学,17,化学,镇江市句容市,603
2024,乡村教师计划,1421,泰州学院,04,不限,徐州市沛县,564
2024,乡村教师计划,1421,泰州学院,04,不限,徐州市睢宁县,564
2024,乡村教师计划,1421,泰州学院,04,不限,泰州市姜堰区,587
2024,乡村教师计划,1421,泰州学院,04,不限,泰州市兴化市,560
2024,乡村教师计划,1421,泰州学院,04,不限,泰州市靖江市,577
2024,乡村教师计划,1421,泰州学院,04,不限,泰州市泰兴市,566
2024,公安政法,0201,中国人民公安大学,04,化学,,643
2024,公安政法,0201,中国人民公安大学,05,化学,,663
2024,公安政法,0201,中国人民公安大学,06,思想政治,,620
2024,公安政法,0201,中国人民公安大学,07,思想政治,,641
2024,公安政法,0202,中国刑事警察学院,04,化学,,628
2024,公安政法,0202,中国刑事警察学院,05,化学,,644
2024,公安政法,0202,中国刑事警察学院,06,思想政治,,612
2024,公安政法,0203,中国人民警察大学,03,化学,,602
2024,公安政法,0203,中国人民警察大学,04,化学,,627
2024,公安政法,0203,中国人民警察大学,05,思想政治,,575
2024,公安政法,0203,中国人民警察大学,06,思想政治,,612
2024,公安政法,0203,中国人民警察大学,07,思想政治,,575
2024,公安政法,0205,郑州警察学院,03,化学,,601
2024,公安政法,0205,郑州警察学院,04,化学,,629
2024,公安政法,0205,郑州警察学院,05,思想政治,,575
2024,公安政法,0205,郑州警察学院,06,思想政治,,612
2024,公安政法,0206,南京警察学院,05,化学,,623
2024,公安政法,0206,南京警察学院,06,化学,,602
2024,公安政法,0206,南京警察学院,07,化学,,624
2024,公安政法,0206,南京警察学院,08,思想政治,,609
2024,公安政法,0206,南京警察学院,09,思想政治,,583
2024,公安政法,0206,南京警察学院,10,思想政治,,579
2024,公安政法,0206,南京警察学院,11,思想政治,,612
2024,公安政法,0305,中央司法警官学院,07,不限,,600
2024,公安政法,0305,中央司法警官学院,08,不限,,623
2024,公安政法,0305,中央司法警官学院,09,不限,,573
2024,公安政法,0305,中央司法警官学院,10,化学,,600
2024,公安政法,0305,中央司法警官学院,11,思想政治,,573
2024,公安政法,0305,中央司法警官学院,12,思想政治,,611
2024,公安政法,1122,江苏警官学院,03,化学,,606
2024,公安政法,1122,江苏警官学院,04,化学,,626
2024,公安政法,1122,江苏警官学院,05,思想政治,,586
2024,公安政法,1122,江苏警官学院,06,思想政治,,616
2024,公安政法,5206,中南财经政法大学,04,思想政治,,575
2024,公安政法,6421,云南警官学院,02,思想政治,,574
2024,其他院校,0301,国际关系学院,05,不限,,618
2024,其他院校,0301,国际关系学院,06,不限,,621
2024,其他院校,0301,国际关系学院,07,化学,,634
2024,其他院校,0301,国际关系学院,08,化学,,624
2024,其他院校,0301,国际关系学院,09,思想政治,,589
2024,其他院校,0301,国际关系学院,10,思想政治,,607
2024,其他院校,0303,北京电子科技学院,02,化学,,654
2024,其他院校,0306,中国民用航空飞行学院,03,化学,,540
2024,其他院校,0307,中国消防救援学院,03,化学,,590
2024,其他院校,1101,南京大学,04,不限,,636
2024,其他院校,1103,南京航空航天大学,02,化学,,576
2024,其他院校,1103,南京航空航天大学,03,化学,,554
2024,其他院校,1107,南京农业大学,02,化学,,601
2024,其他院校,1108,南京师范大学,12,不限,,597
2024,其他院校,1243,常州工学院,05,化学,,518
2024,其他院校,1243,常州工学院,06,化学,,450
2024,其他院校,1803,南京航空航天大学金城学院,05,化学,,450
2024,其他院校,2131,上海海关学院,03,不限,,640
2024,其他院校,2131,上海海关学院,04,不限,,651
2024,其他院校,3101,北京大学,04,不限,,684
2024,其他院校,3103,清华大学,03,化学,,684
2024,其他院校,3117,北京语言大学,04,不限,,584
2024,其他院校,3123,中国传媒大学,05,不限,,612
2024,其他院校,3131,外交学院,03,不限,,644
2024,其他院校,3131,外交学院,04,思想政治,,623
2024,其他院校,3410,山西农业大学,03,化学和生物,,542
2024,其他院校,4311,黑龙江大学,05,不限,,529
2024,其他院校,5206,中南财经政法大学,05,不限,,564
2024,其他院校,5301,湖南大学,02,思想政治,,615
2024,其他院校,5456,香港中文大学(深圳),05,化学,,649
2024,其他院校,6212,四川外国语大学,06,不限,,551
2024,其他院校,7117,西安外国语大学,03,不限,,545
2024,其他院校,9102,香港中文大学,03,不限,,665
2024,其他院校,9102,香港中文大学,04,不限,,651
2024,其他院校,9106,香港城市大学,02,不限,,640
2024,其他院校,9106,香港城市大学,03,化学或生物,,641
2024,军队,0102,国防科技大学,04,化学,,643
2024,军队,0102,国防科技大学,05,化学,,661
2024,军队,0102,国防科技大学,06,化学,,640
2024,军队,0102,国防科技大学,07,化学,,638
2024,军队,0102,国防科技大学,08,化学,,660
2024,军队,0105,陆军工程大学,01,不限,,608
2024,军队,0105,陆军工程大学,02,不限,,611
2024,军队,0105,陆军工程大学,03,化学,,602
2024,军队,0105,陆军工程大学,04,化学,,616
2024,军队,0105,陆军工程大学,05,化学,,623
2024,军队,0108,陆军步兵学院,01,不限,,590
2024,军队,0108,陆军步兵学院,02,化学,,585
2024,军队,0108,陆军步兵学院,03,化学,,587
2024,军队,0110,陆军勤务学院,01,不限,,601
2024,军队,0110,陆军勤务学院,02,化学,,612
2024,军队,0111,陆军装甲兵学院,01,不限,,595
2024,军队,0111,陆军装甲兵学院,02,不限,,598
2024,军队,0111,陆军装甲兵学院,03,化学,,594
2024,军队,0111,陆军装甲兵学院,04,化学,,603
2024,军队,0115,陆军炮兵防空兵学院,01,不限,,590
2024,军队,0115,陆军炮兵防空兵学院,02,化学,,588
2024,军队,0116,陆军特种作战学院,01,不限,,592
2024,军队,0116,陆军特种作战学院,02,不限,,575
2024,军队,0116,陆军特种作战学院,03,不限,,585
2024,军队,0120,陆军防化学院,01,化学,,585
2024,军队,0120,陆军防化学院,02,化学和生物,,587
2024,军队,0121,陆军军事交通学院,01,不限,,596
2024,军队,0121,陆军军事交通学院,02,不限,,598
2024,军队,0121,陆军军事交通学院,03,不限,,620
2024,军队,0121,陆军军事交通学院,04,化学,,594
2024,军队,0121,陆军军事交通学院,05,化学,,586
2024,军队,0126,陆军边海防学院,02,不限,,585
2024,军队,0131,海军军医大学,01,不限,,621
2024,军队,0131,海军军医大学,02,化学,,627
2024,军队,0131,海军军医大学,03,化学,,636
2024,军队,0132,陆军军医大学,01,化学,,604
2024,军队,0132,陆军军医大学,02,化学,,632
2024,军队,0133,空军军医大学,01,化学,,613
2024,军队,0133,空军军医大学,02,化学,,637
2024,军队,0139,海军工程大学,01,化学,,618
2024,军队,0139,海军工程大学,02,化学,,607
2024,军队,0139,海军工程大学,03,化学,,598
2024,军队,0139,海军工程大学,04,化学,,638
2024,军队,0139,海军工程大学,05,化学,,651
2024,军队,0139,海军工程大学,06,化学,,621
2024,军队,0139,海军工程大学,07,化学,,617
2024,军队,0141,海军大连舰艇学院,01,化学,,618
2024,军队,0141,海军大连舰艇学院,02,化学,,600
2024,军队,0141,海军大连舰艇学院,03,化学,,615
2024,军队,0142,海军潜艇学院,01,化学,,594
2024,军队,0142,海军潜艇学院,02,化学,,592
2024,军队,0142,海军潜艇学院,03,化学,,574
2024,军队,0143,海军航空大学,01,不限,,611
2024,军队,0143,海军航空大学,02,化学,,601
2024,军队,0144,空军工程大学,01,化学,,602
2024,军队,0144,空军工程大学,02,化学,,600
2024,军队,0144,空军工程大学,03,化学,,625
2024,军队,0144,空军工程大学,04,化学,,600
2024,军队,0145,空军预警学院,01,化学,,594
2024,军队,0145,空军预警学院,02,化学,,599
2024,军队,0146,战略支援部队航天工程大学,01,化学,,610
2024,军队,0146,战略支援部队航天工程大学,02,化学,,623
2024,军队,0146,战略支援部队航天工程大学,03,化学,,618
2024,军队,0146,战略支援部队航天工程大学,04,化学,,622
2024,军队,0146,战略支援部队航天工程大学,05,化学,,617
2024,军队,0151,战略支援部队信息工程大学,01,不限,,621
2024,军队,0151,战略支援部队信息工程大学,02,不限,,625
2024,军队,0151,战略支援部队信息工程大学,03,化学,,627
2024,军队,0151,战略支援部队信息工程大学,04,化学,,626
2024,军队,0151,战略支援部队信息工程大学,05,化学,,632
2024,军队,0151,战略支援部队信息工程大学,06,化学,,624
2024,军队,0152,火箭军工程大学,01,不限,,598
2024,军队,0152,火箭军工程大学,02,不限,,621
2024,军队,0152,火箭军工程大学,03,化学,,595
2024,军队,0152,火箭军工程大学,04,化学,,617
2024,军队,0152,火箭军工程大学,05,化学,,595
2024,军队,0154,武警工程大学,01,化学,,592
2024,军队,0154,武警工程大学,02,化学,,603
2024,军队,0154,武警工程大学,03,化学,,622
2024,军队,0154,武警工程大学,04,化学,,616
2024,军队,0170,武警警官学院,01,不限,,585
2024,军队,0170,武警警官学院,02,化学,,586
2024,军队,0171,武警特种警察学院,01,不限,,574
2024,军队,0171,武警特种警察学院,02,不限,,594
2024,军队,0172,武警海警学院,01,不限,,596
2024,军队,0172,武警海警学院,02,不限,,618
2024,军队,0172,武警海警学院,03,不限,,592
2024,军队,0172,武警海警学院,04,化学,,591
2024,医学定向,1112,南京医科大学,03,化学,南京市浦口区,601
2024,医学定向,1112,南京医科大学,03,化学,南京市栖霞区,596
2024,医学定向,1112,南京医科大学,03,化学,南京市江宁区,600
2024,医学定向,1112,南京医科大学,03,化学,南京市六合区,603
2024,医学定向,1112,南京医科大学,03,化学,南京市溧水区,587
2024,医学定向,1112,南京医科大学,03,化学,常州市天宁区,610
2024,医学定向,1112,南京医科大学,03,化学,常州市新北区,572
2024,医学定向,1112,南京医科大学,03,化学,常州市武进区,616
2024,医学定向,1112,南京医科大学,03,化学,常州市金坛区,589
2024,医学定向,1112,南京医科大学,03,化学,常州市溧阳市,602
2024,医学定向,1113,南京中医药大学,05,化学,南京市浦口区,568
2024,医学定向,1113,南京中医药大学,05,化学,南京市栖霞区,584
2024,医学定向,1113,南京中医药大学,05,化学,南京市溧水区,569
2024,医学定向,1113,南京中医药大学,05,化学,无锡市江阴市,581
2024,医学定向,1113,南京中医药大学,05,化学,无锡市宜兴市,596
2024,医学定向,1113,南京中医药大学,05,化学,徐州市贾汪区,565
2024,医学定向,1113,南京中医药大学,05,化学,徐州市铜山区,572
2024,医学定向,1113,南京中医药大学,05,化学,徐州市丰县,549
2024,医学定向,1113,南京中医药大学,05,化学,徐州市睢宁县,536
2024,医学定向,1113,南京中医药大学,05,化学,徐州市新沂市,603
2024,医学定向,1113,南京中医药大学,05,化学,常州市新北区,563
2024,医学定向,1113,南京中医药大学,05,化学,苏州市吴中区,587
2024,医学定向,1113,南京中医药大学,05,化学,苏州市相城区,581
2024,医学定向,1113,南京中医药大学,05,化学,苏州市吴江区,590
2024,医学定向,1113,南京中医药大学,05,化学,苏州市常熟市,595
2024,医学定向,1113,南京中医药大学,05,化学,苏州市张家港市,580
2024,医学定向,1113,南京中医药大学,05,化学,苏州市太仓市,541
2024,医学定向,1113,南京中医药大学,05,化学,南通市海安市,575
2024,医学定向,1113,南京中医药大学,05,化学,南通市如皋市,582
2024,医学定向,1113,南京中医药大学,05,化学,南通市海门区,585
2024,医学定向,1113,南京中医药大学,05,化学,连云港市海州区,575
2024,医学定向,1113,南京中医药大学,05,化学,连云港市赣榆区,579
2024,医学定向,1113,南京中医药大学,05,化学,连云港市东海县,553
2024,医学定向,1113,南京中医药大学,05,化学,连云港市灌云县,541
2024,医学定向,1113,南京中医药大学,05,化学,连云港市灌南县,578
2024,医学定向,1113,南京中医药大学,05,化学,淮安市淮安区,594
2024,医学定向,1113,南京中医药大学,05,化学,淮安市盱眙县,561
2024,医学定向,1113,南京中医药大学,05,化学,淮安市金湖县,567
2024,医学定向,1113,南京中医药大学,05,化学,盐城市亭湖区,572
2024,医学定向,1113,南京中医药大学,05,化学,盐城市盐都区,571
2024,医学定向,1113,南京中医药大学,05,化学,盐城市滨海县,588
2024,医学定向,1113,南京中医药大学,05,化学,盐城市建湖县,581
2024,医学定向,1113,南京中医药大学,05,化学,盐城市东台市,563
2024,医学定向,1113,南京中医药大学,05,化学,扬州市广陵区,581
2024,医学定向,1113,南京中医药大学,05,化学,扬州市邗江区,585
2024,医学定向,1113,南京中医药大学,05,化学,扬州市江都区,565
2024,医学定向,1113,南京中医药大学,05,化学,扬州市宝应县,574
2024,医学定向,1113,南京中医药大学,05,化学,扬州市仪征市,562
2024,医学定向,1113,南京中医药大学,05,化学,扬州市高邮市,543
2024,医学定向,1113,南京中医药大学,05,化学,镇江市扬中市,573
2024,医学定向,1113,南京中医药大学,05,化学,泰州市海陵区,584
2024,医学定向,1113,南京中医药大学,05,化学,泰州市泰州医药高新区(高港区),576
2024,医学定向,1113,南京中医药大学,05,化学,泰州市兴化市,561
2024,医学定向,1113,南京中医药大学,05,化学,泰州市靖江市,576
2024,医学定向,1113,南京中医药大学,05,化学,泰州市泰兴市,574
2024,医学定向,1113,南京中医药大学,05,化学,宿迁市宿城区,583
2024,医学定向,1113,南京中医药大学,05,化学,宿迁市宿豫区,576
2024,医学定向,1113,南京中医药大学,05,化学,宿迁市沭阳县,572
2024,医学定向,1223,徐州医科大学,03,化学,连云港市海州区,616
2024,医学定向,1223,徐州医科大学,03,化学,淮安市淮安区,590
2024,医学定向,1223,徐州医科大学,03,化学,盐城市大丰区,617
2024,医学定向,1223,徐州医科大学,03,化学,盐城市滨海县,609
2024,医学定向,1223,徐州医科大学,03,化学,盐城市东台市,607
2024,医学定向,1223,徐州医科大学,03,化学,扬州市广陵区,617
2024,医学定向,1223,徐州医科大学,03,化学,扬州市邗江区,622
2024,医学定向,1223,徐州医科大学,03,化学,扬州市江都区,617
2024,医学定向,1223,徐州医科大学,03,化学,扬州市高邮市,599
2024,医学定向,1223,徐州医科大学,03,化学,镇江市扬中市,600
2024,医学定向,1223,徐州医科大学,03,化学,泰州市海陵区,614
2024,医学定向,1223,徐州医科大学,03,化学,泰州市兴化市,575
2024,医学定向,1223,徐州医科大学,03,化学,泰州市泰兴市,598
2024,医学定向,1223,徐州医科大学,03,化学,宿迁市宿城区,599
2024,医学定向,1223,徐州医科大学,03,化学,宿迁市沭阳县,596
2024,医学定向,1223,徐州医科大学,03,化学,南京市浦口区,620
2024,医学定向,1223,徐州医科大学,03,化学,南京市溧水区,588
2024,医学定向,1223,徐州医科大学,03,化学,南京市高淳区,606
2024,医学定向,1223,徐州医科大学,03,化学,徐州市贾汪区,570
2024,医学定向,1223,徐州医科大学,03,化学,徐州市铜山区,571
2024,医学定向,1223,徐州医科大学,03,化学,徐州市睢宁县,534
2024,医学定向,1223,徐州医科大学,03,化学,常州市新北区,607
2024,医学定向,1223,徐州医科大学,03,化学,常州市金坛区,609
2024,医学定向,1223,徐州医科大学,03,化学,苏州市相城区,614
2024,医学定向,1223,徐州医科大学,03,化学,苏州市张家港市,585
2024,医学定向,1223,徐州医科大学,03,化学,苏州市太仓市,580
2024,医学定向,1223,徐州医科大学,03,化学,南通市通州区,611
2024,医学定向,1223,徐州医科大学,03,化学,南通市海安市,603
2024,医学定向,1223,徐州医科大学,03,化学,南通市如东县,611
2024,医学定向,1223,徐州医科大学,03,化学,连云港市连云区,535
2024,医学定向,1261,苏州大学,12,化学,苏州市吴中区,617
2024,医学定向,1261,苏州大学,12,化学,苏州市相城区,601
2024,医学定向,1261,苏州大学,12,化学,苏州市吴江区,601
2024,医学定向,1261,苏州大学,12,化学,苏州市常熟市,604
2024,医学定向,1261,苏州大学,12,化学,苏州市张家港市,585
2024,医学定向,1261,苏州大学,12,化学,苏州市太仓市,566
2024,医学定向,1261,苏州大学,12,化学,镇江市扬中市,569
2024,医学定向,1301,南通大学,10,化学,南京市浦口区,584
2024,医学定向,1301,南通大学,10,化学,南京市溧水区,570
2024,医学定向,1301,南通大学,10,化学,徐州市贾汪区,568
2024,医学定向,1301,南通大学,10,化学,徐州市丰县,550
2024,医学定向,1301,南通大学,10,化学,徐州市睢宁县,527
2024,医学定向,1301,南通大学,10,化学,南通市海安市,577
2024,医学定向,1301,南通大学,10,化学,南通市启东市,593
2024,医学定向,1301,南通大学,10,化学,南通市如皋市,572
2024,医学定向,1301,南通大学,10,化学,南通市海门区,570
2024,医学定向,1381,扬州大学,18,化学,徐州市丰县,558
2024,医学定向,1381,扬州大学,18,化学,苏州市吴中区,591
2024,医学定向,1381,扬州大学,18,化学,淮安市淮安区,585
2024,医学定向,1381,扬州大学,18,化学,淮安市涟水县,581
2024,医学定向,1381,扬州大学,18,化学,淮安市金湖县,584
2024,医学定向,1381,扬州大学,18,化学,盐城市亭湖区,579
2024,医学定向,1381,扬州大学,18,化学,盐城市盐都区,591
2024,医学定向,1381,扬州大学,18,化学,盐城市大丰区,581
2024,医学定向,1381,扬州大学,18,化学,盐城市射阳县,590
2024,医学定向,1381,扬州大学,18,化学,盐城市东台市,577
2024,医学定向,1381,扬州大学,18,化学,扬州市广陵区,577
2024,医学定向,1381,扬州大学,18,化学,扬州市邗江区,596
2024,医学定向,1381,扬州大学,18,化学,扬州市江都区,568
2024,医学定向,1381,扬州大学,18,化学,扬州市宝应县,581
2024,医学定向,1381,扬州大学,18,化学,扬州市仪征市,567
2024,医学定向,1381,扬州大学,18,化学,扬州市高邮市,564
2024,医学定向,1401,江苏大学,14,化学,无锡市江阴市,581
2024,医学定向,1401,江苏大学,14,化学,无锡市宜兴市,597
2024,医学定向,1401,江苏大学,14,化学,徐州市沛县,578
2024,医学定向,1401,江苏大学,14,化学,苏州市相城区,577
2024,医学定向,1401,江苏大学,14,化学,淮安市盱眙县,586
2024,医学定向,1401,江苏大学,14,化学,镇江市丹徒区,561
2024,医学定向,1401,江苏大学,14,化学,镇江市丹阳市,573
2024,医学定向,1401,江苏大学,14,化学,镇江市扬中市,576
2024,医学定向,1401,江苏大学,14,化学,镇江市句容市,562
2024,医学定向,1846,南京医科大学康达学院,03,化学,无锡市宜兴市,589
2024,医学定向,1846,南京医科大学康达学院,03,化学,常州市新北区,557
2024,医学定向,1846,南京医科大学康达学院,03,化学,常州市金坛区,576
2024,医学定向,1846,南京医科大学康达学院,03,化学,南通市通州区,559
2024,医学定向,1846,南京医科大学康达学院,03,化学,南通市如东县,554
2024,医学定向,1846,南京医科大学康达学院,03,化学,连云港市海州区,524
2024,医学定向,1846,南京医科大学康达学院,03,化学,连云港市赣榆区,575
2024,医学定向,1846,南京医科大学康达学院,03,化学,连云港市东海县,542
2024,医学定向,1846,南京医科大学康达学院,03,化学,连云港市灌云县,529
2024,医学定向,1846,南京医科大学康达学院,03,化学,连云港市灌南县,537
2024,医学定向,1846,南京医科大学康达学院,03,化学,淮安市淮阴区,569
2024,医学定向,1846,南京医科大学康达学院,03,化学,盐城市盐都区,576
2024,医学定向,1846,南京医科大学康达学院,03,化学,盐城市大丰区,568
2024,医学定向,1846,南京医科大学康达学院,03,化学,盐城市东台市,556
2024,医学定向,1846,南京医科大学康达学院,03,化学,扬州市广陵区,560
2024,医学定向,1846,南京医科大学康达学院,03,化学,扬州市江都区,566
2024,医学定向,1846,南京医科大学康达学院,03,化学,扬州市仪征市,555
2024,医学定向,1846,南京医科大学康达学院,03,化学,镇江市丹徒区,557
2024,医学定向,1846,南京医科大学康达学院,03,化学,泰州市海陵区,576
2024,医学定向,1846,南京医科大学康达学院,03,化学,泰州市泰州医药高新区(高港区),550
2024,医学定向,1846,南京医科大学康达学院,03,化学,泰州市姜堰区,575
2024,医学定向,1846,南京医科大学康达学院,03,化学,泰州市兴化市,546
2024,医学定向,1846,南京医科大学康达学院,03,化学,泰州市靖江市,572
2024,医学定向,1846,南京医科大学康达学院,03,化学,泰州市泰兴市,556
2024,医学定向,1846,南京医科大学康达学院,03,化学,宿迁市宿城区,557
2024,医学定向,1846,南京医科大学康达学院,03,化学,宿迁市宿豫区,576
2024,医学定向,1846,南京医科大学康达学院,03,化学,宿迁市沭阳县,544
2024,地方专项计划,1106,南京信息工程大学,04,不限,,589
2024,地方专项计划,1106,南京信息工程大学,05,化学,,604
2024,地方专项计划,1106,南京信息工程大学,06,化学,,576
2024,地方专项计划,1108,南京师范大学,13,不限,,602
2024,地方专项计划,1108,南京师范大学,14,化学,,609
2024,地方专项计划,1108,南京师范大学,15,地理,,628
2024,地方专项计划,1110,南京工业大学,03,不限,,584
2024,地方专项计划,1110,南京工业大学,04,化学,,584
2024,地方专项计划,1111,南京邮电大学,03,不限,,593
2024,地方专项计划,1111,南京邮电大学,04,化学,,592
2024,地方专项计划,1112,南京医科大学,02,化学,,626
2024,地方专项计划,1113,南京中医药大学,03,化学,,591
2024,地方专项计划,1113,南京中医药大学,04,化学,,566
2024,地方专项计划,1115,南京林业大学,04,不限,,579
2024,地方专项计划,1115,南京林业大学,05,化学,,588
2024,地方专项计划,1222,江苏师范大学,07,不限,,555
2024,地方专项计划,1222,江苏师范大学,08,化学,,563
2024,地方专项计划,1261,苏州大学,09,不限,,599
2024,地方专项计划,1261,苏州大学,10,化学,,599
2024,地方专项计划,1261,苏州大学,11,生物,,590
2024,地方专项计划,1301,南通大学,07,化学,,568
2024,地方专项计划,1381,扬州大学,13,化学,,591
2024,地方专项计划,1381,扬州大学,14,化学,,581
2024,地方专项计划,1381,扬州大学,15,化学,,567
2024,地方专项计划,1381,扬州大学,16,化学,,595
2024,地方专项计划,1401,江苏大学,05,化学,,598
2024,地方专项计划,1401,江苏大学,06,化学,,597
2024,地方专项计划,1401,江苏大学,07,化学,,595
2024,地方专项计划,1401,江苏大学,08,化学,,562
2024,地方专项计划,1401,江苏大学,09,化学,,568
2024,地方专项计划,1401,江苏大学,10,化学,,566
2024,地方专项计划,1401,江苏大学,11,化学,,570
2024,地方专项计划,1401,江苏大学,12,化学,,578
2024,地方专项计划,1401,江苏大学,13,化学,,578
2024,航海,2117,上海海事大学,02,化学,,575
2024,航海,2251,浙江海洋大学,01,化学,,542
2024,航海,2412,集美大学,02,化学,,558
2024,航海,2412,集美大学,03,化学,,561
2024,航海,4132,大连海事大学,03,化学,,585
2024,航海,5207,武汉理工大学,02,化学,,586
2024,航海,5411,广州航海学院,01,化学,,538
2024,航海,5604,海南热带海洋学院,04,化学,,520
2024,航海,6207,重庆交通大学,02,化学,,548
2024,航海,8757,海南科技职业大学,03,不限,,507
2025,乡村教师计划,1106,南京信息工程大学,07,化学,南京市浦口区,624
2025,乡村教师计划,1106,南京信息工程大学,07,化学,南京市六合区,620
2025,乡村教师计划,1106,南京信息工程大学,07,化学,徐州市丰县,593
2025,乡村教师计划,1106,南京信息工程大学,07,化学,南通市通州区,631
2025,乡村教师计划,1106,南京信息工程大学,07,化学,南通市海安市,618
2025,乡村教师计划,1106,南京信息工程大学,07,化学,南通市如东县,619
2025,乡村教师计划,1106,南京信息工程大学,07,化学,南通市如皋市,620
2025,乡村教师计划,1106,南京信息工程大学,07,化学,南通市海门区,631
2025,乡村教师计划,1106,南京信息工程大学,07,化学,连云港市灌云县,574
2025,乡村教师计划,1106,南京信息工程大学,07,化学,盐城市响水县,609
2025,乡村教师计划,1106,南京信息工程大学,07,化学,盐城市东台市,594
2025,乡村教师计划,1106,南京信息工程大学,07,化学,扬州市江都区,604
2025,乡村教师计划,1106,南京信息工程大学,07,化学,扬州市宝应县,604
2025,乡村教师计划,1106,南京信息工程大学,07,化学,扬州市仪征市,608
2025,乡村教师计划,1106,南京信息工程大学,07,化学,扬州市高邮市,592
2025,乡村教师计划,1106,南京信息工程大学,07,化学,泰州市姜堰区,619
2025,乡村教师计划,1106,南京信息工程大学,07,化学,泰州市兴化市,608
2025,乡村教师计划,1106,南京信息工程大学,07,化学,泰州市靖江市,619
2025,乡村教师计划,1106,南京信息工程大学,07,化学,泰州市泰兴市,606
2025,乡村教师计划,1106,南京信息工程大学,07,化学,宿迁市沭阳县,604
2025,乡村教师计划,1106,南京信息工程大学,07,化学,宿迁市泗阳县,601
2025,乡村教师计划,1120,南京晓庄学院,08,不限,南京市浦口区,618
2025,乡村教师计划,1120,南京晓庄学院,08,不限,南京市六合区,603
2025,乡村教师计划,1120,南京晓庄学院,08,不限,苏州市吴江区,615
2025,乡村教师计划,1120,南京晓庄学院,08,不限,苏州市常熟市,627
2025,乡村教师计划,1120,南京晓庄学院,08,不限,淮安市涟水县,579
2025,乡村教师计划,1120,南京晓庄学院,09,化学,南京市浦口区,619
2025,乡村教师计划,1120,南京晓庄学院,09,化学,南京市六合区,619
2025,乡村教师计划,1120,南京晓庄学院,09,化学,南通市通州区,616
2025,乡村教师计划,1120,南京晓庄学院,09,化学,南通市海安市,610
2025,乡村教师计划,1120,南京晓庄学院,09,化学,南通市如东县,624
2025,乡村教师计划,1120,南京晓庄学院,09,化学,南通市如皋市,618
2025,乡村教师计划,1120,南京晓庄学院,09,化学,南通市海门区,630
2025,乡村教师计划,1120,南京晓庄学院,09,化学,盐城市响水县,595
2025,乡村教师计划,1120,南京晓庄学院,09,化学,盐城市东台市,596
2025,乡村教师计划,1120,南京晓庄学院,10,化学,南京市六合区,617
2025,乡村教师计划,1120,南京晓庄学院,10,化学,连云港市赣榆区,582
2025,乡村教师计划,1120,南京晓庄学院,10,化学,连云港市东海县,566
2025,乡村教师计划,1120,南京晓庄学院,10,化学,连云港市灌云县,556
2025,乡村教师计划,1120,南京晓庄学院,10,化学,宿迁市沭阳县,592
2025,乡村教师计划,1120,南京晓庄学院,10,化学,宿迁市泗阳县,599
2025,乡村教师计划,1120,南京晓庄学院,10,化学,宿迁市泗洪县,586
2025,乡村教师计划,1120,南京晓庄学院,11,思想政治,南京市六合区,549
2025,乡村教师计划,1120,南京晓庄学院,11,思想政治,徐州市丰县,575
2025,乡村教师计划,1120,南京晓庄学院,11,思想政治,连云港市赣榆区,586
2025,乡村教师计划,1120,南京晓庄学院,11,思想政治,连云港市东海县,577
2025,乡村教师计划,1120,南京晓庄学院,11,思想政治,扬州市江都区,588
2025,乡村教师计划,1131,江苏第二师范学院,11,不限,南京市六合区,622
2025,乡村教师计划,1131,江苏第二师范学院,11,不限,南通市如东县,612
2025,乡村教师计划,1131,江苏第二师范学院,11,不限,连云港市赣榆区,585
2025,乡村教师计划,1131,江苏第二师范学院,11,不限,连云港市东海县,568
2025,乡村教师计划,1131,江苏第二师范学院,11,不限,淮安市涟水县,572
2025,乡村教师计划,1131,江苏第二师范学院,11,不限,盐城市东台市,583
2025,乡村教师计划,1131,江苏第二师范学院,11,不限,扬州市江都区,591
2025,乡村教师计划,1131,江苏第二师范学院,11,不限,扬州市仪征市,580
2025,乡村教师计划,1131,江苏第二师范学院,12,不限,连云港市东海县,574
2025,乡村教师计划,1131,江苏第二师范学院,13,化学,连云港市东海县,575
2025,乡村教师计划,1131,江苏第二师范学院,13,化学,宿迁市沭阳县,600
2025,乡村教师计划,1131,江苏第二师范学院,13,化学,宿迁市泗阳县,596
2025,乡村教师计划,1131,江苏第二师范学院,13,化学,宿迁市泗洪县,586
2025,乡村教师计划,1131,江苏第二师范学院,14,化学,连云港市东海县,568
2025,乡村教师计划,1131,江苏第二师范学院,14,化学,镇江市丹阳市,595
2025,乡村教师计划,1131,江苏第二师范学院,14,化学,镇江市扬中市,598
2025,乡村教师计划,1131,江苏第二师范学院,14,化学,镇江市句容市,607
2025,乡村教师计划,1131,江苏第二师范学院,14,化学,宿迁市沭阳县,594
2025,乡村教师计划,1131,江苏第二师范学院,14,化学,宿迁市泗阳县,592
2025,乡村教师计划,1131,江苏第二师范学院,14,化学,宿迁市泗洪县,583
2025,乡村教师计划,1133,南京特殊教育师范学院,05,不限,盐城市东台市,573
2025,乡村教师计划,1133,南京特殊教育师范学院,05,不限,镇江市句容市,593
2025,乡村教师计划,1222,江苏师范大学,07,不限,南京市六合区,614
2025,乡村教师计划,1222,江苏师范大学,07,不限,苏州市吴江区,622
2025,乡村教师计划,1222,江苏师范大学,07,不限,盐城市东台市,583
2025,乡村教师计划,1222,江苏师范大学,07,不限,扬州市宝应县,594
2025,乡村教师计划,1222,江苏师范大学,07,不限,镇江市丹阳市,595
2025,乡村教师计划,1222,江苏师范大学,07,不限,镇江市句容市,597
2025,乡村教师计划,1222,江苏师范大学,07,不限,泰州市兴化市,601
2025,乡村教师计划,1222,江苏师范大学,07,不限,宿迁市泗洪县,606
2025,乡村教师计划,1222,江苏师范大学,08,化学,连云港市东海县,580
2025,乡村教师计划,1222,江苏师范大学,08,化学,泰州市姜堰区,606
2025,乡村教师计划,1222,江苏师范大学,08,化学,泰州市兴化市,607
2025,乡村教师计划,1222,江苏师范大学,08,化学,泰州市靖江市,613
2025,乡村教师计划,1222,江苏师范大学,08,化学,泰州市泰兴市,603
2025,乡村教师计划,1262,苏州科技大学,05,化学,徐州市丰县,588
2025,乡村教师计划,1262,苏州科技大学,05,化学,苏州市吴江区,615
2025,乡村教师计划,1262,苏州科技大学,05,化学,苏州市常熟市,629
2025,乡村教师计划,1262,苏州科技大学,05,化学,苏州市张家港市,614
2025,乡村教师计划,1262,苏州科技大学,05,化学,苏州市太仓市,607
2025,乡村教师计划,1262,苏州科技大学,05,化学,连云港市赣榆区,587
2025,乡村教师计划,1262,苏州科技大学,05,化学,连云港市灌云县,557
2025,乡村教师计划,1262,苏州科技大学,05,化学,淮安市涟水县,589
2025,乡村教师计划,1262,苏州科技大学,05,化学,盐城市东台市,607
2025,乡村教师计划,1262,苏州科技大学,05,化学,宿迁市泗阳县,595
2025,乡村教师计划,1262,苏州科技大学,05,化学,宿迁市泗洪县,587
2025,乡村教师计划,1301,南通大学,07,不限,南通市海安市,612
2025,乡村教师计划,1301,南通大学,07,不限,南通市启东市,621
2025,乡村教师计划,1301,南通大学,07,不限,南通市如皋市,620
2025,乡村教师计划,1301,南通大学,07,不限,南通市海门区,620
2025,乡村教师计划,1301,南通大学,07,不限,连云港市赣榆区,585
2025,乡村教师计划,1301,南通大学,07,不限,连云港市东海县,578
2025,乡村教师计划,1301,南通大学,07,不限,淮安市涟水县,606
2025,乡村教师计划,1301,南通大学,08,化学,南通市通州区,626
2025,乡村教师计划,1301,南通大学,08,化学,南通市海安市,617
2025,乡村教师计划,1301,南通大学,08,化学,南通市如东县,615
2025,乡村教师计划,1301,南通大学,08,化学,南通市启东市,623
2025,乡村教师计划,1301,南通大学,08,化学,南通市如皋市,618
2025,乡村教师计划,1301,南通大学,08,化学,南通市海门区,634
2025,乡村教师计划,1301,南通大学,08,化学,连云港市赣榆区,600
2025,乡村教师计划,1341,淮阴师范学院,06,不限,镇江市丹徒区,598
2025,乡村教师计划,1341,淮阴师范学院,06,不限,镇江市丹阳市,592
2025,乡村教师计划,1341,淮阴师范学院,06,不限,镇江市句容市,596
2025,乡村教师计划,1341,淮阴师范学院,06,不限,宿迁市泗阳县,588
2025,乡村教师计划,1341,淮阴师范学院,06,不限,宿迁市泗洪县,594
2025,乡村教师计划,1341,淮阴师范学院,07,化学,南京市浦口区,613
2025,乡村教师计划,1341,淮阴师范学院,07,化学,南京市六合区,603
2025,乡村教师计划,1341,淮阴师范学院,07,化学,徐州市丰县,580
2025,乡村教师计划,1341,淮阴师范学院,07,化学,扬州市江都区,604
2025,乡村教师计划,1341,淮阴师范学院,07,化学,扬州市宝应县,598
2025,乡村教师计划,1341,淮阴师范学院,07,化学,扬州市仪征市,595
2025,乡村教师计划,1341,淮阴师范学院,07,化学,扬州市高邮市,590
2025,乡村教师计划,1341,淮阴师范学院,07,化学,镇江市丹阳市,584
2025,乡村教师计划,1341,淮阴师范学院,07,化学,镇江市扬中市,590
2025,乡村教师计划,1341,淮阴师范学院,07,化学,镇江市句容市,607
2025,乡村教师计划,1341,淮阴师范学院,08,地理,苏州市吴江区,615
2025,乡村教师计划,1341,淮阴师范学院,08,地理,南通市通州区,621
2025,乡村教师计划,1341,淮阴师范学院,08,地理,连云港市赣榆区,581
2025,乡村教师计划,1341,淮阴师范学院,08,地理,连云港市东海县,564
2025,乡村教师计划,1341,淮阴师范学院,08,地理,盐城市响水县,577
2025,乡村教师计划,1341,淮阴师范学院,08,地理,盐城市东台市,579
2025,乡村教师计划,1341,淮阴师范学院,08,地理,镇江市丹阳市,593
2025,乡村教师计划,1341,淮阴师范学院,08,地理,镇江市扬中市,586
2025,乡村教师计划,1341,淮阴师范学院,08,地理,镇江市句容市,579
2025,乡村教师计划,1341,淮阴师范学院,08,地理,泰州市兴化市,593
2025,乡村教师计划,1341,淮阴师范学院,08,地理,泰州市靖江市,596
2025,乡村教师计划,1362,盐城师范学院,06,不限,南京市浦口区,607
2025,乡村教师计划,1362,盐城师范学院,06,不限,南京市六合区,601
2025,乡村教师计划,1362,盐城师范学院,06,不限,苏州市吴江区,614
2025,乡村教师计划,1362,盐城师范学院,06,不限,苏州市常熟市,610
2025,乡村教师计划,1362,盐城师范学院,06,不限,扬州市江都区,603
2025,乡村教师计划,1362,盐城师范学院,06,不限,扬州市高邮市,587
2025,乡村教师计划,1362,盐城师范学院,06,不限,泰州市姜堰区,606
2025,乡村教师计划,1362,盐城师范学院,07,化学,徐州市丰县,578
2025,乡村教师计划,1362,盐城师范学院,07,化学,南通市通州区,619
2025,乡村教师计划,1362,盐城师范学院,07,化学,南通市如东县,614
2025,乡村教师计划,1362,盐城师范学院,07,化学,盐城市响水县,591
2025,乡村教师计划,1362,盐城师范学院,07,化学,盐城市东台市,586
2025,乡村教师计划,1362,盐城师范学院,07,化学,扬州市江都区,593
2025,乡村教师计划,1362,盐城师范学院,07,化学,扬州市仪征市,591
2025,乡村教师计划,1362,盐城师范学院,07,化学,扬州市高邮市,588
2025,乡村教师计划,1362,盐城师范学院,07,化学,镇江市扬中市,589
2025,乡村教师计划,1362,盐城师范学院,07,化学,镇江市句容市,600
2025,乡村教师计划,1362,盐城师范学院,07,化学,泰州市兴化市,601
2025,乡村教师计划,1362,盐城师范学院,07,化学,泰州市靖江市,610
2025,乡村教师计划,1362,盐城师范学院,08,思想政治,盐城市响水县,594
2025,乡村教师计划,1362,盐城师范学院,08,思想政治,镇江市句容市,581
2025,乡村教师计划,1362,盐城师范学院,08,思想政治,泰州市姜堰区,566
2025,乡村教师计划,1381,扬州大学,22,化学,徐州市丰县,591
2025,乡村教师计划,1381,扬州大学,22,化学,连云港市赣榆区,590
2025,乡村教师计划,1381,扬州大学,22,化学,连云港市灌云县,562
2025,乡村教师计划,1381,扬州大学,22,化学,扬州市江都区,614
2025,乡村教师计划,1381,扬州大学,22,化学,扬州市宝应县,595
2025,乡村教师计划,1381,扬州大学,22,化学,扬州市仪征市,612
2025,乡村教师计划,1381,扬州大学,22,化学,扬州市高邮市,600
2025,乡村教师计划,1421,泰州学院,04,不限,扬州市江都区,586
2025,乡村教师计划,1421,泰州学院,04,不限,扬州市高邮市,585
2025,乡村教师计划,1421,泰州学院,04,不限,泰州市姜堰区,605
2025,乡村教师计划,1421,泰州学院,04,不限,泰州市兴化市,606
2025,公安政法,0201,中国人民公安大学,05,化学,,645
2025,公安政法,0201,中国人民公安大学,06,化学,,655
2025,公安政法,0201,中国人民公安大学,07,化学,,648
2025,公安政法,0201,中国人民公安大学,08,思想政治,,626
2025,公安政法,0201,中国人民公安大学,09,思想政治,,623
2025,公安政法,0202,中国刑事警察学院,04,化学,,633
2025,公安政法,0202,中国刑事警察学院,05,化学,,645
2025,公安政法,0202,中国刑事警察学院,06,化学,,632
2025,公安政法,0202,中国刑事警察学院,07,思想政治,,621
2025,公安政法,0202,中国刑事警察学院,08,思想政治,,614
2025,公安政法,0203,中国人民警察大学,03,化学,,607
2025,公安政法,0203,中国人民警察大学,04,化学,,628
2025,公安政法,0203,中国人民警察大学,05,化学,,607
2025,公安政法,0203,中国人民警察大学,06,化学,,613
2025,公安政法,0203,中国人民警察大学,07,思想政治,,576
2025,公安政法,0203,中国人民警察大学,08,思想政治,,606
2025,公安政法,0203,中国人民警察大学,09,思想政治,,575
2025,公安政法,0203,中国人民警察大学,10,思想政治,,575
2025,公安政法,0203,中国人民警察大学,11,思想政治,,618
2025,公安政法,0205,郑州警察学院,03,化学,,607
2025,公安政法,0205,郑州警察学院,04,化学,,628
2025,公安政法,0205,郑州警察学院,05,思想政治,,575
2025,公安政法,0205,郑州警察学院,06,思想政治,,606
2025,公安政法,0206,南京警察学院,03,化学,,608
2025,公安政法,0206,南京警察学院,04,化学,,629
2025,公安政法,0206,南京警察学院,05,思想政治,,579
2025,公安政法,0206,南京警察学院,06,思想政治,,609
2025,公安政法,0305,中央司法警官学院,05,不限,,604
2025,公安政法,0305,中央司法警官学院,06,不限,,627
2025,公安政法,0305,中央司法警官学院,07,化学,,604
2025,公安政法,0305,中央司法警官学院,08,化学,,626
2025,公安政法,0305,中央司法警官学院,09,思想政治,,581
2025,公安政法,0305,中央司法警官学院,10,思想政治,,623
2025,公安政法,1122,江苏警官学院,03,化学,,611
2025,公安政法,1122,江苏警官学院,04,化学,,631
2025,公安政法,1122,江苏警官学院,05,思想政治,,580
2025,公安政法,1122,江苏警官学院,06,思想政治,,611
2025,公安政法,6203,西南政法大学,04,思想政治,,579
2025,公安政法,6203,西南政法大学,05,思想政治,,597
2025,公安政法,6421,云南警官学院,02,思想政治,,577
2025,其他院校,0301,国际关系学院,05,不限,,621
2025,其他院校,0301,国际关系学院,06,不限,,622
2025,其他院校,0301,国际关系学院,07,化学,,634
2025,其他院校,0301,国际关系学院,08,化学,,621
2025,其他院校,0301,国际关系学院,09,思想政治,,642
2025,其他院校,0301,国际关系学院,10,思想政治,,614
2025,其他院校,0303,北京电子科技学院,02,化学,,657
2025,其他院校,0306,中国民用航空飞行学院,03,化学,,561
2025,其他院校,0307,中国消防救援学院,02,化学,,597
2025,其他院校,1101,南京大学,04,不限,,640
2025,其他院校,1103,南京航空航天大学,02,化学,,587
2025,其他院校,1103,南京航空航天大学,03,化学,,592
2025,其他院校,1107,南京农业大学,02,化学,,603
2025,其他院校,1108,南京师范大学,13,不限,,595
2025,其他院校,1243,常州工学院,05,化学,,583
2025,其他院校,1243,常州工学院,06,化学,,458
2025,其他院校,1803,南京航空航天大学金城学院,04,化学,,482
2025,其他院校,2131,上海海关学院,04,不限,,648
2025,其他院校,2131,上海海关学院,05,不限,,657
2025,其他院校,2609,山东交通学院,02,化学,,501
2025,其他院校,3101,北京大学,04,不限,,674
2025,其他院校,3103,清华大学,03,化学,,680
2025,其他院校,3117,北京语言大学,05,不限,,575
2025,其他院校,3119,对外经济贸易大学,03,不限,,623
2025,其他院校,3123,中国传媒大学,06,不限,,603
2025,其他院校,3131,外交学院,03,不限,,641
2025,其他院校,3131,外交学院,04,思想政治,,616
2025,其他院校,4311,黑龙江大学,04,不限,,536
2025,其他院校,5161,安阳工学院,01,化学,,450
2025,其他院校,5203,华中师范大学,05,不限,,599
2025,其他院校,5301,湖南大学,03,思想政治,,607
2025,其他院校,5456,香港中文大学(深圳),05,化学,,646
2025,其他院校,6212,四川外国语大学,07,不限,,560
2025,其他院校,7117,西安外国语大学,03,不限,,556
2025,其他院校,9102,香港中文大学,03,不限,,671
2025,其他院校,9102,香港中文大学,04,不限,,645
2025,其他院校,9106,香港城市大学,02,不限,,633
2025,其他院校,9106,香港城市大学,03,化学和生物,,636
2025,军队,0102,国防科技大学,04,不限,,641
2025,军队,0102,国防科技大学,05,化学,,647
2025,军队,0102,国防科技大学,06,化学,,641
2025,军队,0102,国防科技大学,07,化学,,652
2025,军队,0102,国防科技大学,08,化学,,643
2025,军队,0102,国防科技大学,09,化学,,671
2025,军队,0105,陆军工程大学,01,不限,,612
2025,军队,0105,陆军工程大学,02,不限,,609
2025,军队,0105,陆军工程大学,03,不限,,628
2025,军队,0105,陆军工程大学,04,不限,,622
2025,军队,0105,陆军工程大学,05,化学,,607
2025,军队,0105,陆军工程大学,06,化学,,622
2025,军队,0105,陆军工程大学,07,化学,,622
2025,军队,0105,陆军工程大学,08,化学,,607
2025,军队,0108,陆军步兵学院,02,不限,,596
2025,军队,0108,陆军步兵学院,03,不限,,591
2025,军队,0108,陆军步兵学院,04,化学,,595
2025,军队,0114,陆军兵种大学,01,不限,,600
2025,军队,0114,陆军兵种大学,02,不限,,599
2025,军队,0114,陆军兵种大学,03,不限,,594
2025,军队,0114,陆军兵种大学,04,化学,,600
2025,军队,0114,陆军兵种大学,05,化学,,598
2025,军队,0120,陆军防化学院,01,化学,,597
2025,军队,0120,陆军防化学院,02,化学,,612
2025,军队,0121,联勤保障部队工程大学,01,不限,,607
2025,军队,0121,联勤保障部队工程大学,02,不限,,629
2025,军队,0121,联勤保障部队工程大学,03,化学,,607
2025,军队,0121,联勤保障部队工程大学,04,化学,,607
2025,军队,0121,联勤保障部队工程大学,05,化学,,619
2025,军队,0131,海军军医大学,01,不限,,619
2025,军队,0131,海军军医大学,02,化学,,615
2025,军队,0131,海军军医大学,03,化学,,631
2025,军队,0132,陆军军医大学,01,不限,,616
2025,军队,0132,陆军军医大学,02,化学,,601
2025,军队,0132,陆军军医大学,03,化学,,622
2025,军队,0133,空军军医大学,01,化学,,602
2025,军队,0133,空军军医大学,02,化学,,627
2025,军队,0135,信息支援部队工程大学,01,化学,,634
2025,军队,0135,信息支援部队工程大学,02,化学,,631
2025,军队,0135,信息支援部队工程大学,03,化学,,630
2025,军队,0135,信息支援部队工程大学,04,化学,,650
2025,军队,0139,海军工程大学,01,化学,,621
2025,军队,0139,海军工程大学,02,化学,,620
2025,军队,0139,海军工程大学,03,化学,,616
2025,军队,0139,海军工程大学,04,化学,,625
2025,军队,0139,海军工程大学,05,化学,,632
2025,军队,0139,海军工程大学,06,化学,,632
2025,军队,0141,海军大连舰艇学院,01,化学,,605
2025,军队,0141,海军大连舰艇学院,02,化学,,622
2025,军队,0142,海军潜艇学院,01,化学,,622
2025,军队,0142,海军潜艇学院,02,化学,,594
2025,军队,0142,海军潜艇学院,03,化学,,618
2025,军队,0142,海军潜艇学院,04,化学,,633
2025,军队,0143,海军航空大学,01,不限,,614
2025,军队,0143,海军航空大学,02,化学,,612
2025,军队,0144,空军工程大学,01,化学,,617
2025,军队,0144,空军工程大学,02,化学,,623
2025,军队,0144,空军工程大学,03,化学,,615
2025,军队,0144,空军工程大学,04,化学,,626
2025,军队,0144,空军工程大学,05,化学,,590
2025,军队,0145,空军预警学院,01,化学,,610
2025,军队,0145,空军预警学院,02,化学,,606
2025,军队,0145,空军预警学院,03,化学,,620
2025,军队,0146,军事航天部队航天工程大学,01,化学,,630
2025,军队,0146,军事航天部队航天工程大学,02,化学,,623
2025,军队,0146,军事航天部队航天工程大学,03,化学,,626
2025,军队,0146,军事航天部队航天工程大学,04,化学,,613
2025,军队,0146,军事航天部队航天工程大学,05,化学,,626
2025,军队,0151,网络空间部队信息工程大学,01,不限,,628
2025,军队,0151,网络空间部队信息工程大学,02,不限,,614
2025,军队,0151,网络空间部队信息工程大学,03,化学,,630
2025,军队,0151,网络空间部队信息工程大学,04,化学,,616
2025,军队,0151,网络空间部队信息工程大学,05,化学,,628
2025,军队,0151,网络空间部队信息工程大学,06,化学,,623
2025,军队,0152,火箭军工程大学,01,不限,,607
2025,军队,0152,火箭军工程大学,02,不限,,617
2025,军队,0152,火箭军工程大学,03,化学,,606
2025,军队,0152,火箭军工程大学,04,化学,,623
2025,军队,0154,武警工程大学,01,不限,,598
2025,军队,0154,武警工程大学,02,不限,,614
2025,军队,0154,武警工程大学,03,化学,,598
2025,军队,0154,武警工程大学,04,化学,,606
2025,军队,0154,武警工程大学,05,化学,,616
2025,军队,0170,武警警官学院,02,不限,,596
2025,军队,0170,武警警官学院,03,不限,,592
2025,军队,0170,武警警官学院,04,化学,,597
2025,医学定向,1112,南京医科大学,03,化学,南京市浦口区,605
2025,医学定向,1112,南京医科大学,03,化学,南京市栖霞区,605
2025,医学定向,1112,南京医科大学,03,化学,南京市江宁区,615
2025,医学定向,1112,南京医科大学,03,化学,南京市六合区,620
2025,医学定向,1112,南京医科大学,03,化学,南京市溧水区,583
2025,医学定向,1112,南京医科大学,03,化学,常州市天宁区,590
2025,医学定向,1112,南京医科大学,03,化学,常州市钟楼区,610
2025,医学定向,1112,南京医科大学,03,化学,常州市武进区,610
2025,医学定向,1112,南京医科大学,03,化学,常州市溧阳市,596
2025,医学定向,1113,南京中医药大学,08,不限,南京市浦口区,595
2025,医学定向,1113,南京中医药大学,08,不限,南京市溧水区,583
2025,医学定向,1113,南京中医药大学,08,不限,无锡市江阴市,603
2025,医学定向,1113,南京中医药大学,08,不限,徐州市贾汪区,584
2025,医学定向,1113,南京中医药大学,08,不限,徐州市铜山区,577
2025,医学定向,1113,南京中医药大学,08,不限,徐州市沛县,594
2025,医学定向,1113,南京中医药大学,08,不限,徐州市睢宁县,553
2025,医学定向,1113,南京中医药大学,08,不限,徐州市新沂市,585
2025,医学定向,1113,南京中医药大学,08,不限,徐州市邳州市,579
2025,医学定向,1113,南京中医药大学,08,不限,常州市钟楼区,566
2025,医学定向,1113,南京中医药大学,08,不限,常州市金坛区,577
2025,医学定向,1113,南京中医药大学,08,不限,苏州市相城区,592
2025,医学定向,1113,南京中医药大学,08,不限,苏州市吴江区,597
2025,医学定向,1113,南京中医药大学,08,不限,苏州市常熟市,604
2025,医学定向,1113,南京中医药大学,08,不限,苏州市张家港市,588
2025,医学定向,1113,南京中医药大学,08,不限,苏州市太仓市,598
2025,医学定向,1113,南京中医药大学,08,不限,南通市通州区,589
2025,医学定向,1113,南京中医药大学,08,不限,南通市海安市,602
2025,医学定向,1113,南京中医药大学,08,不限,南通市如皋市,594
2025,医学定向,1113,南京中医药大学,08,不限,南通市海门区,609
2025,医学定向,1113,南京中医药大学,08,不限,连云港市连云区,564
2025,医学定向,1113,南京中医药大学,08,不限,连云港市海州区,562
2025,医学定向,1113,南京中医药大学,08,不限,连云港市赣榆区,576
2025,医学定向,1113,南京中医药大学,08,不限,连云港市东海县,574
2025,医学定向,1113,南京中医药大学,08,不限,连云港市灌云县,567
2025,医学定向,1113,南京中医药大学,08,不限,连云港市灌南县,569
2025,医学定向,1113,南京中医药大学,08,不限,淮安市淮阴区,581
2025,医学定向,1113,南京中医药大学,08,不限,盐城市盐都区,598
2025,医学定向,1113,南京中医药大学,08,不限,盐城市滨海县,594
2025,医学定向,1113,南京中医药大学,08,不限,盐城市东台市,587
2025,医学定向,1113,南京中医药大学,08,不限,扬州市广陵区,576
2025,医学定向,1113,南京中医药大学,08,不限,扬州市邗江区,602
2025,医学定向,1113,南京中医药大学,08,不限,扬州市宝应县,573
2025,医学定向,1113,南京中医药大学,08,不限,扬州市仪征市,580
2025,医学定向,1113,南京中医药大学,08,不限,扬州市高邮市,582
2025,医学定向,1113,南京中医药大学,08,不限,泰州市海陵区,580
2025,医学定向,1113,南京中医药大学,08,不限,泰州市泰州医药高新区(高港区),573
2025,医学定向,1113,南京中医药大学,08,不限,泰州市兴化市,582
2025,医学定向,1113,南京中医药大学,08,不限,泰州市泰兴市,580
2025,医学定向,1113,南京中医药大学,08,不限,宿迁市宿豫区,595
2025,医学定向,1113,南京中医药大学,08,不限,宿迁市沭阳县,589
2025,医学定向,1223,徐州医科大学,02,化学,南京市溧水区,584
2025,医学定向,1223,徐州医科大学,02,化学,徐州市贾汪区,591
2025,医学定向,1223,徐州医科大学,02,化学,徐州市铜山区,586
2025,医学定向,1223,徐州医科大学,02,化学,徐州市沛县,595
2025,医学定向,1223,徐州医科大学,02,化学,徐州市睢宁县,546
2025,医学定向,1223,徐州医科大学,02,化学,徐州市邳州市,569
2025,医学定向,1223,徐州医科大学,02,化学,苏州市相城区,599
2025,医学定向,1223,徐州医科大学,02,化学,苏州市张家港市,605
2025,医学定向,1223,徐州医科大学,02,化学,南通市通州区,603
2025,医学定向,1223,徐州医科大学,02,化学,连云港市赣榆区,589
2025,医学定向,1223,徐州医科大学,02,化学,连云港市东海县,579
2025,医学定向,1223,徐州医科大学,02,化学,连云港市灌云县,596
2025,医学定向,1223,徐州医科大学,02,化学,盐城市大丰区,610
2025,医学定向,1223,徐州医科大学,02,化学,扬州市江都区,597
2025,医学定向,1223,徐州医科大学,02,化学,扬州市高邮市,600
2025,医学定向,1223,徐州医科大学,02,化学,镇江市扬中市,605
2025,医学定向,1223,徐州医科大学,02,化学,泰州市泰州医药高新区(高港区),584
2025,医学定向,1223,徐州医科大学,02,化学,泰州市兴化市,596
2025,医学定向,1223,徐州医科大学,02,化学,泰州市靖江市,605
2025,医学定向,1223,徐州医科大学,02,化学,泰州市泰兴市,605
2025,医学定向,1223,徐州医科大学,02,化学,宿迁市宿豫区,610
2025,医学定向,1223,徐州医科大学,02,化学,宿迁市沭阳县,598
2025,医学定向,1261,苏州大学,18,化学,常州市金坛区,598
2025,医学定向,1261,苏州大学,18,化学,苏州市相城区,594
2025,医学定向,1261,苏州大学,18,化学,苏州市常熟市,606
2025,医学定向,1261,苏州大学,18,化学,苏州市太仓市,596
2025,医学定向,1261,苏州大学,18,化学,镇江市丹徒区,579
2025,医学定向,1301,南通大学,09,化学,徐州市睢宁县,523
2025,医学定向,1301,南通大学,09,化学,徐州市邳州市,566
2025,医学定向,1301,南通大学,09,化学,南通市通州区,580
2025,医学定向,1301,南通大学,09,化学,南通市海安市,586
2025,医学定向,1301,南通大学,09,化学,南通市如皋市,590
2025,医学定向,1301,南通大学,09,化学,南通市海门区,600
2025,医学定向,1301,南通大学,09,化学,淮安市淮阴区,576
2025,医学定向,1381,扬州大学,23,化学,徐州市铜山区,575
2025,医学定向,1381,扬州大学,23,化学,徐州市沛县,597
2025,医学定向,1381,扬州大学,23,化学,苏州市张家港市,590
2025,医学定向,1381,扬州大学,23,化学,南通市如东县,589
2025,医学定向,1381,扬州大学,23,化学,盐城市盐都区,606
2025,医学定向,1381,扬州大学,23,化学,盐城市大丰区,581
2025,医学定向,1381,扬州大学,23,化学,盐城市响水县,605
2025,医学定向,1381,扬州大学,23,化学,盐城市东台市,579
2025,医学定向,1381,扬州大学,23,化学,扬州市广陵区,576
2025,医学定向,1381,扬州大学,23,化学,扬州市邗江区,603
2025,医学定向,1381,扬州大学,23,化学,扬州市江都区,575
2025,医学定向,1381,扬州大学,23,化学,扬州市宝应县,579
2025,医学定向,1381,扬州大学,23,化学,扬州市仪征市,585
2025,医学定向,1381,扬州大学,23,化学,扬州市高邮市,581
2025,医学定向,1401,江苏大学,13,化学,无锡市江阴市,589
2025,医学定向,1401,江苏大学,13,化学,无锡市宜兴市,609
2025,医学定向,1401,江苏大学,13,化学,徐州市贾汪区,584
2025,医学定向,1401,江苏大学,13,化学,常州市新北区,593
2025,医学定向,1401,江苏大学,13,化学,常州市金坛区,575
2025,医学定向,1401,江苏大学,13,化学,苏州市吴中区,598
2025,医学定向,1401,江苏大学,13,化学,苏州市吴江区,599
2025,医学定向,1401,江苏大学,13,化学,镇江市丹徒区,581
2025,医学定向,1401,江苏大学,13,化学,镇江市丹阳市,582
2025,医学定向,1401,江苏大学,13,化学,镇江市扬中市,586
2025,医学定向,1401,江苏大学,13,化学,镇江市句容市,574
2025,医学定向,1846,南京医科大学康达学院,03,化学,徐州市丰县,585
2025,医学定向,1846,南京医科大学康达学院,03,化学,徐州市新沂市,570
2025,医学定向,1846,南京医科大学康达学院,03,化学,连云港市连云区,548
2025,医学定向,1846,南京医科大学康达学院,03,化学,连云港市海州区,555
2025,医学定向,1846,南京医科大学康达学院,03,化学,连云港市赣榆区,563
2025,医学定向,1846,南京医科大学康达学院,03,化学,连云港市东海县,549
2025,医学定向,1846,南京医科大学康达学院,03,化学,连云港市灌云县,532
2025,医学定向,1846,南京医科大学康达学院,03,化学,连云港市灌南县,550
2025,医学定向,1846,南京医科大学康达学院,03,化学,盐城市盐都区,596
2025,医学定向,1846,南京医科大学康达学院,03,化学,盐城市东台市,577
2025,医学定向,1846,南京医科大学康达学院,03,化学,扬州市广陵区,568
2025,医学定向,1846,南京医科大学康达学院,03,化学,扬州市江都区,568
2025,医学定向,1846,南京医科大学康达学院,03,化学,泰州市海陵区,578
2025,医学定向,1846,南京医科大学康达学院,03,化学,泰州市泰州医药高新区(高港区),542
2025,医学定向,1846,南京医科大学康达学院,03,化学,泰州市姜堰区,573
2025,医学定向,1846,南京医科大学康达学院,03,化学,泰州市兴化市,556
2025,医学定向,1846,南京医科大学康达学院,03,化学,泰州市靖江市,561
2025,医学定向,1846,南京医科大学康达学院,03,化学,泰州市泰兴市,559
2025,医学定向,1846,南京医科大学康达学院,03,化学,宿迁市宿豫区,564
2025,医学定向,1846,南京医科大学康达学院,03,化学,宿迁市沭阳县,555
2025,医学定向,1846,南京医科大学康达学院,03,化学,宿迁市泗阳县,548
2025,地方专项计划,1106,南京信息工程大学,04,化学,,610
2025,地方专项计划,1106,南京信息工程大学,05,化学,,585
2025,地方专项计划,1106,南京信息工程大学,06,不限,,594
2025,地方专项计划,1108,南京师范大学,14,不限,,597
2025,地方专项计划,1108,南京师范大学,15,化学,,615
2025,地方专项计划,1108,南京师范大学,16,地理,,607
2025,地方专项计划,1110,南京工业大学,03,不限,,584
2025,地方专项计划,1110,南京工业大学,04,化学,,591
2025,地方专项计划,1111,南京邮电大学,03,不限,,592
2025,地方专项计划,1111,南京邮电大学,04,化学,,602
2025,地方专项计划,1112,南京医科大学,02,化学,,620
2025,地方专项计划,1113,南京中医药大学,05,不限,,592
2025,地方专项计划,1113,南京中医药大学,06,化学,,574
2025,地方专项计划,1113,南京中医药大学,07,化学,,560
2025,地方专项计划,1115,南京林业大学,03,不限,,580
2025,地方专项计划,1115,南京林业大学,04,化学,,594
2025,地方专项计划,1222,江苏师范大学,06,化学,,566
2025,地方专项计划,1261,苏州大学,14,不限,,588
2025,地方专项计划,1261,苏州大学,15,化学,,608
2025,地方专项计划,1261,苏州大学,16,化学,,610
2025,地方专项计划,1261,苏州大学,17,生物,,598
2025,地方专项计划,1301,南通大学,06,化学,,578
2025,地方专项计划,1381,扬州大学,18,不限,,574
2025,地方专项计划,1381,扬州大学,19,化学,,585
2025,地方专项计划,1381,扬州大学,20,化学,,570
2025,地方专项计划,1381,扬州大学,21,化学,,575
2025,地方专项计划,1401,江苏大学,04,化学,,603
2025,地方专项计划,1401,江苏大学,05,化学,,592
2025,地方专项计划,1401,江苏大学,06,化学,,601
2025,地方专项计划,1401,江苏大学,07,化学,,573
2025,地方专项计划,1401,江苏大学,08,化学,,572
2025,地方专项计划,1401,江苏大学,09,化学,,576
2025,地方专项计划,1401,江苏大学,10,化学,,586
2025,地方专项计划,1401,江苏大学,11,化学,,584
2025,地方专项计划,1401,江苏大学,12,化学,,568
2025,航海,2117,上海海事大学,02,化学,,593
2025,航海,2251,浙江海洋大学,01,化学,,563
2025,航海,2412,集美大学,02,化学,,581
2025,航海,2412,集美大学,03,化学,,578
2025,航海,4132,大连海事大学,03,化学,,603
2025,航海,5207,武汉理工大学,02,化学,,612
2025,航海,5411,广州航海学院,01,化学,,561
2025,航海,5507,北部湾大学,01,化学,,550
2025,航海,5604,海南热带海洋学院,04,化学,,540
2025,航海,6207,重庆交通大学,02,化学,,571
2025,航海,8128,集美大学诚毅学院,02,化学,,500
2025,航海,8757,海南科技职业大学,03,不限,,499
2026,专项计划,1101,南京大学,07,化学,,661
2026,专项计划,1102,东南大学,08,不限,,644
2026,专项计划,1102,东南大学,09,化学,,649
2026,专项计划,1103,南京航空航天大学,04,化学,,640
2026,专项计划,1104,南京理工大学,02,化学,,634
2026,专项计划,1105,河海大学,04,化学,,625
2026,专项计划,1106,南京信息工程大学,07,不限,,592
2026,专项计划,1106,南京信息工程大学,08,化学,,611
2026,专项计划,1106,南京信息工程大学,09,化学,,586
2026,专项计划,1106,南京信息工程大学,10,化学,,591
2026,专项计划,1106,南京信息工程大学,11,化学,,590
2026,专项计划,1106,南京信息工程大学,12,化学,,593
2026,专项计划,1106,南京信息工程大学,13,化学,,589
2026,专项计划,1106,南京信息工程大学,14,化学,,590
2026,专项计划,1106,南京信息工程大学,15,化学,,588
2026,专项计划,1106,南京信息工程大学,16,化学,,589
2026,专项计划,1107,南京农业大学,05,不限,,595
2026,专项计划,1107,南京农业大学,06,化学,,603
2026,专项计划,1107,南京农业大学,07,生物,,592
2026,专项计划,1108,南京师范大学,14,化学,,625
2026,专项计划,1108,南京师范大学,15,不限,,596
2026,专项计划,1108,南京师范大学,16,化学,,612
2026,专项计划,1108,南京师范大学,17,地理,,608
2026,专项计划,1109,中国药科大学,02,化学,,608
2026,专项计划,1110,南京工业大学,03,不限,,586
2026,专项计划,1110,南京工业大学,04,化学,,595
2026,专项计划,1111,南京邮电大学,03,不限,,594
2026,专项计划,1111,南京邮电大学,04,化学,,608
2026,专项计划,1112,南京医科大学,03,化学,,637
2026,专项计划,1112,南京医科大学,04,化学,,605
2026,专项计划,1113,南京中医药大学,05,不限,,593
2026,专项计划,1113,南京中医药大学,06,化学,,572
2026,专项计划,1113,南京中医药大学,07,化学,,556
2026,专项计划,1115,南京林业大学,03,化学,,589
2026,专项计划,1201,江南大学,08,化学,,615
2026,专项计划,1201,江南大学,09,生物,,585
2026,专项计划,1221,中国矿业大学,02,不限,,595
2026,专项计划,1221,中国矿业大学,03,化学,,605
2026,专项计划,1222,江苏师范大学,12,化学,,560
2026,专项计划,1261,苏州大学,20,不限,,610
2026,专项计划,1261,苏州大学,21,不限,,603
2026,专项计划,1261,苏州大学,22,化学,,611
2026,专项计划,1261,苏州大学,23,化学,,599
2026,专项计划,1261,苏州大学,24,化学,,608
2026,专项计划,1261,苏州大学,25,化学,,606
2026,专项计划,1261,苏州大学,26,不限,,594
2026,专项计划,1261,苏州大学,27,不限,,593
2026,专项计划,1261,苏州大学,28,化学,,627
2026,专项计划,1261,苏州大学,29,化学,,614
2026,专项计划,1261,苏州大学,30,化学,,615
2026,专项计划,1261,苏州大学,31,化学,,605
2026,专项计划,1261,苏州大学,32,化学,,606
2026,专项计划,1261,苏州大学,33,生物,,585
2026,专项计划,1301,南通大学,06,化学,,580
2026,专项计划,1381,扬州大学,17,不限,,569
2026,专项计划,1381,扬州大学,18,化学,,587
2026,专项计划,1381,扬州大学,19,化学,,572
2026,专项计划,1381,扬州大学,20,化学,,570
2026,专项计划,1401,江苏大学,04,化学,,604
2026,专项计划,1401,江苏大学,05,化学,,586
2026,专项计划,1401,江苏大学,06,化学,,575
2026,专项计划,1401,江苏大学,07,化学,,603
2026,专项计划,1401,江苏大学,08,化学,,581
2026,专项计划,1401,江苏大学,09,化学,,578
2026,专项计划,1401,江苏大学,10,化学,,579
2026,专项计划,1401,江苏大学,11,化学,,590
2026,专项计划,1401,江苏大学,12,化学,,589
2026,专项计划,1401,江苏大学,13,化学,,572
2026,专项计划,2101,复旦大学,05,化学,,665
2026,专项计划,2102,同济大学,04,化学,,640
2026,专项计划,2103,上海交通大学,04,化学,,667
2026,专项计划,2104,华东理工大学,02,化学,,630
2026,专项计划,2105,东华大学,02,化学,,615
2026,专项计划,2106,华东师范大学,05,化学,,638
2026,专项计划,2109,上海外国语大学,08,不限,,618
2026,专项计划,2110,上海财经大学,03,不限,,636
2026,专项计划,2110,上海财经大学,04,化学,,636
2026,专项计划,2112,上海大学,03,化学,,623
2026,专项计划,2128,复旦大学医学院,01,化学,,645
2026,专项计划,2139,上海交通大学医学院,01,化学,,649
2026,专项计划,2201,浙江大学,04,化学,,667
2026,专项计划,2301,中国科学技术大学,01,化学,,666
2026,专项计划,2302,合肥工业大学,03,化学,,602
2026,专项计划,2383,合肥工业大学(宣城校区),02,化学,,591
2026,专项计划,2401,福州大学,02,化学,,610
2026,专项计划,2411,厦门大学,04,化学,,648
2026,专项计划,2601,山东大学,06,化学,,635
2026,专项计划,2621,中国海洋大学,08,化学,,642
2026,专项计划,2641,中国石油大学(华东),02,化学,,619
2026,专项计划,2662,哈尔滨工业大学(威海),01,化学,,644
2026,专项计划,3101,北京大学,06,化学,,680
2026,专项计划,3102,中国人民大学,05,不限,,656
2026,专项计划,3103,清华大学,05,化学,,684
2026,专项计划,3105,北京交通大学,05,化学,,632
2026,专项计划,3106,北京航空航天大学,02,化学,,659
2026,专项计划,3107,北京理工大学,02,化学,,658
2026,专项计划,3108,北京科技大学,02,化学,,624
2026,专项计划,3109,北京化工大学,02,化学,,621
2026,专项计划,3110,中国农业大学,05,生物,,637
2026,专项计划,3111,中国地质大学(北京),02,化学,,606
2026,专项计划,3113,北京邮电大学,01,不限,,640
2026,专项计划,3113,北京邮电大学,02,化学,,649
2026,专项计划,3114,北京林业大学,05,化学,,610
2026,专项计划,3116,北京外国语大学,07,不限,,632
2026,专项计划,3119,对外经济贸易大学,06,不限,,626
2026,专项计划,3120,中央财经大学,04,化学,,639
2026,专项计划,3121,北京中医药大学,02,化学,,611
2026,专项计划,3123,中国传媒大学,06,化学,,624
2026,专项计划,3128,华北电力大学(北京),02,化学,,633
2026,专项计划,3202,天津大学,03,化学,,645
2026,专项计划,3311,华北电力大学(保定),02,化学,,630
2026,专项计划,4101,东北大学,02,不限,,637
2026,专项计划,4101,东北大学,03,化学,,632
2026,专项计划,4131,大连理工大学,02,化学,,638
2026,专项计划,4132,大连海事大学,04,不限,,600
2026,专项计划,4132,大连海事大学,05,化学,,618
2026,专项计划,4201,吉林大学,08,化学,,631
2026,专项计划,4202,东北师范大学,06,化学,,585
2026,专项计划,4301,哈尔滨工业大学,02,化学,,657
2026,专项计划,4302,哈尔滨工程大学,04,化学,,629
2026,专项计划,4303,东北林业大学,02,生物,,589
2026,专项计划,4311,黑龙江大学,09,化学,,555
2026,专项计划,5201,武汉大学,05,不限,,642
2026,专项计划,5201,武汉大学,06,化学,,640
2026,专项计划,5202,华中科技大学,02,化学,,657
2026,专项计划,5203,华中师范大学,06,不限,,602
2026,专项计划,5204,华中农业大学,02,化学,,609
2026,专项计划,5205,中国地质大学(武汉),02,化学,,610
2026,专项计划,5206,中南财经政法大学,05,不限,,611
2026,专项计划,5207,武汉理工大学,05,化学,,625
2026,专项计划,5301,湖南大学,04,化学,,638
2026,专项计划,5302,中南大学,03,化学,,638
2026,专项计划,5401,中山大学,03,化学,,640
2026,专项计划,5402,华南理工大学,03,化学,,641
2026,专项计划,5501,广西大学,01,化学,,634
2026,专项计划,6101,四川大学,03,化学,,641
2026,专项计划,6102,西南交通大学,03,化学,,609
2026,专项计划,6103,西南财经大学,04,不限,,617
2026,专项计划,6104,电子科技大学,02,化学,,657
2026,专项计划,6201,重庆大学,03,化学,,645
2026,专项计划,6202,西南大学,06,不限,,589
2026,专项计划,6202,西南大学,07,化学,,609
2026,专项计划,6203,西南政法大学,08,不限,,610
2026,专项计划,6301,贵州大学,04,化学,,603
2026,专项计划,6401,云南大学,04,化学和生物,,609
2026,专项计划,7101,西北大学,04,化学,,614
2026,专项计划,7102,西北工业大学,03,化学,,647
2026,专项计划,7103,陕西师范大学,04,化学,,605
2026,专项计划,7104,西安交通大学,04,不限,,649
2026,专项计划,7104,西安交通大学,05,化学,,650
2026,专项计划,7104,西安交通大学,06,化学,,643
2026,专项计划,7105,西安电子科技大学,01,化学,,643
2026,专项计划,7107,长安大学,03,化学,,612
2026,专项计划,7141,西北农林科技大学,02,化学,,618
2026,专项计划,7201,兰州大学,08,化学,,627
2026,公安政法,0201,中国人民公安大学,05,化学,,646
2026,公安政法,0201,中国人民公安大学,06,化学,,662
2026,公安政法,0201,中国人民公安大学,07,化学,,645
2026,公安政法,0201,中国人民公安大学,08,化学,,662
2026,公安政法,0201,中国人民公安大学,09,思想政治,,634
2026,公安政法,0201,中国人民公安大学,10,思想政治,,640
2026,公安政法,0202,中国刑事警察学院,05,化学,,631
2026,公安政法,0202,中国刑事警察学院,06,化学,,646
2026,公安政法,0202,中国刑事警察学院,07,思想政治,,620
2026,公安政法,0202,中国刑事警察学院,08,思想政治,,623
2026,公安政法,0203,中国人民警察大学,03,化学,,610
2026,公安政法,0203,中国人民警察大学,04,化学,,628
2026,公安政法,0203,中国人民警察大学,05,思想政治,,573
2026,公安政法,0203,中国人民警察大学,06,思想政治,,620
2026,公安政法,0203,中国人民警察大学,07,思想政治,,576
2026,公安政法,0205,郑州警察学院,05,化学,,609
2026,公安政法,0205,郑州警察学院,06,化学,,627
2026,公安政法,0205,郑州警察学院,07,化学,,609
2026,公安政法,0205,郑州警察学院,08,化学,,627
2026,公安政法,0205,郑州警察学院,09,思想政治,,574
2026,公安政法,0205,郑州警察学院,10,思想政治,,610
2026,公安政法,0205,郑州警察学院,11,思想政治,,572
2026,公安政法,0205,郑州警察学院,12,思想政治,,609
2026,公安政法,0206,南京警察学院,04,化学,,611
2026,公安政法,0206,南京警察学院,05,化学,,628
2026,公安政法,0206,南京警察学院,06,化学,,620
2026,公安政法,0206,南京警察学院,07,思想政治,,575
2026,公安政法,0206,南京警察学院,08,思想政治,,611
2026,公安政法,0206,南京警察学院,09,思想政治,,577
2026,公安政法,0305,中央司法警官学院,07,不限,,588
2026,公安政法,0305,中央司法警官学院,08,不限,,570
2026,公安政法,0305,中央司法警官学院,09,不限,,607
2026,公安政法,0305,中央司法警官学院,10,不限,,624
2026,公安政法,0305,中央司法警官学院,11,化学,,607
2026,公安政法,0305,中央司法警官学院,12,化学,,624
2026,公安政法,0305,中央司法警官学院,13,思想政治,,582
2026,公安政法,0305,中央司法警官学院,14,思想政治,,601
2026,公安政法,1122,江苏警官学院,04,化学,,613
2026,公安政法,1122,江苏警官学院,05,化学,,630
2026,公安政法,1122,江苏警官学院,06,思想政治,,585
2026,公安政法,1122,江苏警官学院,07,思想政治,,615
2026,公安政法,6203,西南政法大学,06,思想政治,,602
2026,公安政法,6203,西南政法大学,07,思想政治,,579
2026,公安政法,6421,云南警官学院,02,思想政治,,571
2026,其他院校,0301,国际关系学院,05,不限,,617
2026,其他院校,0301,国际关系学院,06,不限,,611
2026,其他院校,0301,国际关系学院,07,化学,,636
2026,其他院校,0301,国际关系学院,08,化学,,626
2026,其他院校,0301,国际关系学院,09,思想政治,,616
2026,其他院校,0303,北京电子科技学院,02,化学,,658
2026,其他院校,0306,中国民用航空飞行学院,02,化学,,583
2026,其他院校,0307,中国消防救援学院,02,化学,,607
2026,其他院校,1101,南京大学,04,不限,,644
2026,其他院校,1103,南京航空航天大学,02,化学,,592
2026,其他院校,1103,南京航空航天大学,03,化学,,588
2026,其他院校,1107,南京农业大学,04,化学,,601
2026,其他院校,1108,南京师范大学,13,不限,,599
2026,其他院校,1243,常州工学院,04,化学,,450
2026,其他院校,1803,南京航空航天大学金城学院,04,化学,,513
2026,其他院校,2109,上海外国语大学,07,不限,,604
2026,其他院校,2131,上海海关学院,04,不限,,653
2026,其他院校,2131,上海海关学院,05,不限,,662
2026,其他院校,2609,山东交通学院,02,化学,,450
2026,其他院校,3101,北京大学,05,不限,,678
2026,其他院校,3103,清华大学,04,化学,,683
2026,其他院校,3105,北京交通大学,04,化学,,644
2026,其他院校,3117,北京语言大学,05,不限,,569
2026,其他院校,3119,对外经济贸易大学,05,不限,,622
2026,其他院校,3131,外交学院,03,不限,,649
2026,其他院校,4311,黑龙江大学,08,不限,,523
2026,其他院校,5161,安阳工学院,01,化学,,450
2026,其他院校,5456,香港中文大学(深圳),05,化学,,651
2026,其他院校,6212,四川外国语大学,07,不限,,540
2026,其他院校,7117,西安外国语大学,03,不限,,549
2026,其他院校,9102,香港中文大学,03,不限,,674
2026,其他院校,9102,香港中文大学,04,不限,,643
2026,军队,0102,国防科技大学,04,不限,,643
2026,军队,0102,国防科技大学,05,不限,,649
2026,军队,0102,国防科技大学,06,化学,,644
2026,军队,0102,国防科技大学,07,化学,,647
2026,军队,0102,国防科技大学,08,化学,,657
2026,军队,0102,国防科技大学,09,化学,,656
2026,军队,0102,国防科技大学,10,思想政治,,629
2026,军队,0105,陆军工程大学,01,不限,,606
2026,军队,0105,陆军工程大学,02,不限,,604
2026,军队,0105,陆军工程大学,03,不限,,628
2026,军队,0105,陆军工程大学,04,化学,,607
2026,军队,0105,陆军工程大学,05,化学,,625
2026,军队,0105,陆军工程大学,06,化学,,604
2026,军队,0105,陆军工程大学,07,化学,,627
2026,军队,0105,陆军工程大学,08,化学,,640
2026,军队,0108,陆军步兵学院,03,不限,,595
2026,军队,0108,陆军步兵学院,04,不限,,594
2026,军队,0108,陆军步兵学院,05,不限,,592
2026,军队,0108,陆军步兵学院,06,化学,,596
2026,军队,0114,陆军兵种大学,01,不限,,599
2026,军队,0114,陆军兵种大学,02,不限,,598
2026,军队,0114,陆军兵种大学,03,不限,,597
2026,军队,0114,陆军兵种大学,04,不限,,616
2026,军队,0114,陆军兵种大学,05,不限,,622
2026,军队,0114,陆军兵种大学,06,化学,,602
2026,军队,0114,陆军兵种大学,07,化学,,598
2026,军队,0120,陆军防化学院,01,化学,,599
2026,军队,0120,陆军防化学院,02,化学,,621
2026,军队,0121,联勤保障部队工程大学,01,不限,,610
2026,军队,0121,联勤保障部队工程大学,02,不限,,630
2026,军队,0121,联勤保障部队工程大学,03,化学,,609
2026,军队,0121,联勤保障部队工程大学,04,化学,,610
2026,军队,0121,联勤保障部队工程大学,05,化学,,627
2026,军队,0131,海军军医大学,01,不限,,618
2026,军队,0131,海军军医大学,02,化学,,617
2026,军队,0131,海军军医大学,03,化学,,622
2026,军队,0132,陆军军医大学,01,不限,,622
2026,军队,0132,陆军军医大学,02,化学,,604
2026,军队,0132,陆军军医大学,03,化学,,625
2026,军队,0133,空军军医大学,01,化学,,609
2026,军队,0133,空军军医大学,02,化学,,626
2026,军队,0135,信息支援部队工程大学,01,化学,,635
2026,军队,0135,信息支援部队工程大学,02,化学,,638
2026,军队,0135,信息支援部队工程大学,03,化学,,633
2026,军队,0139,海军工程大学,01,化学,,625
2026,军队,0139,海军工程大学,02,化学,,617
2026,军队,0139,海军工程大学,03,化学,,615
2026,军队,0139,海军工程大学,04,化学,,627
2026,军队,0139,海军工程大学,05,化学,,635
2026,军队,0139,海军工程大学,06,化学,,638
2026,军队,0139,海军工程大学,07,化学,,632
2026,军队,0139,海军工程大学,08,化学,,627
2026,军队,0141,海军大连舰艇学院,01,化学,,615
2026,军队,0141,海军大连舰艇学院,02,化学,,621
2026,军队,0142,海军潜艇学院,01,化学,,607
2026,军队,0142,海军潜艇学院,02,化学,,599
2026,军队,0142,海军潜艇学院,03,化学,,628
2026,军队,0142,海军潜艇学院,04,化学,,637
2026,军队,0143,海军航空大学,01,化学,,615
2026,军队,0143,海军航空大学,02,化学,,630
2026,军队,0144,空军工程大学,01,化学,,605
2026,军队,0144,空军工程大学,02,化学,,631
2026,军队,0144,空军工程大学,03,化学,,615
2026,军队,0144,空军工程大学,04,化学,,624
2026,军队,0145,空军预警学院,01,化学,,609
2026,军队,0145,空军预警学院,02,化学,,615
2026,军队,0146,军事航天部队航天工程大学,01,化学,,627
2026,军队,0146,军事航天部队航天工程大学,02,化学,,628
2026,军队,0151,网络空间部队信息工程大学,01,不限,,629
2026,军队,0151,网络空间部队信息工程大学,02,化学,,633
2026,军队,0151,网络空间部队信息工程大学,03,化学,,629
2026,军队,0151,网络空间部队信息工程大学,04,化学,,634
2026,军队,0152,火箭军工程大学,01,不限,,606
2026,军队,0152,火箭军工程大学,02,不限,,628
2026,军队,0152,火箭军工程大学,03,化学,,607
2026,军队,0152,火箭军工程大学,04,化学,,628
2026,军队,0154,武警工程大学,01,不限,,601
2026,军队,0154,武警工程大学,02,不限,,622
2026,军队,0154,武警工程大学,03,化学,,601
2026,军队,0154,武警工程大学,04,化学,,610
2026,军队,0154,武警工程大学,05,化学,,627
2026,军队,0154,武警工程大学,06,化学,,625
2026,军队,0170,武警警官学院,02,不限,,596
2026,军队,0170,武警警官学院,03,不限,,594
2026,军队,0170,武警警官学院,04,化学,,596
2026,医学定向,1113,南京中医药大学,08,不限,南京市栖霞区,602
2026,医学定向,1113,南京中医药大学,08,不限,南京市溧水区,598
2026,医学定向,1113,南京中医药大学,08,不限,徐州市沛县,585
2026,医学定向,1113,南京中医药大学,08,不限,徐州市新沂市,585
2026,医学定向,1113,南京中医药大学,08,不限,徐州市邳州市,571
2026,医学定向,1113,南京中医药大学,08,不限,南通市通州区,606
2026,医学定向,1113,南京中医药大学,08,不限,南通市如东县,589
2026,医学定向,1113,南京中医药大学,08,不限,南通市如皋市,598
2026,医学定向,1113,南京中医药大学,08,不限,南通市海门区,603
2026,医学定向,1113,南京中医药大学,08,不限,连云港市海州区,585
2026,医学定向,1113,南京中医药大学,08,不限,连云港市赣榆区,562
2026,医学定向,1113,南京中医药大学,08,不限,连云港市东海县,573
2026,医学定向,1113,南京中医药大学,08,不限,连云港市灌云县,563
2026,医学定向,1113,南京中医药大学,08,不限,连云港市灌南县,564
2026,医学定向,1113,南京中医药大学,08,不限,淮安市洪泽区,574
2026,医学定向,1113,南京中医药大学,08,不限,扬州市广陵区,578
2026,医学定向,1113,南京中医药大学,08,不限,扬州市邗江区,592
2026,医学定向,1113,南京中医药大学,08,不限,扬州市宝应县,578
2026,医学定向,1113,南京中医药大学,08,不限,扬州市高邮市,594
2026,医学定向,1113,南京中医药大学,08,不限,泰州市兴化市,582
2026,医学定向,1113,南京中医药大学,08,不限,泰州市靖江市,590
2026,医学定向,1113,南京中医药大学,08,不限,泰州市泰兴市,587
2026,医学定向,1113,南京中医药大学,08,不限,宿迁市泗阳县,600
2026,医学定向,1223,徐州医科大学,02,化学,徐州市贾汪区,596
2026,医学定向,1223,徐州医科大学,02,化学,徐州市铜山区,589
2026,医学定向,1223,徐州医科大学,02,化学,徐州市邳州市,571
2026,医学定向,1223,徐州医科大学,02,化学,南通市通州区,624
2026,医学定向,1223,徐州医科大学,02,化学,南通市海门区,649
2026,医学定向,1223,徐州医科大学,02,化学,连云港市海州区,592
2026,医学定向,1223,徐州医科大学,02,化学,连云港市东海县,613
2026,医学定向,1223,徐州医科大学,02,化学,连云港市灌云县,582
2026,医学定向,1223,徐州医科大学,02,化学,泰州市靖江市,601
2026,医学定向,1223,徐州医科大学,02,化学,泰州市泰兴市,593
2026,医学定向,1261,苏州大学,34,化学,南京市六合区,628
2026,医学定向,1261,苏州大学,34,化学,南京市溧水区,604
2026,医学定向,1261,苏州大学,34,化学,苏州市张家港市,608
2026,医学定向,1261,苏州大学,34,化学,泰州市兴化市,590
2026,医学定向,1261,苏州大学,34,化学,泰州市泰兴市,599
2026,医学定向,1301,南通大学,07,化学,南通市通州区,615
2026,医学定向,1301,南通大学,07,化学,南通市海安市,588
2026,医学定向,1301,南通大学,07,化学,南通市如东县,598
2026,医学定向,1301,南通大学,07,化学,南通市如皋市,598
2026,医学定向,1301,南通大学,07,化学,南通市海门区,594
2026,医学定向,1301,南通大学,07,化学,淮安市洪泽区,567
2026,医学定向,1301,南通大学,07,化学,盐城市大丰区,581
2026,医学定向,1301,南通大学,07,化学,泰州市海陵区,574
2026,医学定向,1301,南通大学,07,化学,泰州市姜堰区,576
2026,医学定向,1381,扬州大学,21,化学,徐州市铜山区,573
2026,医学定向,1381,扬州大学,21,化学,徐州市沛县,588
2026,医学定向,1381,扬州大学,21,化学,徐州市新沂市,563
2026,医学定向,1381,扬州大学,21,化学,扬州市广陵区,583
2026,医学定向,1381,扬州大学,21,化学,扬州市邗江区,592
2026,医学定向,1381,扬州大学,21,化学,扬州市江都区,595
2026,医学定向,1381,扬州大学,21,化学,扬州市宝应县,591
2026,医学定向,1381,扬州大学,21,化学,扬州市仪征市,616
2026,医学定向,1381,扬州大学,21,化学,扬州市高邮市,590
2026,医学定向,1401,江苏大学,14,化学,无锡市江阴市,598
2026,医学定向,1401,江苏大学,14,化学,常州市武进区,625
2026,医学定向,1401,江苏大学,14,化学,常州市金坛区,598
2026,医学定向,1401,江苏大学,14,化学,常州市溧阳市,595
2026,医学定向,1401,江苏大学,14,化学,镇江市丹徒区,594
2026,医学定向,1401,江苏大学,14,化学,宿迁市泗阳县,602
2026,医学定向,1846,南京医科大学康达学院,03,化学,南京市六合区,607
2026,医学定向,1846,南京医科大学康达学院,03,化学,徐州市邳州市,565
2026,医学定向,1846,南京医科大学康达学院,03,化学,南通市海安市,609
2026,医学定向,1846,南京医科大学康达学院,03,化学,南通市海门区,597
2026,医学定向,1846,南京医科大学康达学院,03,化学,连云港市连云区,556
2026,医学定向,1846,南京医科大学康达学院,03,化学,连云港市海州区,579
2026,医学定向,1846,南京医科大学康达学院,03,化学,连云港市赣榆区,554
2026,医学定向,1846,南京医科大学康达学院,03,化学,连云港市东海县,568
2026,医学定向,1846,南京医科大学康达学院,03,化学,连云港市灌云县,539
2026,医学定向,1846,南京医科大学康达学院,03,化学,连云港市灌南县,565
2026,医学定向,1846,南京医科大学康达学院,03,化学,淮安市洪泽区,594
2026,医学定向,1846,南京医科大学康达学院,03,化学,镇江市丹徒区,573
2026,医学定向,1846,南京医科大学康达学院,03,化学,泰州市靖江市,557
2026,医学定向,1846,南京医科大学康达学院,03,化学,泰州市泰兴市,585
2026,医学定向,1846,南京医科大学康达学院,03,化学,宿迁市泗阳县,595
2026,航海,2117,上海海事大学,02,化学,,594
2026,航海,2251,浙江海洋大学,01,化学,,570
2026,航海,2412,集美大学,02,化学,,588
2026,航海,2412,集美大学,03,化学,,585
2026,航海,2621,中国海洋大学,07,化学,,616
2026,航海,4132,大连海事大学,03,化学,,611
2026,航海,5207,武汉理工大学,04,化学,,603
2026,航海,5411,广州航海学院,01,化学,,566
2026,航海,5507,北部湾大学,01,化学,,555
2026,航海,5604,海南热带海洋学院,04,化学,,546
2026,航海,6207,重庆交通大学,02,化学,,565
2026,航海,8128,集美大学诚毅学院,03,化学,,530
2026,航海,8757,海南科技职业大学,03,不限,,479
