code,name,group,major,plan,admit,score,rank
0105,陆军工程大学,06,不限,,,594,
0105,陆军工程大学,07,化学,,,596,
0131,海军军医大学,04,化学,,,595,
0131,海军军医大学,05,化学,,,607,
0131,海军军医大学,06,化学,,,624,
0201,中国人民公安大学,08,不限,,,618,
0203,中国人民警察大学,08,不限,,,560,
0203,中国人民警察大学,09,化学,,,556,
0203,中国人民警察大学,10,思想政治,,,559,
0306,中国民用航空飞行学院,04,不限,,,543,
0306,中国民用航空飞行学院,05,化学,,,552,
0306,中国民用航空飞行学院,06,思想政治,,,544,
1101,南京大学,07,不限,,,661,
1101,南京大学,08,化学,,,667,
1101,南京大学,09,化学,,,663,
1101,南京大学,10,化学,,,663,
1101,南京大学,11,化学)(中外合作办学,,,647,
1102,东南大学,06,化学,,,660,
1102,东南大学,07,不限,,,656,
1102,东南大学,08,化学,,,646,
1103,南京航空航天大学,04,化学,,,655,
1103,南京航空航天大学,05,化学,,,650,
1103,南京航空航天大学,06,化学,,,646,
1103,南京航空航天大学,07,化学,,,643,
1103,南京航空航天大学,08,化学)(中外合作办学,,,605,
1104,南京理工大学,02,化学,,,653,
1104,南京理工大学,03,化学,,,641,
1104,南京理工大学,04,化学)(中外合作办学,,,601,
1104,南京理工大学,05,化学,,,634,
1104,南京理工大学,06,化学)(中外合作办学,,,607,
1105,河海大学,04,化学,,,643,
1105,河海大学,05,化学,,,632,
1105,河海大学,06,化学,,,631,
1105,河海大学,07,化学,,,624,
1105,河海大学,08,化学)(中外合作办学,,,589,
1105,河海大学,09,不限,,,623,
1106,南京信息工程大学,08,化学,,,635,
1106,南京信息工程大学,09,化学,,,625,
1106,南京信息工程大学,10,化学,,,604,
1106,南京信息工程大学,11,化学,,,598,
1106,南京信息工程大学,12,化学,,,592,
1106,南京信息工程大学,13,不限,,,609,
1106,南京信息工程大学,14,不限,,,595,
1106,南京信息工程大学,15,化学)(中外合作办学,,,589,
1106,南京信息工程大学,16,化学)(中外合作办学,,,578,
1107,南京农业大学,03,不限,,,603,
1107,南京农业大学,04,化学,,,607,
1107,南京农业大学,05,化学,,,603,
1108,南京师范大学,16,不限,,,592,
1108,南京师范大学,17,不限)(高校中外学分互认联合培养项目,,,581,
1108,南京师范大学,18,不限)(高校中外学分互认联合培养项目,,,582,
1108,南京师范大学,19,化学,,,643,
1108,南京师范大学,20,化学,,,629,
1108,南京师范大学,21,化学,,,632,
1108,南京师范大学,22,化学,,,615,
1108,南京师范大学,23,化学,,,602,
1108,南京师范大学,24,化学)(中外合作办学,,,593,
1108,南京师范大学,25,化学)(高校中外学分互认联合培养项目,,,600,
1108,南京师范大学,26,地理,,,619,
1109,中国药科大学,02,化学,,,619,
1109,中国药科大学,03,化学,,,653,
1109,中国药科大学,04,化学,,,616,
1109,中国药科大学,05,化学)(中外合作办学,,,599,
1110,南京工业大学,05,不限,,,579,
1110,南京工业大学,06,化学,,,590,
1110,南京工业大学,07,化学,,,567,
1110,南京工业大学,08,化学,,,587,
1110,南京工业大学,09,化学,,,579,
1110,南京工业大学,10,化学,,,567,
1110,南京工业大学,11,化学,,,531,
1110,南京工业大学,12,化学)(中外合作办学,,,582,
1110,南京工业大学,13,化学)(中外合作办学,,,534,
1111,南京邮电大学,05,化学,,,634,
1111,南京邮电大学,06,化学,,,604,
1111,南京邮电大学,07,化学)(中外合作办学,,,598,
1112,南京医科大学,04,不限,,,571,
1112,南京医科大学,05,化学,,,569,
1112,南京医科大学,06,化学,,,636,
1112,南京医科大学,07,化学,,,594,
1113,南京中医药大学,06,不限)(南京校区,,,569,
1113,南京中医药大学,07,化学)(南京校区,,,628,
1113,南京中医药大学,08,化学)(南京校区,,,609,
1113,南京中医药大学,09,化学)(南京校区,,,585,
1113,南京中医药大学,10,化学)(南京校区,,,569,
1113,南京中医药大学,11,化学)(泰州校区,,,561,
1113,南京中医药大学,12,化学)(中外合作办学)(泰州校区,,,515,
1113,南京中医药大学,13,不限)(中外合作办学)(泰州校区,,,534,
1114,南京工程学院,03,不限,,,547,
1114,南京工程学院,04,不限)(联合培养项目,,,528,
1114,南京工程学院,05,化学,,,539,
1114,南京工程学院,06,化学)(联合培养项目,,,475,
1114,南京工程学院,07,化学)(中外合作办学,,,594,
1114,南京工程学院,08,化学)(中外合作办学,,,468,
1115,南京林业大学,06,不限)(南京校区,,,583,
1115,南京林业大学,07,不限)(淮安校区,,,565,
1115,南京林业大学,08,化学)(南京校区,,,598,
1115,南京林业大学,09,化学)(南京校区,,,593,
1115,南京林业大学,10,化学)(南京校区,,,565,
1115,南京林业大学,11,化学)(南京校区,,,566,
1115,南京林业大学,12,化学)(南京校区,,,581,
1115,南京林业大学,13,化学)(南京校区,,,576,
1115,南京林业大学,14,化学)(淮安校区,,,587,
1115,南京林业大学,15,化学)(淮安校区,,,559,
1115,南京林业大学,16,化学)(淮安校区,,,569,
1115,南京林业大学,17,化学)(中外合作办学)(南京校区,,,557,
1115,南京林业大学,18,生物)(南京校区,,,583,
1115,南京林业大学,19,生物)(淮安校区,,,569,
1116,南京财经大学,06,不限,,,592,
1116,南京财经大学,07,不限,,,593,
1116,南京财经大学,08,不限,,,559,
1116,南京财经大学,09,不限,,,561,
1116,南京财经大学,10,不限)(中外合作办学,,,547,
1116,南京财经大学,11,不限)(中外合作办学,,,546,
1116,南京财经大学,12,化学,,,578,
1116,南京财经大学,13,化学,,,562,
1117,南京体育学院,04,不限,,,521,
1117,南京体育学院,05,不限)(中外合作办学,,,468,
1117,南京体育学院,06,化学,,,526,
1117,南京体育学院,07,生物,,,528,
1118,南京艺术学院,02,不限,,,534,
1118,南京艺术学院,03,化学,,,533,
1119,南京审计大学,05,不限,,,562,
1119,南京审计大学,06,不限)(中外合作办学,,,571,
1119,南京审计大学,07,不限)(中外合作办学,,,553,
1119,南京审计大学,08,不限)(高校中外学分互认联合培养项目,,,556,
1119,南京审计大学,09,化学,,,572,
1120,南京晓庄学院,10,不限,,,542,
1120,南京晓庄学院,11,不限,,,539,
1120,南京晓庄学院,12,不限)(中外合作办学,,,524,
1120,南京晓庄学院,13,化学,,,532,
1120,南京晓庄学院,14,思想政治,,,556,
1120,南京晓庄学院,15,地理,,,551,
1128,金陵科技学院,04,不限,,,535,
1128,金陵科技学院,05,不限)(高校中外学分互认联合培养项目,,,516,
1128,金陵科技学院,06,化学,,,523,
1128,金陵科技学院,07,化学,,,519,
1128,金陵科技学院,08,化学,,,525,
1128,金陵科技学院,09,化学)(中外合作办学,,,511,
1128,金陵科技学院,10,化学)(中外合作办学,,,462,
1128,金陵科技学院,11,生物,,,534,
1131,江苏第二师范学院,16,不限,,,560,
1131,江苏第二师范学院,17,不限,,,535,
1131,江苏第二师范学院,18,不限,,,530,
1131,江苏第二师范学院,19,不限,,,533,
1131,江苏第二师范学院,20,不限)(高校中外学分互认联合培养项目,,,504,
1131,江苏第二师范学院,21,不限)(高校中外学分互认联合培养项目,,,462,
1131,江苏第二师范学院,22,化学,,,538,
1131,江苏第二师范学院,23,化学,,,516,
1131,江苏第二师范学院,24,思想政治,,,554,
1131,江苏第二师范学院,25,地理,,,540,
1133,南京特殊教育师范学院,04,不限,,,524,
1133,南京特殊教育师范学院,05,化学,,,513,
1136,南京工业职业技术大学,03,不限,,,519,
1136,南京工业职业技术大学,04,不限)(联合培养项目,,,515,
1201,江南大学,07,不限,,,619,
1201,江南大学,08,不限,,,605,
1201,江南大学,09,不限,,,605,
1201,江南大学,10,不限,,,598,
1201,江南大学,11,不限)(中外合作办学,,,585,
1201,江南大学,12,化学,,,605,
1201,江南大学,13,化学,,,608,
1201,江南大学,14,化学,,,606,
1201,江南大学,15,化学,,,622,
1201,江南大学,16,化学,,,611,
1201,江南大学,17,化学,,,615,
1201,江南大学,18,化学,,,631,
1201,江南大学,19,化学,,,622,
1201,江南大学,20,化学,,,618,
1201,江南大学,21,化学,,,615,
1201,江南大学,22,化学,,,615,
1201,江南大学,23,化学,,,615,
1201,江南大学,24,化学,,,616,
1201,江南大学,25,化学,,,617,
1201,江南大学,26,化学,,,620,
1201,江南大学,27,化学,,,608,
1201,江南大学,28,化学,,,608,
1201,江南大学,29,化学)(中外合作办学,,,596,
1203,无锡学院,02,不限,,,543,
1203,无锡学院,03,化学,,,537,
1203,无锡学院,04,化学,,,521,
1221,中国矿业大学,02,不限,,,602,
1221,中国矿业大学,03,化学,,,606,
1221,中国矿业大学,04,化学)(中外合作办学,,,575,
1221,中国矿业大学,05,化学)(中外合作办学,,,587,
1222,江苏师范大学,11,不限,,,545,
1222,江苏师范大学,12,不限,,,541,
1222,江苏师范大学,13,不限)(中外合作办学,,,526,
1222,江苏师范大学,14,化学,,,548,
1222,江苏师范大学,15,化学)(中外合作办学,,,519,
1222,江苏师范大学,16,思想政治,,,568,
1222,江苏师范大学,17,地理,,,569,
1223,徐州医科大学,04,不限,,,543,
1223,徐州医科大学,05,不限)(联合培养项目,,,522,
1223,徐州医科大学,06,化学,,,534,
1223,徐州医科大学,07,化学,,,544,
1223,徐州医科大学,08,化学,,,584,
1223,徐州医科大学,09,化学,,,562,
1223,徐州医科大学,10,化学,,,553,
1223,徐州医科大学,11,化学)(联合培养项目,,,519,
1224,徐州工程学院,02,不限,,,520,
1224,徐州工程学院,03,化学,,,506,
1224,徐州工程学院,04,化学)(中外合作办学,,,483,
1224,徐州工程学院,05,化学)(中外合作办学,,,488,
1224,徐州工程学院,06,化学)(联合培养项目,,,501,
1242,常州大学,03,不限,,,549,
1242,常州大学,04,化学,,,564,
1242,常州大学,05,化学,,,565,
1242,常州大学,06,化学,,,553,
1242,常州大学,07,化学,,,543,
1242,常州大学,08,化学,,,559,
1242,常州大学,09,化学,,,536,
1242,常州大学,10,化学,,,545,
1242,常州大学,11,化学,,,549,
1242,常州大学,12,化学)(中外合作办学,,,524,
1242,常州大学,13,不限)(中外合作办学,,,524,
1242,常州大学,14,化学)(联合培养项目,,,514,
1243,常州工学院,07,不限,,,526,
1243,常州工学院,08,不限,,,522,
1243,常州工学院,09,化学,,,536,
1243,常州工学院,10,化学,,,513,
1243,常州工学院,11,化学)(中外合作办学,,,497,
1243,常州工学院,12,化学)(中外合作办学,,,492,
1244,江苏理工学院,05,不限,,,541,
1244,江苏理工学院,06,不限,,,530,
1244,江苏理工学院,07,不限)(高校中外学分互认联合培养项目,,,481,
1244,江苏理工学院,08,不限)(联合培养项目,,,518,
1244,江苏理工学院,09,化学,,,537,
1244,江苏理工学院,10,化学,,,516,
1244,江苏理工学院,11,化学)(高校中外学分互认联合培养项目,,,472,
1244,江苏理工学院,12,化学)(中外合作办学,,,480,
1244,江苏理工学院,13,化学)(中外合作办学,,,478,
1244,江苏理工学院,14,化学)(联合培养项目,,,501,
1261,苏州大学,13,化学,,,634,
1261,苏州大学,14,化学,,,634,
1261,苏州大学,15,化学,,,645,
1261,苏州大学,16,化学,,,632,
1261,苏州大学,17,化学,,,634,
1261,苏州大学,18,化学,,,633,
1261,苏州大学,19,化学,,,630,
1261,苏州大学,20,不限,,,617,
1261,苏州大学,21,不限,,,625,
1261,苏州大学,22,不限,,,600,
1261,苏州大学,23,不限,,,597,
1261,苏州大学,24,不限)(中外合作办学,,,595,
1261,苏州大学,25,化学,,,620,
1261,苏州大学,26,化学,,,612,
1261,苏州大学,27,化学,,,606,
1261,苏州大学,28,化学,,,598,
1261,苏州大学,29,化学,,,621,
1261,苏州大学,30,化学,,,611,
1261,苏州大学,31,化学)(中外合作办学,,,600,
1261,苏州大学,32,化学)(中外合作办学,,,590,
1261,苏州大学,33,化学)(中外合作办学,,,589,
1261,苏州大学,34,生物,,,601,
1262,苏州科技大学,07,不限,,,547,
1262,苏州科技大学,08,不限)(中外合作办学,,,485,
1262,苏州科技大学,09,化学,,,541,
1262,苏州科技大学,10,化学)(中外合作办学,,,462,
1262,苏州科技大学,11,思想政治,,,569,
1262,苏州科技大学,12,地理,,,557,
1263,常熟理工学院,04,不限,,,529,
1263,常熟理工学院,05,不限,,,541,
1263,常熟理工学院,06,化学,,,535,
1263,常熟理工学院,07,化学,,,511,
1263,常熟理工学院,08,化学,,,537,
1263,常熟理工学院,09,化学,,,514,
1263,常熟理工学院,10,化学)(中外合作办学,,,503,
1263,常熟理工学院,11,化学)(高校中外学分互认联合培养项目,,,462,
1263,常熟理工学院,12,化学)(高校中外学分互认联合培养项目,,,470,
1265,中国人民大学(苏州校区),03,不限)(中外合作办学,,,645,
1265,中国人民大学(苏州校区),04,化学)(中外合作办学,,,649,
1267,苏州城市学院,04,不限,,,530,
1267,苏州城市学院,05,不限)(高校中外学分互认联合培养项目,,,497,
1267,苏州城市学院,06,不限)(联合培养项目,,,513,
1267,苏州城市学院,07,化学,,,529,
1267,苏州城市学院,08,化学)(联合培养项目,,,508,
1301,南通大学,11,不限,,,556,
1301,南通大学,12,不限,,,556,
1301,南通大学,13,不限,,,557,
1301,南通大学,14,不限,,,548,
1301,南通大学,15,不限)(高校中外学分互认联合培养项目,,,517,
1301,南通大学,16,不限)(高校中外学分互认联合培养项目,,,522,
1301,南通大学,17,化学,,,550,
1301,南通大学,18,化学,,,558,
1301,南通大学,19,化学,,,573,
1301,南通大学,20,化学,,,562,
1301,南通大学,21,化学,,,575,
1301,南通大学,22,化学,,,577,
1301,南通大学,23,化学,,,544,
1301,南通大学,24,化学,,,545,
1301,南通大学,25,化学,,,600,
1301,南通大学,26,化学,,,577,
1301,南通大学,27,化学,,,550,
1301,南通大学,28,化学,,,551,
1301,南通大学,29,化学)(高校中外学分互认联合培养项目,,,534,
1301,南通大学,30,思想政治,,,563,
1301,南通大学,31,地理,,,558,
1321,江苏海洋大学,03,不限,,,541,
1321,江苏海洋大学,04,化学)(联合培养项目,,,496,
1321,江苏海洋大学,05,化学)(中外合作办学,,,505,
1321,江苏海洋大学,06,化学,,,516,
1321,江苏海洋大学,07,地理,,,548,
1341,淮阴师范学院,11,不限,,,518,
1341,淮阴师范学院,12,不限,,,514,
1341,淮阴师范学院,13,不限)(联合培养项目,,,508,
1341,淮阴师范学院,14,不限)(高校中外学分互认联合培养项目,,,462,
1341,淮阴师范学院,15,化学,,,505,
1341,淮阴师范学院,16,化学)(联合培养项目,,,503,
1341,淮阴师范学院,17,地理,,,527,
1342,淮阴工学院,03,不限,,,510,
1342,淮阴工学院,04,不限,,,512,
1342,淮阴工学院,05,不限,,,513,
1342,淮阴工学院,06,不限)(中外合作办学,,,491,
1342,淮阴工学院,07,化学,,,522,
1342,淮阴工学院,08,化学,,,504,
1342,淮阴工学院,09,化学,,,506,
1342,淮阴工学院,10,化学)(联合培养项目,,,506,
1361,盐城工学院,02,不限,,,516,
1361,盐城工学院,03,化学,,,499,
1361,盐城工学院,04,化学)(中外合作办学,,,493,
1362,盐城师范学院,10,不限,,,515,
1362,盐城师范学院,11,不限,,,523,
1362,盐城师范学院,12,不限)(联合培养项目,,,508,
1362,盐城师范学院,13,化学,,,502,
1362,盐城师范学院,14,化学,,,499,
1362,盐城师范学院,15,化学,,,508,
1362,盐城师范学院,16,化学,,,521,
1362,盐城师范学院,17,思想政治,,,539,
1362,盐城师范学院,18,地理,,,524,
1381,扬州大学,19,不限,,,603,
1381,扬州大学,20,不限,,,586,
1381,扬州大学,21,不限,,,587,
1381,扬州大学,22,不限,,,558,
1381,扬州大学,23,不限,,,554,
1381,扬州大学,24,不限,,,561,
1381,扬州大学,25,不限,,,558,
1381,扬州大学,26,不限)(中外合作办学,,,543,
1381,扬州大学,27,不限)(高校中外学分互认联合培养项目,,,525,
1381,扬州大学,28,化学,,,585,
1381,扬州大学,29,化学,,,582,
1381,扬州大学,30,化学,,,578,
1381,扬州大学,31,化学,,,586,
1381,扬州大学,32,化学,,,583,
1381,扬州大学,33,化学,,,558,
1381,扬州大学,34,化学,,,559,
1381,扬州大学,35,化学,,,569,
1381,扬州大学,36,化学,,,562,
1381,扬州大学,37,化学,,,547,
1381,扬州大学,38,化学,,,546,
1381,扬州大学,39,化学,,,555,
1381,扬州大学,40,化学)(高校中外学分互认联合培养项目,,,511,
1381,扬州大学,41,生物,,,555,
1401,江苏大学,15,不限,,,582,
1401,江苏大学,16,不限,,,579,
1401,江苏大学,17,不限)(高校中外学分互认联合培养项目,,,530,
1401,江苏大学,18,不限)(联合培养项目,,,526,
1401,江苏大学,19,化学,,,604,
1401,江苏大学,20,化学,,,594,
1401,江苏大学,21,化学,,,596,
1401,江苏大学,22,化学,,,594,
1401,江苏大学,23,化学,,,591,
1401,江苏大学,24,化学,,,583,
1401,江苏大学,25,化学,,,583,
1401,江苏大学,26,化学,,,570,
1401,江苏大学,27,化学,,,575,
1401,江苏大学,28,化学,,,569,
1401,江苏大学,29,化学,,,581,
1401,江苏大学,30,化学,,,577,
1401,江苏大学,31,化学)(中外合作办学,,,547,
1401,江苏大学,32,化学)(高校中外学分互认联合培养项目,,,542,
1401,江苏大学,33,化学)(联合培养项目,,,526,
1402,江苏科技大学,07,不限)(镇江校区,,,552,
1402,江苏科技大学,08,不限)(中外合作办学)(镇江校区,,,535,
1402,江苏科技大学,09,不限)(张家港校区,,,554,
1402,江苏科技大学,10,不限)(联合培养项目,,,517,
1402,江苏科技大学,11,不限)(联合培养项目,,,513,
1402,江苏科技大学,12,化学)(镇江校区,,,569,
1402,江苏科技大学,13,化学)(镇江校区,,,567,
1402,江苏科技大学,14,化学)(镇江校区,,,539,
1402,江苏科技大学,15,化学)(镇江校区,,,540,
1402,江苏科技大学,16,化学)(中外合作办学)(镇江校区,,,551,
1402,江苏科技大学,17,化学)(张家港校区,,,554,
1402,江苏科技大学,18,化学)(联合培养项目,,,509,
1402,江苏科技大学,19,化学)(联合培养项目,,,504,
1402,江苏科技大学,20,化学)(联合培养项目,,,505,
1402,江苏科技大学,21,化学)(联合培养项目,,,501,
1402,江苏科技大学,22,思想政治)(镇江校区,,,559,
1421,泰州学院,05,不限,,,512,
1421,泰州学院,06,不限)(高校中外学分互认联合培养项目,,,490,
1421,泰州学院,07,化学,,,502,
1421,泰州学院,08,化学)(高校中外学分互认联合培养项目,,,462,
1426,宿迁学院,03,不限,,,510,
1426,宿迁学院,04,化学,,,496,
1426,宿迁学院,05,生物,,,508,
1426,宿迁学院,06,思想政治,,,528,
1802,东南大学成贤学院,03,不限,,,514,
1802,东南大学成贤学院,04,不限,,,508,
1802,东南大学成贤学院,05,不限,,,508,
1802,东南大学成贤学院,06,化学,,,515,
1802,东南大学成贤学院,07,化学,,,510,
1802,东南大学成贤学院,08,化学,,,506,
1802,东南大学成贤学院,09,化学,,,499,
1802,东南大学成贤学院,10,化学,,,482,
1802,东南大学成贤学院,11,化学,,,491,
1803,南京航空航天大学金城学院,06,不限,,,500,
1803,南京航空航天大学金城学院,07,不限,,,504,
1803,南京航空航天大学金城学院,08,不限,,,500,
1803,南京航空航天大学金城学院,09,化学,,,478,
1803,南京航空航天大学金城学院,10,化学,,,482,
1803,南京航空航天大学金城学院,11,化学,,,483,
1803,南京航空航天大学金城学院,12,化学,,,474,
1803,南京航空航天大学金城学院,13,思想政治,,,507,
1804,南京理工大学紫金学院,03,不限,,,509,
1804,南京理工大学紫金学院,04,不限,,,508,
1804,南京理工大学紫金学院,05,化学,,,505,
1804,南京理工大学紫金学院,06,化学,,,506,
1804,南京理工大学紫金学院,07,化学,,,497,
1804,南京理工大学紫金学院,08,化学,,,492,
1807,南京审计大学金审学院,02,不限,,,505,
1807,南京审计大学金审学院,03,化学,,,495,
1810,南京工业大学浦江学院,04,不限,,,502,
1810,南京工业大学浦江学院,05,不限,,,501,
1810,南京工业大学浦江学院,06,不限)(中外合作办学,,,483,
1810,南京工业大学浦江学院,07,化学,,,491,
1810,南京工业大学浦江学院,08,化学,,,484,
1810,南京工业大学浦江学院,09,化学,,,476,
1816,南京财经大学红山学院,02,不限,,,497,
1826,中国矿业大学徐海学院,02,不限,,,500,
1826,中国矿业大学徐海学院,03,化学,,,471,
1827,江苏师范大学科文学院,06,不限,,,494,
1827,江苏师范大学科文学院,07,不限,,,490,
1827,江苏师范大学科文学院,08,不限,,,494,
1827,江苏师范大学科文学院,09,不限,,,495,
1827,江苏师范大学科文学院,10,化学,,,467,
1827,江苏师范大学科文学院,11,地理,,,498,
1834,苏州大学应用技术学院,02,不限,,,501,
1834,苏州大学应用技术学院,03,不限)(中外合作办学,,,482,
1834,苏州大学应用技术学院,04,化学,,,479,
1835,苏州科技大学天平学院,03,不限,,,500,
1835,苏州科技大学天平学院,04,化学,,,470,
1837,江苏科技大学苏州理工学院,02,不限,,,501,
1837,江苏科技大学苏州理工学院,03,化学,,,475,
1838,南通大学杏林学院,03,不限,,,493,
1838,南通大学杏林学院,04,化学,,,464,
1844,扬州大学广陵学院,02,不限,,,501,
1844,扬州大学广陵学院,03,化学,,,462,
1844,扬州大学广陵学院,04,生物,,,497,
1845,江苏大学京江学院,03,不限,,,500,
1845,江苏大学京江学院,04,化学,,,462,
1845,江苏大学京江学院,05,生物,,,506,
1846,南京医科大学康达学院,04,不限,,,500,
1846,南京医科大学康达学院,05,化学,,,542,
1846,南京医科大学康达学院,06,化学,,,485,
1846,南京医科大学康达学院,07,生物,,,502,
1847,南京师范大学泰州学院,03,不限,,,501,
1847,南京师范大学泰州学院,04,化学,,,474,
1848,南京理工大学泰州科技学院,02,不限,,,504,
1848,南京理工大学泰州科技学院,03,不限,,,505,
1848,南京理工大学泰州科技学院,04,化学,,,475,
1850,南京邮电大学通达学院,02,化学,,,484,
1850,南京邮电大学通达学院,03,化学,,,482,
1850,南京邮电大学通达学院,04,不限,,,503,
1855,常州大学怀德学院,02,不限,,,494,
1855,常州大学怀德学院,03,化学,,,462,
1858,南京师范大学中北学院,03,不限,,,499,
1858,南京师范大学中北学院,04,不限,,,490,
1858,南京师范大学中北学院,05,化学,,,464,
1901,南京传媒学院,03,不限,,,491,
1901,南京传媒学院,04,不限)(中外合作办学,,,485,
1901,南京传媒学院,05,化学,,,470,
1911,三江学院,02,不限,,,494,
1911,三江学院,03,化学,,,466,
1915,无锡太湖学院,03,不限,,,501,
1915,无锡太湖学院,04,不限)(中外合作办学,,,475,
1915,无锡太湖学院,05,化学,,,474,
1915,无锡太湖学院,06,化学)(中外合作办学,,,462,
1915,无锡太湖学院,07,生物,,,502,
1921,西交利物浦大学,03,不限)(中外合作办学,,,554,
1921,西交利物浦大学,04,化学)(中外合作办学,,,559,
1928,南通理工学院,02,不限,,,490,
1928,南通理工学院,03,化学,,,462,
2101,复旦大学,04,化学,,,689,
2101,复旦大学,05,化学,,,676,
2101,复旦大学,06,化学,,,672,
2102,同济大学,04,化学,,,656,
2102,同济大学,05,化学)(中外合作办学,,,653,
2102,同济大学,06,化学,,,654,
2102,同济大学,07,化学,,,654,
2103,上海交通大学,02,化学)(中外合作办学,,,670,
2103,上海交通大学,03,化学,,,676,
2103,上海交通大学,04,化学,,,6900,
2104,华东理工大学,02,不限,,,622,
2104,华东理工大学,03,化学,,,624,
2105,东华大学,02,不限,,,595,
2105,东华大学,03,化学,,,605,
2105,东华大学,04,化学,,,612,
2106,华东师范大学,04,不限,,,652,
2106,华东师范大学,05,化学,,,641,
2107,华东政法大学,02,不限,,,624,
2109,上海外国语大学,03,不限,,,610,
2109,上海外国语大学,04,化学,,,631,
2110,上海财经大学,02,不限,,,635,
2110,上海财经大学,03,化学,,,645,
2110,上海财经大学,04,化学,,,643,
2111,上海师范大学,03,不限,,,566,
2111,上海师范大学,04,化学,,,571,
2111,上海师范大学,05,化学)(中外合作办学,,,576,
2112,上海大学,03,不限)(中外合作办学,,,606,
2112,上海大学,04,不限,,,627,
2112,上海大学,05,化学,,,631,
2112,上海大学,06,化学)(中外合作办学,,,597,
2113,上海中医药大学,01,化学,,,627,
2113,上海中医药大学,02,化学)(中外合作办学,,,591,
2114,上海对外经贸大学,03,不限)(中外合作办学,,,586,
2114,上海对外经贸大学,04,不限,,,594,
2114,上海对外经贸大学,05,化学,,,600,
2115,上海理工大学,03,化学,,,601,
2115,上海理工大学,04,化学)(中外合作办学,,,592,
2116,上海海洋大学,02,不限)(中外合作办学,,,578,
2116,上海海洋大学,03,化学,,,590,
2117,上海海事大学,03,不限,,,594,
2117,上海海事大学,04,化学,,,592,
2118,上海电力大学,02,化学,,,599,
2118,上海电力大学,03,化学)(中外合作办学,,,617,
2119,上海体育大学,05,不限,,,571,
2119,上海体育大学,06,化学,,,584,
2119,上海体育大学,07,化学,,,579,
2120,上海工程技术大学,02,不限,,,559,
2120,上海工程技术大学,03,化学,,,562,
2123,上海应用技术大学,01,不限,,,555,
2123,上海应用技术大学,02,不限,,,571,
2123,上海应用技术大学,03,化学,,,570,
2123,上海应用技术大学,04,化学,,,566,
2123,上海应用技术大学,05,化学,,,584,
2123,上海应用技术大学,06,化学,,,573,
2124,上海第二工业大学,02,不限,,,575,
2124,上海第二工业大学,03,化学,,,567,
2125,上海政法学院,04,不限,,,606,
2125,上海政法学院,05,不限,,,547,
2125,上海政法学院,06,不限,,,585,
2128,复旦大学医学院,02,化学,,,660,
2135,上海健康医学院,01,不限,,,539,
2135,上海健康医学院,02,化学,,,538,
2135,上海健康医学院,03,化学,,,535,
2135,上海健康医学院,04,化学,,,540,
2136,上海电机学院,02,不限,,,554,
2136,上海电机学院,03,化学,,,569,
2137,上海立信会计金融学院,02,不限,,,551,
2137,上海立信会计金融学院,03,化学,,,564,
2139,上海交通大学医学院,01,化学,,,659,
2139,上海交通大学医学院,02,化学,,,673,
2139,上海交通大学医学院,03,化学,,,688,
2141,上海商学院,03,不限,,,547,
2141,上海商学院,04,不限)(中外合作办学,,,516,
2141,上海商学院,05,化学,,,544,
2201,浙江大学,04,化学,,,677,
2202,中国计量大学,01,不限,,,588,
2202,中国计量大学,02,化学,,,579,
2203,浙江理工大学,02,不限,,,558,
2203,浙江理工大学,03,化学,,,553,
2204,浙江工业大学,02,不限,,,588,
2204,浙江工业大学,03,化学,,,588,
2204,浙江工业大学,04,化学,,,597,
2204,浙江工业大学,05,化学)(中外合作办学,,,592,
2205,中国美术学院,02,化学,,,616,
2206,浙江师范大学,03,不限,,,601,
2206,浙江师范大学,04,不限)(中外合作办学,,,548,
2206,浙江师范大学,05,化学,,,589,
2207,浙江工商大学,02,不限,,,559,
2207,浙江工商大学,03,不限,,,574,
2207,浙江工商大学,04,化学,,,552,
2208,杭州电子科技大学,01,不限,,,572,
2208,杭州电子科技大学,02,化学,,,607,
2208,杭州电子科技大学,03,化学)(中外合作办学,,,606,
2209,杭州师范大学,02,不限,,,556,
2209,杭州师范大学,03,化学)(中外合作办学,,,534,
2209,杭州师范大学,04,化学,,,552,
2211,浙江传媒学院,04,不限,,,532,
2211,浙江传媒学院,05,不限)(中外合作办学,,,538,
2211,浙江传媒学院,06,不限,,,539,
2211,浙江传媒学院,07,化学,,,533,
2211,浙江传媒学院,08,化学,,,540,
2212,浙江科技大学,02,不限,,,554,
2212,浙江科技大学,03,不限)(中外合作办学,,,532,
2212,浙江科技大学,04,化学)(中外合作办学,,,529,
2212,浙江科技大学,05,化学,,,543,
2213,浙江财经大学,03,不限)(中外合作办学,,,546,
2213,浙江财经大学,04,不限,,,558,
2213,浙江财经大学,05,化学,,,573,
2214,浙江农林大学,03,不限,,,555,
2214,浙江农林大学,04,化学)(中外合作办学,,,539,
2214,浙江农林大学,05,化学,,,542,
2216,浙江中医药大学,03,化学,,,574,
2216,浙江中医药大学,04,化学,,,585,
2216,浙江中医药大学,05,化学,,,582,
2216,浙江中医药大学,06,化学,,,572,
2216,浙江中医药大学,07,化学,,,594,
2216,浙江中医药大学,08,化学,,,588,
2221,宁波大学,03,不限,,,582,
2221,宁波大学,04,化学,,,599,
2222,宁波工程学院,01,不限,,,528,
2222,宁波工程学院,02,不限,,,536,
2222,宁波工程学院,03,化学)(中外合作办学,,,521,
2222,宁波工程学院,04,化学,,,524,
2223,绍兴文理学院,02,化学,,,512,
2228,温州大学,02,不限,,,561,
2228,温州大学,03,化学,,,549,
2228,温州大学,04,化学)(中外合作办学,,,547,
2231,嘉兴大学,02,化学,,,538,
2240,浙江外国语学院,03,不限)(中外合作办学,,,540,
2240,浙江外国语学院,04,不限,,,536,
2240,浙江外国语学院,05,化学,,,558,
2241,温州医科大学,01,化学,,,606,
2241,温州医科大学,02,化学,,,600,
2241,温州医科大学,03,化学)(中外合作办学,,,602,
2242,浙江大学医学院,01,化学,,,668,
2245,宁波诺丁汉大学,03,不限)(中外合作办学,,,590,
2245,宁波诺丁汉大学,04,化学)(中外合作办学,,,594,
2248,温州肯恩大学,02,不限)(中外合作办学,,,552,
2248,温州肯恩大学,03,化学)(中外合作办学,,,552,
2249,浙大城市学院,03,不限,,,535,
2249,浙大城市学院,04,化学)(中外合作办学,,,523,
2249,浙大城市学院,05,化学,,,541,
2250,浙大宁波理工学院,02,不限,,,538,
2250,浙大宁波理工学院,03,化学,,,529,
2251,浙江海洋大学,02,不限,,,559,
2251,浙江海洋大学,03,化学)(中外合作办学,,,541,
2251,浙江海洋大学,04,化学,,,536,
2251,浙江海洋大学,05,生物,,,565,
2261,湖州师范学院,02,不限,,,538,
2261,湖州师范学院,03,化学,,,536,
2261,湖州师范学院,04,化学,,,522,
2268,丽水学院,03,不限,,,523,
2268,丽水学院,04,化学,,,563,
2268,丽水学院,05,化学,,,509,
2272,浙江水利水电学院,01,不限,,,542,
2272,浙江水利水电学院,02,化学,,,535,
2272,浙江水利水电学院,03,地理,,,551,
2275,湖州学院,02,化学,,,526,
2276,温州理工学院,01,不限,,,528,
2276,温州理工学院,02,化学,,,520,
2277,嘉兴南湖学院,02,不限,,,532,
2277,嘉兴南湖学院,03,化学,,,512,
2301,中国科学技术大学,01,化学,,,674,
2302,合肥工业大学,03,不限,,,601,
2302,合肥工业大学,04,化学,,,625,
2303,安徽大学,02,不限,,,595,
2303,安徽大学,03,化学,,,613,
2303,安徽大学,04,化学)(中外合作办学,,,587,
2304,安徽医科大学,03,化学,,,580,
2305,安徽建筑大学,02,不限,,,543,
2305,安徽建筑大学,03,化学,,,531,
2305,安徽建筑大学,04,地理,,,555,
2306,安徽农业大学,02,化学,,,536,
2306,安徽农业大学,03,生物,,,555,
2307,安徽中医药大学,01,不限,,,546,
2307,安徽中医药大学,02,化学,,,549,
2308,安徽工程大学,01,化学,,,534,
2309,安徽师范大学,04,不限,,,551,
2309,安徽师范大学,05,化学,,,549,
2309,安徽师范大学,06,地理,,,588,
2310,安徽科技学院,01,不限,,,528,
2310,安徽科技学院,02,化学,,,506,
2310,安徽科技学院,03,地理,,,529,
2321,安徽财经大学,03,不限,,,577,
2321,安徽财经大学,04,不限,,,548,
2321,安徽财经大学,05,化学)(中外合作办学,,,553,
2321,安徽财经大学,06,化学,,,556,
2327,合肥大学,02,不限,,,544,
2327,合肥大学,03,化学,,,548,
2331,阜阳师范大学,03,不限,,,534,
2332,蚌埠医科大学,02,化学,,,542,
2341,安徽理工大学,01,不限,,,545,
2341,安徽理工大学,02,不限,,,550,
2341,安徽理工大学,03,化学,,,546,
2341,安徽理工大学,04,化学)(中外合作办学,,,546,
2342,宿州学院,03,化学,,,497,
2347,蚌埠学院,01,化学,,,534,
2348,池州学院,02,化学,,,510,
2349,皖南医学院,01,化学,,,544,
2351,淮北师范大学,04,不限,,,541,
2351,淮北师范大学,05,化学,,,543,
2351,淮北师范大学,06,化学和生物,,,523,
2356,铜陵学院,02,化学,,,494,
2361,安徽工业大学,02,不限,,,557,
2361,安徽工业大学,03,化学,,,553,
2362,淮南师范学院,02,不限,,,523,
2362,淮南师范学院,03,化学,,,516,
2362,淮南师范学院,04,生物,,,522,
2367,巢湖学院,02,不限,,,505,
2367,巢湖学院,03,不限,,,506,
2367,巢湖学院,04,化学,,,492,
2381,黄山学院,03,不限)(中外合作办学,,,494,
2381,黄山学院,04,不限,,,508,
2381,黄山学院,05,化学,,,494,
2381,黄山学院,06,生物,,,512,
2383,合肥工业大学(宣城校区),03,化学,,,613,
2401,福州大学,02,不限,,,591,
2401,福州大学,03,化学,,,599,
2402,福建农林大学,02,不限)(中外合作办学,,,510,
2402,福建农林大学,03,化学,,,539,
2405,福建理工大学,01,化学,,,532,
2406,福建医科大学,01,不限,,,550,
2406,福建医科大学,02,化学,,,542,
2406,福建医科大学,03,化学和生物,,,539,
2407,福建中医药大学,01,化学,,,534,
2407,福建中医药大学,02,生物,,,584,
2408,龙岩学院,01,不限,,,512,
2408,龙岩学院,02,化学,,,496,
2409,闽江学院,01,不限,,,529,
2410,三明学院,02,不限,,,508,
2410,三明学院,03,化学,,,496,
2411,厦门大学,05,不限,,,644,
2411,厦门大学,06,不限,,,639,
2411,厦门大学,07,化学,,,646,
2411,厦门大学,08,不限)（马来西亚分校,,,624,
2411,厦门大学,09,化学)（马来西亚分校,,,619,
2412,集美大学,04,不限,,,562,
2412,集美大学,05,化学,,,554,
2412,集美大学,06,化学和生物,,,548,
2412,集美大学,07,地理,,,576,
2413,厦门理工学院,02,化学)(中外合作办学,,,541,
2413,厦门理工学院,03,化学,,,539,
2421,莆田学院,02,不限)(中外合作办学,,,499,
2421,莆田学院,03,化学,,,564,
2422,华侨大学,03,不限,,,550,
2422,华侨大学,04,化学,,,553,
2422,华侨大学,05,化学,,,552,
2437,武夷学院,02,不限,,,509,
2437,武夷学院,03,化学,,,501,
2442,宁德师范学院,01,化学,,,500,
2443,泉州师范学院,01,不限,,,526,
2443,泉州师范学院,02,化学,,,501,
2443,泉州师范学院,03,地理,,,540,
2448,闽南师范大学,02,不限,,,534,
2448,闽南师范大学,03,化学,,,518,
2448,闽南师范大学,04,生物,,,528,
2501,江西财经大学,04,不限)(中外合作办学,,,569,
2501,江西财经大学,05,不限,,,574,
2501,江西财经大学,06,不限,,,590,
2501,江西财经大学,07,不限,,,572,
2501,江西财经大学,08,不限,,,574,
2501,江西财经大学,09,化学)(中外合作办学,,,564,
2501,江西财经大学,10,化学,,,560,
2502,华东交通大学,03,不限,,,566,
2502,华东交通大学,04,不限,,,559,
2502,华东交通大学,05,不限)(中外合作办学,,,545,
2502,华东交通大学,06,不限,,,546,
2502,华东交通大学,07,化学,,,559,
2504,江西中医药大学,03,化学,,,540,
2504,江西中医药大学,04,生物,,,557,
2504,江西中医药大学,05,生物,,,581,
2505,南昌大学,02,不限,,,593,
2505,南昌大学,03,化学)(中外合作办学,,,603,
2505,南昌大学,04,化学,,,593,
2505,南昌大学,05,化学和生物,,,621,
2506,南昌航空大学,02,不限,,,557,
2506,南昌航空大学,03,不限,,,553,
2506,南昌航空大学,04,化学,,,550,
2507,江西科技师范大学,03,不限,,,538,
2507,江西科技师范大学,04,化学,,,516,
2508,江西农业大学,02,不限,,,534,
2508,江西农业大学,03,化学,,,525,
2508,江西农业大学,04,地理,,,552,
2510,江西师范大学,05,不限,,,544,
2510,江西师范大学,06,化学,,,541,
2510,江西师范大学,07,地理,,,594,
2511,南昌工程学院,02,不限,,,531,
2511,南昌工程学院,03,化学)(中外合作办学,,,462,
2511,南昌工程学院,04,化学,,,524,
2511,南昌工程学院,05,生物,,,530,
2512,江西警察学院,02,不限,,,540,
2512,江西警察学院,03,化学,,,528,
2521,江西理工大学,02,不限,,,543,
2521,江西理工大学,03,化学)(中外合作办学,,,547,
2521,江西理工大学,04,化学,,,534,
2522,赣南医科大学,01,不限,,,529,
2522,赣南医科大学,02,化学,,,558,
2522,赣南医科大学,03,生物,,,555,
2523,赣南师范大学,07,不限,,,534,
2523,赣南师范大学,08,不限,,,537,
2523,赣南师范大学,09,化学,,,514,
2523,赣南师范大学,10,化学,,,532,
2523,赣南师范大学,11,化学,,,532,
2523,赣南师范大学,12,地理,,,544,
2527,新余学院,02,化学,,,514,
2527,新余学院,03,化学,,,496,
2531,景德镇陶瓷大学,03,不限,,,534,
2531,景德镇陶瓷大学,04,不限,,,535,
2531,景德镇陶瓷大学,05,化学,,,527,
2531,景德镇陶瓷大学,06,化学,,,534,
2541,东华理工大学,01,化学)(中外合作办学,,,541,
2541,东华理工大学,02,化学,,,533,
2542,萍乡学院,02,化学,,,495,
2543,南昌师范学院,03,不限,,,509,
2543,南昌师范学院,04,化学,,,516,
2551,宜春学院,04,不限,,,510,
2551,宜春学院,05,化学,,,494,
2551,宜春学院,06,化学和生物,,,538,
2551,宜春学院,07,生物,,,545,
2561,九江学院,02,不限,,,509,
2561,九江学院,03,化学,,,495,
2571,上饶师范学院,03,不限,,,513,
2571,上饶师范学院,04,化学,,,496,
2571,上饶师范学院,05,生物,,,509,
2572,赣东学院,02,不限,,,510,
2572,赣东学院,03,不限,,,513,
2572,赣东学院,04,化学,,,494,
2573,赣南科技学院,02,不限,,,510,
2573,赣南科技学院,03,化学,,,494,
2574,南昌医学院,02,化学,,,558,
2574,南昌医学院,03,化学,,,585,
2574,南昌医学院,04,化学,,,583,
2574,南昌医学院,05,化学,,,578,
2574,南昌医学院,06,生物,,,553,
2574,南昌医学院,07,生物,,,572,
2581,井冈山大学,02,不限,,,528,
2581,井冈山大学,03,化学,,,517,
2596,景德镇学院,02,不限,,,527,
2596,景德镇学院,03,化学,,,519,
2601,山东大学,02,不限,,,637,
2601,山东大学,03,化学,,,638,
2601,山东大学,04,化学,,,645,
2601,山东大学,05,化学和生物,,,642,
2601,山东大学,06,生物,,,614,
2602,济南大学,03,不限,,,580,
2602,济南大学,04,化学,,,541,
2603,北京交通大学(威海校区),02,不限)(中外合作办学,,,618,
2603,北京交通大学(威海校区),03,化学)(中外合作办学,,,611,
2605,山东中医药大学,02,化学,,,555,
2605,山东中医药大学,03,化学,,,561,
2606,山东财经大学,02,不限,,,564,
2606,山东财经大学,03,不限,,,553,
2606,山东财经大学,04,化学,,,565,
2607,山东建筑大学,01,不限,,,551,
2607,山东建筑大学,02,不限)(中外合作办学,,,534,
2607,山东建筑大学,03,化学,,,543,
2607,山东建筑大学,04,化学)(中外合作办学,,,483,
2608,山东工艺美术学院,02,不限,,,507,
2608,山东工艺美术学院,03,不限,,,507,
2608,山东工艺美术学院,04,化学,,,512,
2609,山东交通学院,02,不限,,,531,
2609,山东交通学院,03,化学,,,515,
2610,齐鲁工业大学,02,化学,,,528,
2611,山东理工大学,02,不限,,,549,
2611,山东理工大学,03,化学,,,543,
2613,枣庄学院,01,化学,,,496,
2614,山东第二医科大学,01,不限,,,540,
2614,山东第二医科大学,02,化学,,,535,
2621,中国海洋大学,04,不限,,,621,
2621,中国海洋大学,05,化学)(中外合作办学,,,620,
2621,中国海洋大学,06,化学)(中外合作办学,,,624,
2621,中国海洋大学,07,化学)(中外合作办学,,,628,
2621,中国海洋大学,08,化学)(中外合作办学,,,634,
2621,中国海洋大学,09,化学)(中外合作办学,,,625,
2621,中国海洋大学,10,化学,,,630,
2622,青岛理工大学,02,不限,,,559,
2622,青岛理工大学,03,不限,,,554,
2622,青岛理工大学,04,化学,,,556,
2623,青岛科技大学,01,化学,,,547,
2624,青岛大学,02,不限,,,579,
2624,青岛大学,03,化学,,,576,
2631,山东农业大学,02,化学,,,536,
2633,山东科技大学,01,不限,,,581,
2633,山东科技大学,02,不限)(中外合作办学,,,538,
2633,山东科技大学,03,化学,,,544,
2633,山东科技大学,04,化学)(中外合作办学,,,547,
2633,山东科技大学,05,地理,,,584,
2635,潍坊学院,03,不限,,,512,
2635,潍坊学院,04,化学,,,505,
2635,潍坊学院,05,化学和生物,,,494,
2641,中国石油大学(华东),02,不限,,,610,
2641,中国石油大学(华东),03,不限,,,588,
2641,中国石油大学(华东),04,化学,,,594,
2642,聊城大学,03,不限,,,541,
2642,聊城大学,04,化学,,,523,
2643,青岛农业大学,01,化学)(中外合作办学,,,518,
2643,青岛农业大学,02,化学,,,519,
2645,临沂大学,02,不限,,,546,
2645,临沂大学,03,不限,,,552,
2645,临沂大学,04,化学,,,531,
2650,山东航空学院,02,不限,,,528,
2650,山东航空学院,03,化学,,,542,
2650,山东航空学院,04,化学,,,530,
2651,烟台大学,03,不限,,,542,
2651,烟台大学,05,化学,,,536,
2652,山东工商学院,03,不限,,,529,
2652,山东工商学院,04,不限,,,525,
2652,山东工商学院,05,化学,,,522,
2653,鲁东大学,02,不限,,,533,
2653,鲁东大学,03,化学,,,529,
2653,鲁东大学,04,化学)(中外合作办学,,,492,
2661,山东大学威海分校,03,不限,,,626,
2661,山东大学威海分校,04,化学,,,640,
2662,哈尔滨工业大学(威海),02,化学,,,652,
2662,哈尔滨工业大学(威海),03,化学)(中外合作办学,,,632,
2662,哈尔滨工业大学(威海),04,化学,,,639,
2669,菏泽学院,02,不限,,,530,
2669,菏泽学院,03,化学,,,490,
2671,曲阜师范大学,02,不限,,,542,
2671,曲阜师范大学,03,化学,,,547,
2671,曲阜师范大学,04,地理,,,571,
2681,滨州医学院,01,化学,,,535,
2683,德州学院,02,化学,,,508,
2691,山东第一医科大学,02,化学,,,548,
2691,山东第一医科大学,03,化学,,,588,
2691,山东第一医科大学,04,化学,,,557,
2691,山东第一医科大学,05,化学,,,577,
2691,山东第一医科大学,06,化学,,,600,
2691,山东第一医科大学,07,化学,,,560,
2695,济宁医学院,01,化学,,,529,
2701,山东女子学院,02,不限,,,510,
2701,山东女子学院,03,化学,,,506,
2702,济宁学院,02,化学,,,521,
2706,泰山学院,01,化学,,,502,
2706,泰山学院,02,化学,,,526,
2706,泰山学院,03,化学,,,502,
2706,泰山学院,04,化学,,,505,
2706,泰山学院,05,化学,,,522,
2710,齐鲁师范学院,02,化学,,,523,
2711,山东师范大学,05,不限)(中外合作办学,,,544,
2711,山东师范大学,06,不限,,,548,
2711,山东师范大学,07,化学,,,555,
2711,山东师范大学,08,地理,,,590,
2713,山东青年政治学院,01,不限,,,523,
2713,山东青年政治学院,02,化学,,,523,
2721,康复大学,01,化学,,,566,
2755,山东石油化工学院,03,化学,,,528,
2755,山东石油化工学院,04,化学,,,519,
2755,山东石油化工学院,05,化学,,,508,
2755,山东石油化工学院,06,化学,,,518,
2755,山东石油化工学院,07,化学,,,517,
2755,山东石油化工学院,08,化学,,,513,
2755,山东石油化工学院,09,化学,,,516,
2755,山东石油化工学院,10,化学,,,521,
3101,北京大学,05,化学,,,692,
3102,中国人民大学,04,不限,,,664,
3102,中国人民大学,05,化学,,,669,
3103,清华大学,04,不限,,,694,
3103,清华大学,05,化学,,,690,
3104,北京师范大学,05,不限,,,642,
3104,北京师范大学,06,化学,,,645,
3105,北京交通大学,02,不限,,,618,
3105,北京交通大学,03,化学,,,640,
3105,北京交通大学,04,化学,,,646,
3105,北京交通大学,05,化学,,,644,
3105,北京交通大学,06,化学)(中外合作办学,,,631,
3106,北京航空航天大学,02,化学,,,657,
3106,北京航空航天大学,03,化学)(中外合作办学,,,650,
3107,北京理工大学,02,化学,,,662,
3107,北京理工大学,03,化学,,,658,
3107,北京理工大学,04,不限)(中外合作办学,,,633,
3108,北京科技大学,02,不限,,,632,
3108,北京科技大学,03,化学,,,635,
3108,北京科技大学,04,化学,,,635,
3109,北京化工大学,02,化学,,,613,
3109,北京化工大学,03,化学,,,614,
3110,中国农业大学,03,不限,,,637,
3110,中国农业大学,04,化学,,,638,
3111,中国地质大学(北京),01,不限,,,596,
3111,中国地质大学(北京),02,化学,,,594,
3112,中国政法大学,03,不限,,,617,
3113,北京邮电大学,01,化学,,,648,
3113,北京邮电大学,02,化学,,,656,
3114,北京林业大学,05,不限,,,597,
3114,北京林业大学,06,不限,,,592,
3114,北京林业大学,07,化学,,,594,
3114,北京林业大学,08,化学,,,594,
3114,北京林业大学,09,化学,,,594,
3114,北京林业大学,10,生物,,,598,
3114,北京林业大学,11,地理,,,613,
3115,北京大学医学部,02,不限,,,678,
3115,北京大学医学部,03,化学,,,686,
3115,北京大学医学部,04,化学,,,680,
3116,北京外国语大学,05,不限,,,620,
3116,北京外国语大学,06,思想政治,,,628,
3117,北京语言大学,05,不限,,,575,
3117,北京语言大学,06,化学,,,542,
3117,北京语言大学,07,化学,,,588,
3117,北京语言大学,08,思想政治,,,583,
3118,中国石油大学(北京),03,不限,,,600,
3118,中国石油大学(北京),04,化学,,,606,
3119,对外经济贸易大学,03,不限,,,630,
3119,对外经济贸易大学,04,化学,,,634,
3120,中央财经大学,02,不限,,,632,
3121,北京中医药大学,02,不限,,,590,
3121,北京中医药大学,03,化学,,,593,
3122,中国矿业大学(北京),02,不限,,,589,
3122,中国矿业大学(北京),03,化学,,,594,
3123,中国传媒大学,06,不限,,,615,
3123,中国传媒大学,07,不限,,,615,
3123,中国传媒大学,08,不限)(中外合作办学,,,594,
3123,中国传媒大学,09,化学,,,625,
3123,中国传媒大学,10,化学)(中外合作办学,,,590,
3124,中央美术学院,03,不限,,,581,
3124,中央美术学院,04,不限)(中外合作办学,,,541,
3124,中央美术学院,05,化学,,,611,
3127,北京体育大学,05,不限,,,585,
3127,北京体育大学,06,不限,,,585,
3127,北京体育大学,07,不限,,,587,
3127,北京体育大学,08,不限)(中外合作办学,,,532,
3127,北京体育大学,09,化学,,,594,
3127,北京体育大学,10,化学,,,604,
3128,华北电力大学(北京),02,不限,,,602,
3128,华北电力大学(北京),03,化学,,,631,
3129,中央民族大学,02,不限,,,614,
3129,中央民族大学,03,化学,,,625,
3129,中央民族大学,04,化学)(中外合作办学,,,608,
3129,中央民族大学,05,化学)(中外合作办学,,,607,
3130,北京协和医学院,01,化学,,,596,
3132,北京第二外国语学院,02,不限,,,577,
3133,首都师范大学,02,不限,,,547,
3133,首都师范大学,03,化学,,,597,
3134,北京工业大学,01,化学,,,632,
3135,首都医科大学,01,化学,,,581,
3135,首都医科大学,02,化学,,,651,
3136,北京物资学院,02,不限,,,555,
3136,北京物资学院,03,化学,,,553,
3137,北京信息科技大学,01,不限,,,591,
3137,北京信息科技大学,02,化学,,,591,
3138,北京服装学院,01,化学,,,529,
3139,北京印刷学院,02,化学,,,539,
3140,北京邮电大学(宏福校区),01,化学)(中外合作办学,,,631,
3140,北京邮电大学(宏福校区),02,化学)(中外合作办学,,,639,
3141,北京石油化工学院,01,不限,,,549,
3141,北京石油化工学院,02,化学,,,535,
3142,北京工商大学,02,不限,,,569,
3142,北京工商大学,03,化学,,,550,
3142,北京工商大学,04,化学)(中外合作办学,,,546,
3144,北京联合大学,02,化学,,,561,
3145,北京建筑大学,01,不限,,,549,
3145,北京建筑大学,02,化学,,,571,
3148,北京电影学院,07,不限,,,609,
3148,北京电影学院,08,不限,,,573,
3148,北京电影学院,09,不限,,,590,
3148,北京电影学院,10,不限,,,549,
3148,北京电影学院,11,化学,,,614,
3153,华北科技学院,02,不限,,,514,
3153,华北科技学院,03,化学,,,508,
3153,华北科技学院,04,化学,,,513,
3154,首都经济贸易大学,02,不限,,,569,
3154,首都经济贸易大学,03,化学)(中外合作办学,,,579,
3156,中国科学院大学,02,化学,,,674,
3169,中国劳动关系学院,02,不限,,,539,
3169,中国劳动关系学院,03,化学,,,533,
3176,民政职业大学,02,不限,,,521,
3201,南开大学,03,不限,,,650,
3201,南开大学,04,化学,,,653,
3202,天津大学,01,化学,,,649,
3202,天津大学,02,化学,,,651,
3203,天津医科大学,01,化学,,,600,
3203,天津医科大学,02,化学和生物,,,632,
3203,天津医科大学,03,化学和生物,,,631,
3203,天津医科大学,04,化学和生物,,,639,
3203,天津医科大学,05,化学和生物,,,649,
3203,天津医科大学,06,化学和生物,,,599,
3204,天津师范大学,06,不限,,,546,
3204,天津师范大学,07,化学,,,545,
3204,天津师范大学,08,地理,,,568,
3205,中国民航大学,03,不限,,,574,
3205,中国民航大学,04,化学,,,578,
3206,天津工业大学,03,不限,,,583,
3206,天津工业大学,04,化学,,,588,
3206,天津工业大学,05,化学,,,576,
3207,天津商业大学,02,不限)(中外合作办学,,,544,
3207,天津商业大学,03,不限,,,542,
3207,天津商业大学,04,化学,,,531,
3208,天津科技大学,02,不限,,,552,
3208,天津科技大学,03,化学)(中外合作办学,,,567,
3208,天津科技大学,04,化学,,,534,
3208,天津科技大学,05,化学,,,571,
3209,天津财经大学,02,不限,,,560,
3209,天津财经大学,03,不限,,,558,
3209,天津财经大学,04,化学,,,565,
3210,天津城建大学,03,不限,,,540,
3210,天津城建大学,04,化学)(中外合作办学,,,462,
3210,天津城建大学,05,化学,,,529,
3210,天津城建大学,06,地理,,,547,
3211,天津外国语大学,04,不限,,,539,
3211,天津外国语大学,05,不限,,,540,
3211,天津外国语大学,06,化学,,,559,
3211,天津外国语大学,07,思想政治,,,542,
3212,天津中医药大学,03,化学,,,566,
3212,天津中医药大学,04,化学,,,567,
3212,天津中医药大学,05,化学,,,560,
3212,天津中医药大学,06,化学,,,587,
3212,天津中医药大学,07,化学)(中外合作办学,,,555,
3212,天津中医药大学,08,化学,,,574,
3213,天津农学院,02,不限,,,530,
3213,天津农学院,03,不限,,,519,
3213,天津农学院,04,化学,,,517,
3213,天津农学院,05,化学,,,501,
3213,天津农学院,06,生物,,,518,
3214,天津理工大学,01,不限,,,540,
3214,天津理工大学,02,化学,,,545,
3217,天津体育学院,02,不限,,,511,
3218,天津职业技术师范大学,02,不限,,,544,
3218,天津职业技术师范大学,03,化学,,,538,
3301,石家庄铁道大学,02,不限,,,578,
3301,石家庄铁道大学,03,不限,,,548,
3301,石家庄铁道大学,04,化学,,,560,
3302,河北科技师范学院,02,不限,,,505,
3302,河北科技师范学院,03,不限,,,508,
3302,河北科技师范学院,04,化学,,,490,
3303,河北建筑工程学院,01,不限,,,523,
3303,河北建筑工程学院,02,化学,,,500,
3304,河北科技大学,01,不限)(中外合作办学,,,524,
3304,河北科技大学,02,化学,,,531,
3304,河北科技大学,03,化学)(中外合作办学,,,502,
3305,河北地质大学,02,不限,,,533,
3305,河北地质大学,03,化学,,,525,
3307,河北工业大学,02,不限,,,586,
3307,河北工业大学,03,化学,,,596,
3307,河北工业大学,04,化学)(中外合作办学,,,587,
3310,河北经贸大学,03,不限,,,532,
3310,河北经贸大学,04,不限,,,547,
3310,河北经贸大学,05,化学,,,537,
3311,华北电力大学(保定),02,不限,,,595,
3311,华北电力大学(保定),03,化学,,,603,
3312,河北大学,02,不限,,,532,
3312,河北大学,03,化学,,,563,
3313,河北医科大学,01,化学,,,555,
3313,河北医科大学,02,化学和生物,,,538,
3313,河北医科大学,03,生物,,,561,
3314,河北师范大学,02,不限,,,539,
3314,河北师范大学,03,化学,,,545,
3315,河北金融学院,02,不限,,,517,
3318,防灾科技学院,02,不限,,,526,
3318,防灾科技学院,03,化学,,,517,
3320,河北环境工程学院,02,不限,,,508,
3320,河北环境工程学院,03,化学,,,493,
3321,燕山大学,02,不限,,,559,
3321,燕山大学,03,化学,,,574,
3321,燕山大学,04,化学)(中外合作办学,,,548,
3322,东北大学秦皇岛分校,02,不限,,,619,
3322,东北大学秦皇岛分校,03,化学,,,630,
3322,东北大学秦皇岛分校,04,化学)(中外合作办学,,,623,
3326,河北水利电力学院,01,不限,,,508,
3326,河北水利电力学院,02,化学,,,497,
3332,华北理工大学,02,不限,,,543,
3332,华北理工大学,03,化学,,,540,
3332,华北理工大学,04,化学,,,534,
3332,华北理工大学,05,化学和生物,,,580,
3333,衡水学院,03,不限,,,508,
3333,衡水学院,04,化学,,,494,
3333,衡水学院,05,化学)(中外合作办学,,,462,
3333,衡水学院,06,生物,,,507,
3341,北华航天工业学院,02,不限,,,517,
3341,北华航天工业学院,03,化学,,,511,
3344,邯郸学院,02,化学,,,499,
3348,河北中医药大学,01,化学,,,546,
3348,河北中医药大学,02,生物,,,555,
3349,河北北方学院,01,化学,,,528,
3350,张家口学院,02,不限,,,508,
3351,河北工程大学,01,不限,,,534,
3351,河北工程大学,02,化学,,,556,
3351,河北工程大学,03,化学,,,529,
3353,承德医学院,01,化学,,,586,
3362,邢台学院,02,不限,,,508,
3362,邢台学院,03,化学,,,505,
3365,沧州师范学院,02,化学,,,503,
3378,河北石油职业技术大学,01,不限,,,515,
3379,河北科技工程职业技术大学,02,不限,,,518,
3380,河北工业职业技术大学,01,不限,,,519,
3380,河北工业职业技术大学,02,化学,,,494,
3401,山西大学,02,化学,,,589,
3402,中北大学,02,不限,,,544,
3402,中北大学,03,化学,,,566,
3403,山西财经大学,03,不限,,,550,
3403,山西财经大学,04,不限,,,540,
3403,山西财经大学,05,不限)(中外合作办学,,,544,
3403,山西财经大学,06,化学,,,546,
3404,太原科技大学,02,不限,,,548,
3404,太原科技大学,03,化学,,,535,
3405,太原理工大学,02,不限,,,593,
3405,太原理工大学,03,化学,,,595,
3406,太原工业学院,02,不限,,,509,
3406,太原工业学院,03,化学,,,496,
3407,山西医科大学,01,化学和生物,,,581,
3407,山西医科大学,02,生物,,,558,
3408,山西中医药大学,02,化学,,,533,
3408,山西中医药大学,03,生物,,,565,
3410,山西农业大学,04,不限,,,535,
3410,山西农业大学,05,化学,,,515,
3410,山西农业大学,06,化学和生物,,,506,
3410,山西农业大学,07,化学和生物,,,507,
3412,山西传媒学院,02,不限,,,504,
3412,山西传媒学院,03,化学,,,498,
3413,忻州师范学院,01,不限,,,508,
3413,忻州师范学院,02,化学,,,491,
3413,忻州师范学院,03,地理,,,507,
3415,山西师范大学,04,不限,,,541,
3415,山西师范大学,05,化学,,,464,
3415,山西师范大学,06,地理,,,550,
3416,太原师范学院,06,化学,,,514,
3416,太原师范学院,07,化学,,,514,
3416,太原师范学院,08,化学,,,526,
3416,太原师范学院,09,地理,,,513,
3417,山西大同大学,03,化学和生物,,,570,
3418,运城学院,03,不限,,,506,
3418,运城学院,04,化学,,,493,
3418,运城学院,05,生物,,,506,
3429,山西工程科技职业大学,02,不限,,,508,
3431,吕梁学院,05,不限,,,508,
3431,吕梁学院,06,化学,,,484,
3431,吕梁学院,07,生物,,,506,
3431,吕梁学院,08,地理,,,507,
3432,晋中学院,02,不限,,,506,
3432,晋中学院,03,化学,,,491,
3433,山西工程技术学院,02,不限,,,509,
3433,山西工程技术学院,03,化学,,,492,
3433,山西工程技术学院,04,地理,,,512,
3434,山西科技学院,02,不限,,,516,
3434,山西科技学院,03,化学,,,517,
3439,山西工学院,01,化学,,,508,
3501,内蒙古大学,01,不限,,,576,
3501,内蒙古大学,02,化学,,,580,
3503,内蒙古农业大学,01,化学,,,504,
3503,内蒙古农业大学,02,生物,,,512,
3504,内蒙古工业大学,01,不限,,,520,
3504,内蒙古工业大学,02,不限,,,509,
3504,内蒙古工业大学,03,化学,,,510,
3504,内蒙古工业大学,04,化学,,,541,
3506,内蒙古民族大学,02,不限,,,515,
3506,内蒙古民族大学,03,化学,,,497,
3506,内蒙古民族大学,04,化学和生物,,,495,
3506,内蒙古民族大学,05,生物,,,512,
3507,内蒙古财经大学,02,不限,,,523,
3511,内蒙古科技大学,03,不限,,,513,
3511,内蒙古科技大学,04,化学,,,491,
3511,内蒙古科技大学,05,化学和生物,,,511,
3515,赤峰学院,01,化学,,,497,
3515,赤峰学院,02,化学和生物,,,501,
3516,内蒙古医科大学,01,化学和生物,,,532,
4101,东北大学,02,不限,,,617,
4101,东北大学,03,化学,,,639,
4102,辽宁大学,06,不限)(中外合作办学,,,575,
4102,辽宁大学,07,不限)(中外合作办学,,,586,
4102,辽宁大学,08,不限)(中外合作办学,,,598,
4102,辽宁大学,09,不限)(中外合作办学,,,583,
4102,辽宁大学,10,不限,,,598,
4102,辽宁大学,11,化学,,,583,
4102,辽宁大学,12,化学,,,596,
4103,中国医科大学,01,化学)(中外合作办学,,,556,
4103,中国医科大学,02,化学,,,583,
4104,沈阳药科大学,02,化学,,,519,
4104,沈阳药科大学,03,化学,,,576,
4105,沈阳农业大学,01,化学)(中外合作办学,,,552,
4105,沈阳农业大学,02,化学,,,528,
4107,沈阳化工大学,01,不限,,,539,
4107,沈阳化工大学,02,化学,,,522,
4108,沈阳工业大学,02,不限,,,529,
4108,沈阳工业大学,03,不限,,,543,
4108,沈阳工业大学,04,化学)(中外合作办学,,,538,
4108,沈阳工业大学,05,化学,,,535,
4109,沈阳理工大学,02,不限,,,549,
4109,沈阳理工大学,03,化学)(中外合作办学,,,534,
4109,沈阳理工大学,04,化学)(中外合作办学,,,514,
4109,沈阳理工大学,05,化学,,,552,
4110,沈阳航空航天大学,01,化学,,,562,
4110,沈阳航空航天大学,02,化学)(中外合作办学,,,558,
4111,沈阳建筑大学,01,不限,,,535,
4111,沈阳建筑大学,02,不限,,,526,
4111,沈阳建筑大学,03,不限)(中外合作办学,,,532,
4111,沈阳建筑大学,04,化学,,,540,
4111,沈阳建筑大学,05,化学)(中外合作办学,,,538,
4112,鞍山师范学院,02,不限,,,505,
4113,沈阳医学院,02,化学,,,539,
4113,沈阳医学院,03,化学,,,553,
4113,沈阳医学院,04,化学,,,562,
4113,沈阳医学院,05,生物,,,563,
4114,辽宁中医药大学,03,不限,,,538,
4114,辽宁中医药大学,04,不限,,,527,
4114,辽宁中医药大学,05,化学,,,567,
4114,辽宁中医药大学,06,化学,,,572,
4114,辽宁中医药大学,07,化学,,,532,
4114,辽宁中医药大学,08,化学,,,541,
4114,辽宁中医药大学,09,化学,,,520,
4114,辽宁中医药大学,10,化学,,,534,
4114,辽宁中医药大学,11,化学,,,563,
4115,辽宁工业大学,01,化学,,,528,
4115,辽宁工业大学,02,化学)(中外合作办学,,,531,
4116,沈阳体育学院,01,不限,,,507,
4117,沈阳师范大学,03,不限,,,534,
4117,沈阳师范大学,04,不限,,,528,
4117,沈阳师范大学,05,化学,,,514,
4117,沈阳师范大学,06,化学,,,552,
4120,沈阳大学,02,不限,,,538,
4120,沈阳大学,03,不限)(中外合作办学,,,526,
4120,沈阳大学,04,化学,,,520,
4120,沈阳大学,05,化学)(中外合作办学,,,533,
4120,沈阳大学,06,生物,,,529,
4122,沈阳工程学院,01,化学,,,557,
4126,辽宁师范大学,02,不限)(中外合作办学,,,523,
4131,大连理工大学,02,化学)(中外合作办学,,,637,
4131,大连理工大学,03,化学,,,648,
4132,大连海事大学,04,不限,,,587,
4132,大连海事大学,05,不限)(中外合作办学,,,612,
4132,大连海事大学,06,化学)(中外合作办学,,,585,
4132,大连海事大学,07,化学,,,608,
4133,东北财经大学,04,不限)(中外合作办学,,,588,
4133,东北财经大学,05,不限)(中外合作办学,,,581,
4133,东北财经大学,06,不限,,,588,
4134,大连医科大学,01,化学,,,619,
4134,大连医科大学,02,化学,,,628,
4135,大连外国语大学,04,不限,,,536,
4135,大连外国语大学,05,不限,,,550,
4135,大连外国语大学,06,不限,,,567,
4135,大连外国语大学,07,化学,,,555,
4135,大连外国语大学,08,思想政治,,,556,
4136,大连大学,02,不限,,,536,
4136,大连大学,03,化学,,,533,
4137,大连海洋大学,01,化学,,,525,
4137,大连海洋大学,02,化学,,,529,
4138,大连工业大学,01,不限,,,538,
4138,大连工业大学,02,化学,,,531,
4138,大连工业大学,03,化学,,,526,
4138,大连工业大学,04,化学,,,558,
4138,大连工业大学,05,化学,,,538,
4138,大连工业大学,06,化学,,,533,
4138,大连工业大学,07,化学)(中外合作办学,,,538,
4139,大连交通大学,02,不限,,,560,
4139,大连交通大学,03,化学,,,553,
4140,大连民族大学,02,不限,,,537,
4140,大连民族大学,03,化学,,,540,
4141,锦州医科大学,01,化学,,,535,
4141,锦州医科大学,02,化学,,,578,
4141,锦州医科大学,03,生物)(中外合作办学,,,509,
4152,渤海大学,03,不限,,,528,
4152,渤海大学,04,化学,,,545,
4152,渤海大学,05,化学,,,516,
4161,辽宁工程技术大学,01,不限,,,544,
4161,辽宁工程技术大学,02,化学,,,540,
4162,大连理工大学(盘锦校区),01,不限,,,631,
4162,大连理工大学(盘锦校区),02,化学)(中外合作办学,,,628,
4162,大连理工大学(盘锦校区),03,化学,,,635,
4171,辽宁科技大学,01,化学)(中外合作办学,,,496,
4171,辽宁科技大学,02,化学,,,534,
4181,辽宁石油化工大学,01,化学,,,531,
4192,辽宁科技学院,01,化学,,,496,
4201,吉林大学,05,不限,,,647,
4201,吉林大学,06,不限,,,626,
4201,吉林大学,07,化学,,,640,
4201,吉林大学,08,化学,,,644,
4201,吉林大学,09,化学)(中外合作办学,,,627,
4201,吉林大学,10,化学,,,634,
4201,吉林大学,11,化学,,,649,
4202,东北师范大学,03,不限)(中外合作办学,,,583,
4202,东北师范大学,04,不限)(中外合作办学,,,581,
4202,东北师范大学,05,化学)(中外合作办学,,,603,
4202,东北师范大学,06,化学,,,594,
4203,吉林农业大学,01,不限,,,535,
4203,吉林农业大学,02,化学,,,515,
4203,吉林农业大学,03,化学和生物)(中外合作办学,,,486,
4203,吉林农业大学,04,化学和生物)(中外合作办学,,,496,
4203,吉林农业大学,05,化学和生物,,,503,
4204,长春大学,04,不限,,,546,
4204,长春大学,05,不限,,,541,
4204,长春大学,06,化学,,,535,
4204,长春大学,07,化学)(中外合作办学,,,522,
4204,长春大学,08,化学)(中外合作办学,,,512,
4204,长春大学,09,化学)(中外合作办学,,,514,
4204,长春大学,10,化学,,,534,
4204,长春大学,11,化学,,,550,
4204,长春大学,12,化学,,,538,
4204,长春大学,13,化学)(中外合作办学,,,521,
4204,长春大学,14,化学)(中外合作办学,,,526,
4205,长春工业大学,01,不限,,,542,
4205,长春工业大学,02,化学,,,522,
4206,吉林财经大学,03,不限)(中外合作办学,,,548,
4206,吉林财经大学,04,不限,,,551,
4206,吉林财经大学,05,化学,,,545,
4207,长春师范大学,03,化学,,,526,
4208,长春理工大学,01,不限,,,545,
4208,长春理工大学,02,化学)(中外合作办学,,,547,
4208,长春理工大学,03,化学,,,561,
4208,长春理工大学,04,化学和生物,,,559,
4209,长春工程学院,02,不限,,,508,
4209,长春工程学院,04,化学,,,487,
4210,吉林建筑大学,03,不限,,,521,
4210,吉林建筑大学,04,不限)(中外合作办学,,,475,
4210,吉林建筑大学,05,化学,,,501,
4210,吉林建筑大学,06,化学)(中外合作办学,,,500,
4212,吉林工程技术师范学院,02,化学,,,480,
4212,吉林工程技术师范学院,03,化学)(中外合作办学,,,476,
4214,长春中医药大学,01,化学,,,560,
4215,吉林师范大学,05,不限,,,527,
4215,吉林师范大学,06,化学,,,524,
4220,吉林警察学院,02,不限,,,523,
4220,吉林警察学院,03,化学,,,511,
4222,长春汽车职业技术大学,01,不限,,,515,
4225,吉林农业科技学院,02,不限,,,507,
4225,吉林农业科技学院,03,化学,,,507,
4225,吉林农业科技学院,04,化学,,,516,
4228,吉林医药学院,02,不限,,,514,
4228,吉林医药学院,03,化学,,,516,
4228,吉林医药学院,04,化学和生物,,,544,
4228,吉林医药学院,05,化学和生物)(中外合作办学,,,489,
4231,东北电力大学,02,不限,,,534,
4231,东北电力大学,03,不限,,,555,
4231,东北电力大学,04,化学,,,546,
4231,东北电力大学,05,化学,,,579,
4231,东北电力大学,06,化学,,,603,
4231,东北电力大学,07,化学)(中外合作办学,,,491,
4232,北华大学,03,不限,,,524,
4232,北华大学,04,化学,,,516,
4232,北华大学,05,化学和生物,,,572,
4233,通化师范学院,02,不限,,,507,
4233,通化师范学院,03,化学)(中外合作办学,,,480,
4233,通化师范学院,04,化学,,,492,
4233,通化师范学院,05,地理,,,516,
4235,吉林化工学院,01,不限,,,510,
4235,吉林化工学院,02,化学,,,491,
4237,吉林工商学院,02,不限,,,509,
4237,吉林工商学院,03,化学,,,493,
4241,白城师范学院,04,不限)(中外合作办学,,,488,
4241,白城师范学院,05,不限,,,506,
4241,白城师范学院,06,化学,,,488,
4241,白城师范学院,07,地理,,,513,
4301,哈尔滨工业大学,02,不限)(中外合作办学,,,626,
4301,哈尔滨工业大学,03,不限)(中外合作办学,,,642,
4301,哈尔滨工业大学,04,化学)(中外合作办学,,,636,
4301,哈尔滨工业大学,05,化学)(中外合作办学,,,647,
4301,哈尔滨工业大学,06,化学,,,665,
4302,哈尔滨工程大学,03,化学,,,641,
4302,哈尔滨工程大学,04,化学,,,639,
4302,哈尔滨工程大学,05,化学)(中外合作办学,,,623,
4302,哈尔滨工程大学,06,化学)(中外合作办学,,,588,
4302,哈尔滨工程大学,07,化学,,,640,
4302,哈尔滨工程大学,08,化学,,,634,
4303,东北林业大学,02,不限,,,585,
4303,东北林业大学,03,化学)(中外合作办学,,,573,
4303,东北林业大学,04,化学,,,591,
4304,东北农业大学,02,不限,,,587,
4304,东北农业大学,03,化学,,,590,
4305,黑龙江中医药大学,01,化学,,,538,
4305,黑龙江中医药大学,02,生物,,,582,
4306,黑龙江工程学院,02,不限,,,509,
4306,黑龙江工程学院,03,化学,,,500,
4306,黑龙江工程学院,04,地理,,,523,
4307,哈尔滨商业大学,02,不限,,,528,
4307,哈尔滨商业大学,03,化学,,,516,
4308,哈尔滨理工大学,01,不限,,,546,
4308,哈尔滨理工大学,02,化学,,,564,
4308,哈尔滨理工大学,03,化学,,,579,
4308,哈尔滨理工大学,04,化学,,,542,
4308,哈尔滨理工大学,05,化学,,,562,
4308,哈尔滨理工大学,06,化学,,,573,
4309,哈尔滨医科大学,02,化学,,,540,
4309,哈尔滨医科大学,03,化学,,,595,
4309,哈尔滨医科大学,04,化学和生物,,,568,
4309,哈尔滨医科大学,05,化学和生物,,,559,
4309,哈尔滨医科大学,06,化学和生物,,,607,
4309,哈尔滨医科大学,07,生物,,,567,
4309,哈尔滨医科大学,08,生物,,,576,
4310,黑龙江科技大学,03,不限,,,531,
4310,黑龙江科技大学,04,化学,,,524,
4311,黑龙江大学,06,不限,,,556,
4311,黑龙江大学,07,化学,,,544,
4312,哈尔滨师范大学,03,不限,,,537,
4312,哈尔滨师范大学,04,不限,,,526,
4312,哈尔滨师范大学,05,化学,,,541,
4312,哈尔滨师范大学,06,化学,,,501,
4312,哈尔滨师范大学,07,地理,,,540,
4314,牡丹江师范学院,02,化学,,,491,
4314,牡丹江师范学院,03,生物,,,508,
4315,哈尔滨金融学院,02,不限,,,514,
4315,哈尔滨金融学院,03,不限,,,514,
4315,哈尔滨金融学院,04,化学,,,513,
4321,东北石油大学,01,不限,,,539,
4321,东北石油大学,02,化学,,,536,
4323,哈尔滨学院,03,不限,,,509,
4323,哈尔滨学院,04,化学,,,491,
4323,哈尔滨学院,05,地理,,,522,
4324,大庆师范学院,02,化学,,,489,
4331,齐齐哈尔医学院,01,化学,,,537,
4331,齐齐哈尔医学院,02,化学和生物,,,548,
4331,齐齐哈尔医学院,03,化学和生物,,,543,
4332,齐齐哈尔大学,02,化学,,,499,
4332,齐齐哈尔大学,03,生物,,,516,
4341,黑龙江工业学院,01,化学,,,489,
4351,佳木斯大学,01,化学,,,510,
4351,佳木斯大学,02,化学和生物,,,509,
4351,佳木斯大学,03,化学和生物,,,571,
4351,佳木斯大学,04,化学和生物,,,574,
4352,黑龙江八一农垦大学,01,不限,,,518,
4352,黑龙江八一农垦大学,02,化学,,,519,
4352,黑龙江八一农垦大学,03,化学,,,511,
4352,黑龙江八一农垦大学,04,化学,,,496,
4371,延边大学,02,不限,,,577,
4371,延边大学,03,化学,,,585,
4381,牡丹江医科大学,01,化学,,,551,
4381,牡丹江医科大学,02,化学,,,520,
4381,牡丹江医科大学,03,化学和生物,,,566,
4381,牡丹江医科大学,04,化学和生物,,,514,
5101,郑州大学,02,不限,,,594,
5101,郑州大学,03,化学,,,603,
5102,华北水利水电大学,01,化学,,,549,
5103,中原工学院,01,不限,,,517,
5103,中原工学院,02,化学,,,493,
5103,中原工学院,03,化学,,,493,
5103,中原工学院,04,化学和生物,,,486,
5104,河南工业大学,02,不限,,,540,
5104,河南工业大学,03,化学,,,530,
5104,河南工业大学,04,化学)(中外合作办学,,,521,
5105,郑州航空工业管理学院,02,不限,,,516,
5105,郑州航空工业管理学院,03,化学)(中外合作办学,,,510,
5105,郑州航空工业管理学院,04,化学,,,520,
5106,郑州轻工业大学,02,化学)(中外合作办学,,,536,
5106,郑州轻工业大学,03,化学,,,526,
5110,河南科技学院,02,不限,,,511,
5110,河南科技学院,03,化学,,,504,
5114,河南中医药大学,03,不限,,,544,
5114,河南中医药大学,04,化学,,,564,
5114,河南中医药大学,05,生物,,,557,
5117,河南农业大学,02,不限,,,542,
5117,河南农业大学,03,化学)(中外合作办学,,,507,
5117,河南农业大学,04,化学,,,533,
5117,河南农业大学,05,化学,,,556,
5118,信阳师范大学,02,不限)(中外合作办学,,,491,
5118,信阳师范大学,03,不限,,,526,
5118,信阳师范大学,04,化学)(中外合作办学,,,482,
5119,河南财经政法大学,02,不限,,,554,
5119,河南财经政法大学,03,化学,,,553,
5119,河南财经政法大学,04,化学,,,556,
5122,河南工程学院,03,不限,,,521,
5122,河南工程学院,04,不限,,,510,
5122,河南工程学院,05,化学,,,496,
5122,河南工程学院,06,化学和地理,,,516,
5125,周口师范学院,03,化学,,,492,
5125,周口师范学院,04,生物,,,512,
5131,洛阳理工学院,02,化学,,,496,
5132,河南科技大学,02,不限)(中外合作办学,,,545,
5132,河南科技大学,03,不限,,,554,
5132,河南科技大学,04,化学,,,538,
5132,河南科技大学,05,化学)(中外合作办学,,,505,
5132,河南科技大学,06,化学,,,540,
5133,洛阳师范学院,03,化学,,,463,
5134,平顶山学院,03,不限,,,511,
5134,平顶山学院,04,化学,,,507,
5141,河南大学,04,不限,,,586,
5141,河南大学,05,化学,,,582,
5141,河南大学,06,化学,,,589,
5141,河南大学,07,地理,,,593,
5151,河南理工大学,02,不限,,,544,
5151,河南理工大学,03,化学,,,535,
5151,河南理工大学,04,化学)(中外合作办学,,,539,
5153,河南师范大学,03,化学,,,509,
5161,安阳工学院,01,化学)(中外合作办学,,,479,
5161,安阳工学院,02,化学)(中外合作办学,,,490,
5161,安阳工学院,03,化学)(中外合作办学,,,479,
5161,安阳工学院,04,化学,,,494,
5161,安阳工学院,05,化学,,,496,
5161,安阳工学院,06,化学,,,490,
5162,安阳师范学院,03,化学,,,489,
5171,河南工学院,01,不限,,,507,
5171,河南工学院,02,化学,,,514,
5172,郑州工程技术学院,02,不限,,,511,
5172,郑州工程技术学院,03,化学,,,494,
5173,新乡学院,03,化学)(中外合作办学,,,486,
5173,新乡学院,04,化学,,,492,
5174,许昌学院,02,不限,,,511,
5174,许昌学院,03,化学,,,505,
5174,许昌学院,04,地理,,,528,
5181,南阳师范学院,05,不限)(中外合作办学,,,479,
5181,南阳师范学院,06,不限,,,507,
5181,南阳师范学院,07,不限,,,511,
5181,南阳师范学院,08,化学)(中外合作办学,,,488,
5181,南阳师范学院,09,化学,,,492,
5181,南阳师范学院,10,地理,,,520,
5182,南阳理工学院,05,不限,,,512,
5182,南阳理工学院,06,不限,,,513,
5182,南阳理工学院,07,不限,,,506,
5182,南阳理工学院,08,不限,,,521,
5182,南阳理工学院,09,不限,,,510,
5182,南阳理工学院,10,化学,,,508,
5182,南阳理工学院,11,化学,,,516,
5182,南阳理工学院,12,化学,,,509,
5182,南阳理工学院,13,化学)(中外合作办学,,,505,
5182,南阳理工学院,14,化学,,,503,
5182,南阳理工学院,15,化学,,,497,
5182,南阳理工学院,16,化学,,,492,
5191,黄淮学院,02,不限,,,507,
5191,黄淮学院,03,化学,,,494,
5191,黄淮学院,04,化学)(中外合作办学,,,489,
5191,黄淮学院,05,生物,,,507,
5192,新乡医学院,01,化学,,,574,
5193,河南城建学院,02,不限,,,507,
5193,河南城建学院,03,化学,,,490,
5193,河南城建学院,04,化学,,,493,
5198,商丘师范学院,04,不限,,,509,
5198,商丘师范学院,05,化学,,,494,
5201,武汉大学,04,不限,,,650,
5201,武汉大学,05,化学,,,645,
5201,武汉大学,06,化学,,,657,
5201,武汉大学,07,化学,,,652,
5201,武汉大学,08,化学)(中外合作办学,,,622,
5201,武汉大学,09,化学,,,654,
5202,华中科技大学,02,化学,,,652,
5202,华中科技大学,03,化学,,,644,
5202,华中科技大学,04,化学,,,653,
5203,华中师范大学,03,不限,,,593,
5203,华中师范大学,04,化学,,,609,
5203,华中师范大学,05,地理,,,618,
5204,华中农业大学,02,不限,,,590,
5204,华中农业大学,03,化学,,,593,
5204,华中农业大学,04,生物,,,600,
5204,华中农业大学,05,地理,,,613,
5205,中国地质大学(武汉),03,不限,,,588,
5205,中国地质大学(武汉),04,化学,,,596,
5206,中南财经政法大学,06,不限,,,595,
5206,中南财经政法大学,07,化学,,,606,
5207,武汉理工大学,03,化学)(中外合作办学,,,596,
5207,武汉理工大学,04,化学,,,640,
5207,武汉理工大学,05,化学,,,640,
5207,武汉理工大学,06,化学,,,616,
5208,中南民族大学,03,不限,,,541,
5208,中南民族大学,04,化学,,,567,
5208,中南民族大学,05,化学,,,538,
5209,湖北大学,03,不限,,,516,
5209,湖北大学,04,化学,,,579,
5209,湖北大学,05,化学)(中外合作办学,,,491,
5211,湖北中医药大学,03,不限,,,547,
5211,湖北中医药大学,04,化学,,,529,
5212,武汉纺织大学,02,化学,,,531,
5213,武汉体育学院,02,不限,,,522,
5213,武汉体育学院,03,化学,,,546,
5215,武汉工程大学,02,化学)(中外合作办学,,,545,
5215,武汉工程大学,03,化学,,,567,
5216,武汉轻工大学,02,化学,,,542,
5217,武汉科技大学,01,化学,,,585,
5218,江汉大学,01,化学,,,566,
5219,湖北工业大学,01,不限,,,521,
5219,湖北工业大学,02,化学)(中外合作办学,,,541,
5219,湖北工业大学,03,化学,,,581,
5220,湖北第二师范学院,03,不限,,,518,
5220,湖北第二师范学院,04,不限)(中外合作办学,,,464,
5220,湖北第二师范学院,05,化学)(中外合作办学,,,508,
5221,湖北经济学院,02,不限)(中外合作办学,,,517,
5221,湖北经济学院,03,不限,,,529,
5221,湖北经济学院,04,化学,,,531,
5225,汉江师范学院,03,化学,,,521,
5243,长江大学,03,不限,,,542,
5243,长江大学,04,化学)(中外合作办学,,,462,
5243,长江大学,05,化学,,,539,
5251,三峡大学,02,不限,,,555,
5251,三峡大学,03,化学,,,546,
5251,三峡大学,04,化学)(中外合作办学,,,593,
5255,湖北汽车工业学院,01,不限,,,522,
5255,湖北汽车工业学院,02,化学)(中外合作办学,,,501,
5255,湖北汽车工业学院,03,化学,,,516,
5256,湖北医药学院,01,化学,,,539,
5261,湖北师范大学,03,化学,,,533,
5261,湖北师范大学,04,化学)(中外合作办学,,,527,
5265,湖北理工学院,02,不限,,,518,
5265,湖北理工学院,03,化学,,,509,
5271,湖北警官学院,02,不限,,,549,
5271,湖北警官学院,03,化学,,,527,
5285,荆楚理工学院,02,化学,,,513,
5285,荆楚理工学院,03,化学)(中外合作办学,,,475,
5287,湖北科技学院,02,化学)(中外合作办学,,,483,
5287,湖北科技学院,03,化学,,,466,
5290,湖北文理学院,03,化学,,,515,
5295,湖北工程学院,02,不限,,,515,
5295,湖北工程学院,03,化学,,,497,
5301,湖南大学,03,不限,,,629,
5301,湖南大学,04,不限)（边防军人子女预科班,,,554,
5301,湖南大学,05,化学,,,639,
5302,中南大学,02,化学)(中外合作办学,,,623,
5302,中南大学,03,化学,,,640,
5302,中南大学,04,化学和生物,,,637,
5302,中南大学,05,化学和生物,,,663,
5303,湖南师范大学,04,不限,,,591,
5303,湖南师范大学,05,化学,,,599,
5303,湖南师范大学,06,地理,,,597,
5304,湖南中医药大学,01,不限,,,542,
5304,湖南中医药大学,02,化学,,,566,
5305,湖南农业大学,02,不限,,,538,
5305,湖南农业大学,03,化学,,,529,
5306,湖南工商大学,03,不限,,,539,
5306,湖南工商大学,04,化学,,,540,
5306,湖南工商大学,05,地理,,,537,
5307,长沙理工大学,02,不限,,,575,
5307,长沙理工大学,03,化学,,,575,
5307,长沙理工大学,04,化学)(中外合作办学,,,575,
5307,长沙理工大学,05,化学)(中外合作办学,,,600,
5307,长沙理工大学,06,化学)(中外合作办学,,,524,
5308,长沙学院,04,不限,,,520,
5308,长沙学院,05,化学,,,509,
5308,长沙学院,06,化学和生物,,,513,
5308,长沙学院,07,思想政治,,,524,
5310,湖南人文科技学院,04,不限)(中外合作办学,,,493,
5310,湖南人文科技学院,05,不限,,,508,
5310,湖南人文科技学院,06,化学,,,492,
5320,湖南财政经济学院,02,不限,,,525,
5320,湖南财政经济学院,03,化学,,,529,
5321,湖南科技大学,03,不限,,,541,
5321,湖南科技大学,04,化学,,,534,
5321,湖南科技大学,05,思想政治,,,552,
5321,湖南科技大学,06,地理,,,556,
5322,湖南工程学院,02,不限,,,510,
5322,湖南工程学院,03,化学,,,502,
5322,湖南工程学院,04,化学)(中外合作办学,,,497,
5323,湘潭大学,02,不限,,,577,
5323,湘潭大学,03,化学)(中外合作办学,,,577,
5323,湘潭大学,04,化学,,,585,
5327,湖南工学院,02,不限,,,513,
5327,湖南工学院,03,化学,,,500,
5331,中南林业科技大学,02,不限,,,543,
5331,中南林业科技大学,03,化学,,,531,
5332,湖南工业大学,03,不限,,,539,
5332,湖南工业大学,04,不限,,,539,
5332,湖南工业大学,05,化学,,,528,
5332,湖南工业大学,06,化学,,,527,
5341,南华大学,02,不限,,,537,
5341,南华大学,03,化学,,,541,
5342,衡阳师范学院,03,不限,,,507,
5342,衡阳师范学院,04,化学,,,493,
5342,衡阳师范学院,05,地理,,,531,
5343,湖南文理学院,02,不限)(中外合作办学,,,494,
5343,湖南文理学院,03,化学)(中外合作办学,,,487,
5343,湖南文理学院,04,化学,,,497,
5348,湖南医药学院,01,化学,,,529,
5348,湖南医药学院,02,化学,,,534,
5348,湖南医药学院,03,化学,,,582,
5349,湖南第一师范学院,01,化学,,,524,
5351,湖南理工学院,02,不限,,,523,
5351,湖南理工学院,03,不限,,,504,
5351,湖南理工学院,04,化学)(中外合作办学,,,489,
5351,湖南理工学院,05,化学,,,520,
5355,湖南城市学院,02,不限,,,509,
5355,湖南城市学院,03,化学,,,494,
5361,吉首大学,02,化学,,,532,
5371,邵阳学院,02,化学,,,516,
5371,邵阳学院,03,化学)(中外合作办学,,,483,
5380,长沙师范学院,02,不限,,,515,
5380,长沙师范学院,03,化学,,,503,
5381,湘南学院,02,不限,,,510,
5381,湘南学院,03,化学,,,533,
5381,湘南学院,04,化学,,,496,
5385,怀化学院,05,化学,,,510,
5385,怀化学院,06,化学,,,508,
5385,怀化学院,07,化学,,,506,
5385,怀化学院,08,化学,,,494,
5385,怀化学院,09,化学,,,512,
5385,怀化学院,10,化学,,,491,
5385,怀化学院,11,化学,,,515,
5391,湖南科技学院,03,化学,,,491,
5393,湖南女子学院,02,不限,,,507,
5393,湖南女子学院,03,化学,,,498,
5401,中山大学,03,不限,,,646,
5401,中山大学,04,化学,,,647,
5401,中山大学,05,化学,,,651,
5402,华南理工大学,03,化学,,,642,
5402,华南理工大学,04,化学,,,652,
5403,华南农业大学,01,不限,,,584,
5403,华南农业大学,02,化学,,,589,
5403,华南农业大学,03,生物,,,589,
5404,广东外语外贸大学,03,不限,,,555,
5404,广东外语外贸大学,04,化学,,,564,
5405,广东医科大学,02,化学,,,583,
5406,广东药科大学,01,化学,,,558,
5407,暨南大学,02,不限,,,588,
5407,暨南大学,03,化学,,,598,
5407,暨南大学,04,化学,,,627,
5408,广州美术学院,01,不限,,,571,
5408,广州美术学院,02,化学,,,601,
5412,广东金融学院,02,不限,,,558,
5412,广东金融学院,03,化学,,,561,
5413,华南师范大学,02,化学,,,610,
5414,广东财经大学,02,不限,,,556,
5418,哈尔滨工业大学(深圳),02,化学,,,661,
5419,广州大学,02,不限,,,568,
5419,广州大学,03,化学,,,572,
5420,广州中医药大学,02,化学,,,575,
5421,汕头大学,02,不限,,,564,
5421,汕头大学,03,化学,,,592,
5421,汕头大学,04,化学,,,560,
5422,南方医科大学,02,不限,,,522,
5422,南方医科大学,03,化学,,,569,
5427,东莞理工学院,01,化学)(中外合作办学,,,529,
5431,广东海洋大学,01,不限,,,542,
5431,广东海洋大学,02,化学,,,520,
5431,广东海洋大学,03,化学,,,536,
5431,广东海洋大学,04,化学,,,538,
5431,广东海洋大学,05,化学,,,533,
5431,广东海洋大学,06,化学)(中外合作办学,,,524,
5431,广东海洋大学,07,化学和生物,,,534,
5431,广东海洋大学,08,化学和生物,,,531,
5437,韶关学院,03,化学,,,508,
5438,广东以色列理工学院,01,化学)(中外合作办学,,,582,
5441,广东石油化工学院,01,化学,,,488,
5451,深圳大学,02,不限)(中外合作办学,,,611,
5451,深圳大学,03,不限,,,630,
5451,深圳大学,04,化学,,,622,
5461,北京师范大学-香港浸会大学联合国际学院,02,不限)(中外合作办学,,,552,
5461,北京师范大学-香港浸会大学联合国际学院,03,化学)(中外合作办学,,,561,
5477,岭南师范学院,03,不限,,,527,
5477,岭南师范学院,04,不限,,,514,
5477,岭南师范学院,05,化学,,,524,
5477,岭南师范学院,06,化学,,,512,
5477,岭南师范学院,07,化学,,,508,
5477,岭南师范学院,08,化学和生物,,,474,
5478,广东工业大学,01,化学,,,600,
5479,深圳技术大学,02,化学,,,590,
5480,深圳北理莫斯科大学,04,不限)(中外合作办学,,,550,
5480,深圳北理莫斯科大学,05,化学)(中外合作办学,,,566,
5501,广西大学,01,化学,,,589,
5502,广西中医药大学,01,化学,,,533,
5502,广西中医药大学,02,化学,,,533,
5502,广西中医药大学,03,化学,,,558,
5504,南宁师范大学,02,不限,,,528,
5504,南宁师范大学,03,化学)(中外合作办学,,,513,
5504,南宁师范大学,04,化学,,,534,
5505,玉林师范学院,05,化学,,,489,
5505,玉林师范学院,06,化学,,,490,
5505,玉林师范学院,07,化学和生物,,,488,
5505,玉林师范学院,08,生物,,,503,
5507,北部湾大学,01,不限)(中外合作办学,,,480,
5507,北部湾大学,02,化学)(中外合作办学,,,480,
5507,北部湾大学,03,化学,,,513,
5507,北部湾大学,04,化学)(中外合作办学,,,493,
5508,广西医科大学,01,生物,,,549,
5510,桂林医学院,02,化学,,,524,
5511,广西师范大学,03,化学,,,526,
5511,广西师范大学,04,地理,,,553,
5512,桂林理工大学,03,化学)(中外合作办学,,,529,
5512,桂林理工大学,04,化学,,,522,
5513,桂林电子科技大学,02,不限,,,564,
5513,桂林电子科技大学,04,化学,,,568,
5517,右江民族医学院,02,不限,,,499,
5517,右江民族医学院,03,化学,,,503,
5517,右江民族医学院,04,生物,,,544,
5518,广西民族师范学院,02,不限,,,508,
5518,广西民族师范学院,03,化学,,,486,
5519,贺州学院,02,不限,,,505,
5519,贺州学院,03,化学,,,492,
5521,桂林航天工业学院,02,化学,,,557,
5522,桂林旅游学院,03,不限)(中外合作办学,,,480,
5522,桂林旅游学院,04,不限,,,508,
5522,桂林旅游学院,05,化学,,,481,
5522,桂林旅游学院,06,生物,,,509,
5527,广西科技师范学院,02,不限,,,507,
5527,广西科技师范学院,03,化学,,,495,
5531,广西科技大学,02,不限,,,526,
5531,广西科技大学,03,化学,,,530,
5531,广西科技大学,04,化学,,,512,
5531,广西科技大学,05,化学,,,509,
5531,广西科技大学,06,化学)(中外合作办学,,,501,
5531,广西科技大学,07,化学和生物,,,567,
5532,广西民族大学,04,不限,,,526,
5532,广西民族大学,05,不限,,,527,
5532,广西民族大学,06,不限,,,530,
5532,广西民族大学,07,化学,,,515,
5532,广西民族大学,08,化学,,,514,
5561,梧州学院,03,不限,,,507,
5561,梧州学院,04,化学,,,500,
5601,海南大学,07,不限,,,590,
5601,海南大学,08,化学)(中外合作办学,,,586,
5601,海南大学,09,化学,,,591,
5602,海南师范大学,06,不限)(中外合作办学,,,504,
5602,海南师范大学,07,不限,,,518,
5602,海南师范大学,08,化学,,,547,
5602,海南师范大学,09,化学,,,528,
5602,海南师范大学,10,化学和生物,,,533,
5602,海南师范大学,11,地理,,,545,
5603,海南医科大学,01,化学,,,581,
5603,海南医科大学,02,化学)(中外合作办学,,,522,
5603,海南医科大学,03,化学)(中外合作办学,,,509,
5603,海南医科大学,04,化学,,,543,
5603,海南医科大学,05,化学,,,523,
5603,海南医科大学,06,化学,,,534,
5603,海南医科大学,07,化学,,,533,
5603,海南医科大学,08,化学,,,541,
5603,海南医科大学,09,化学,,,538,
5603,海南医科大学,10,化学,,,564,
5603,海南医科大学,11,化学,,,559,
5604,海南热带海洋学院,05,不限,,,513,
5604,海南热带海洋学院,06,不限)(中外合作办学,,,465,
5604,海南热带海洋学院,07,化学,,,490,
5619,琼台师范学院,03,化学,,,489,
5621,海南比勒费尔德应用科学大学,01,化学,,,462,
6101,四川大学,03,不限)(中外合作办学,,,636,
6101,四川大学,04,不限,,,634,
6101,四川大学,05,不限,,,636,
6101,四川大学,06,化学)(中外合作办学,,,639,
6101,四川大学,07,化学)(中外合作办学,,,637,
6101,四川大学,08,化学,,,654,
6101,四川大学,09,化学,,,639,
6102,西南交通大学,03,化学)(中外合作办学,,,599,
6102,西南交通大学,04,化学)(中外合作办学,,,578,
6102,西南交通大学,05,化学)(中外合作办学,,,587,
6102,西南交通大学,06,化学,,,600,
6103,西南财经大学,03,不限)(中外合作办学,,,581,
6103,西南财经大学,04,不限,,,614,
6103,西南财经大学,05,化学,,,624,
6104,电子科技大学,02,化学,,,654,
6105,西南民族大学,02,不限,,,537,
6105,西南民族大学,03,化学,,,541,
6106,成都理工大学,04,不限)(中外合作办学,,,543,
6106,成都理工大学,05,不限,,,542,
6106,成都理工大学,06,不限,,,581,
6106,成都理工大学,07,化学,,,584,
6106,成都理工大学,08,地理,,,580,
6107,成都信息工程大学,02,化学,,,581,
6108,成都体育学院,02,不限,,,535,
6108,成都体育学院,03,化学,,,545,
6109,四川音乐学院,02,不限,,,529,
6110,西华大学,03,化学,,,534,
6111,成都中医药大学,01,化学,,,583,
6111,成都中医药大学,02,化学,,,614,
6112,电子科技大学(沙河校区),01,化学,,,651,
6112,电子科技大学(沙河校区),02,化学)(中外合作办学,,,646,
6113,四川农业大学,01,不限,,,590,
6113,四川农业大学,02,化学,,,588,
6114,成都大学,04,不限)(中外合作办学,,,535,
6114,成都大学,05,化学,,,557,
6114,成都大学,06,化学)(中外合作办学,,,541,
6115,四川轻化工大学,02,化学,,,542,
6116,成都医学院,01,化学,,,537,
6117,西昌学院,02,化学,,,492,
6117,西昌学院,03,化学,,,480,
6118,内江师范学院,03,不限,,,513,
6118,内江师范学院,04,化学,,,516,
6120,四川警察学院,02,不限,,,556,
6129,成都师范学院,03,不限,,,523,
6129,成都师范学院,04,地理,,,543,
6131,西南科技大学,02,不限,,,537,
6131,西南科技大学,03,化学,,,541,
6140,四川师范大学,04,不限,,,565,
6140,四川师范大学,05,化学,,,570,
6141,西南石油大学,02,化学,,,588,
6142,西华师范大学,01,化学,,,514,
6143,西南医科大学,01,化学,,,566,
6143,西南医科大学,02,化学,,,563,
6143,西南医科大学,03,化学,,,551,
6143,西南医科大学,04,化学,,,550,
6143,西南医科大学,05,化学,,,588,
6144,绵阳师范学院,02,化学,,,479,
6144,绵阳师范学院,03,生物,,,522,
6150,成都工业学院,01,化学,,,521,
6151,乐山师范学院,02,化学,,,494,
6151,乐山师范学院,03,化学和生物,,,492,
6161,川北医学院,02,化学,,,526,
6161,川北医学院,03,化学,,,581,
6161,川北医学院,04,化学,,,572,
6161,川北医学院,05,化学,,,578,
6161,川北医学院,06,化学,,,581,
6181,宜宾学院,02,化学,,,500,
6187,攀枝花学院,02,化学,,,509,
6201,重庆大学,04,化学,,,638,
6201,重庆大学,05,化学,,,641,
6201,重庆大学,06,化学)(中外合作办学,,,637,
6202,西南大学,03,不限,,,588,
6202,西南大学,04,化学,,,595,
6202,西南大学,05,化学和生物,,,613,
6202,西南大学,06,生物,,,594,
6202,西南大学,07,地理,,,608,
6203,西南政法大学,03,不限)(中外合作办学,,,631,
6203,西南政法大学,04,不限,,,611,
6205,重庆医科大学,01,化学,,,597,
6205,重庆医科大学,02,化学)(中外合作办学,,,603,
6205,重庆医科大学,03,化学,,,518,
6205,重庆医科大学,04,化学,,,572,
6206,重庆工商大学,02,不限,,,551,
6206,重庆工商大学,03,化学,,,550,
6207,重庆交通大学,03,不限,,,553,
6207,重庆交通大学,04,化学,,,545,
6208,重庆理工大学,02,不限,,,560,
6208,重庆理工大学,03,化学,,,562,
6209,重庆邮电大学,02,化学,,,586,
6210,重庆师范大学,04,不限,,,542,
6210,重庆师范大学,05,化学,,,551,
6210,重庆师范大学,06,地理,,,572,
6211,四川美术学院,02,不限,,,464,
6211,四川美术学院,03,化学,,,563,
6212,四川外国语大学,07,不限,,,540,
6212,四川外国语大学,08,不限)(中外合作办学,,,540,
6212,四川外国语大学,09,不限)(中外合作办学,,,534,
6212,四川外国语大学,10,思想政治,,,528,
6213,重庆三峡学院,02,不限,,,519,
6213,重庆三峡学院,03,化学,,,504,
6214,长江师范学院,03,不限,,,516,
6214,长江师范学院,04,化学,,,498,
6214,长江师范学院,05,生物,,,516,
6215,重庆文理学院,01,不限,,,522,
6215,重庆文理学院,02,化学,,,514,
6221,重庆科技大学,02,不限,,,537,
6221,重庆科技大学,03,化学,,,532,
6301,贵州大学,01,化学)(中外合作办学,,,575,
6301,贵州大学,02,化学)(中外合作办学,,,585,
6301,贵州大学,03,化学)(中外合作办学,,,566,
6302,贵州中医药大学,02,不限,,,533,
6302,贵州中医药大学,03,化学)(中外合作办学,,,516,
6302,贵州中医药大学,04,化学,,,562,
6302,贵州中医药大学,05,化学,,,533,
6302,贵州中医药大学,06,化学,,,543,
6303,贵州医科大学,01,化学,,,589,
6303,贵州医科大学,02,化学,,,587,
6303,贵州医科大学,03,化学)(中外合作办学,,,537,
6303,贵州医科大学,04,化学,,,584,
6304,贵州财经大学,03,不限,,,535,
6304,贵州财经大学,04,不限)(中外合作办学,,,497,
6304,贵州财经大学,05,不限,,,539,
6304,贵州财经大学,06,不限,,,542,
6305,贵州民族大学,01,化学,,,499,
6308,安顺学院,02,化学,,,492,
6308,安顺学院,03,地理,,,510,
6309,贵阳学院,01,化学,,,491,
6310,黔南民族师范学院,02,不限,,,509,
6310,黔南民族师范学院,03,化学,,,480,
6314,遵义医科大学,01,化学,,,590,
6314,遵义医科大学,02,化学,,,579,
6315,贵州工程应用技术学院,02,不限,,,507,
6315,贵州工程应用技术学院,03,化学,,,485,
6316,贵州商学院,03,不限,,,506,
6316,贵州商学院,04,不限)(中外合作办学,,,481,
6317,遵义师范学院,03,不限,,,528,
6319,贵州理工学院,01,不限,,,513,
6319,贵州理工学院,02,化学,,,501,
6320,六盘水师范学院,02,化学,,,489,
6323,贵州警察学院,02,不限,,,531,
6323,贵州警察学院,03,化学,,,529,
6324,贵阳康养职业大学,02,不限,,,502,
6324,贵阳康养职业大学,03,化学,,,503,
6401,云南大学,04,不限,,,596,
6401,云南大学,05,不限,,,582,
6401,云南大学,06,化学,,,592,
6401,云南大学,07,化学和生物,,,604,
6402,云南师范大学,04,化学,,,552,
6402,云南师范大学,05,化学,,,538,
6404,昆明理工大学,03,不限,,,537,
6404,昆明理工大学,04,化学,,,547,
6404,昆明理工大学,05,化学和生物,,,557,
6404,昆明理工大学,06,地理,,,545,
6405,云南农业大学,03,不限)(中外合作办学,,,519,
6405,云南农业大学,04,不限,,,538,
6405,云南农业大学,05,化学)(中外合作办学,,,502,
6405,云南农业大学,06,化学,,,519,
6406,昆明医科大学,01,化学,,,533,
6406,昆明医科大学,02,化学)(中外合作办学,,,531,
6407,玉溪师范学院,03,不限,,,511,
6407,玉溪师范学院,04,化学,,,482,
6408,云南财经大学,02,不限,,,529,
6408,云南财经大学,03,化学,,,527,
6409,楚雄师范学院,02,不限,,,510,
6409,楚雄师范学院,03,化学,,,493,
6410,昆明学院,02,不限,,,510,
6410,昆明学院,03,化学,,,495,
6410,昆明学院,04,化学和生物,,,518,
6410,昆明学院,05,化学和生物,,,562,
6411,大理大学,03,化学,,,519,
6411,大理大学,04,化学,,,514,
6413,红河学院,02,不限,,,507,
6413,红河学院,03,化学,,,487,
6414,云南民族大学,03,化学,,,510,
6415,西南林业大学,01,不限,,,536,
6415,西南林业大学,02,化学)(中外合作办学,,,531,
6415,西南林业大学,03,化学,,,519,
6415,西南林业大学,04,生物,,,532,
6417,曲靖师范学院,02,化学,,,490,
6419,普洱学院,02,化学,,,493,
6420,文山学院,02,地理,,,506,
6501,西藏大学,02,不限,,,563,
6501,西藏大学,03,化学,,,557,
6501,西藏大学,04,化学,,,551,
7101,西北大学,02,不限,,,603,
7101,西北大学,03,化学,,,598,
7101,西北大学,04,化学)(中外合作办学,,,584,
7101,西北大学,05,化学,,,606,
7101,西北大学,06,地理,,,601,
7102,西北工业大学,02,化学)(中外合作办学,,,636,
7102,西北工业大学,03,化学,,,650,
7103,陕西师范大学,03,不限,,,592,
7103,陕西师范大学,04,化学,,,601,
7103,陕西师范大学,05,生物,,,594,
7103,陕西师范大学,06,地理,,,606,
7104,西安交通大学,02,不限,,,650,
7104,西安交通大学,03,化学)(中外合作办学,,,629,
7104,西安交通大学,04,化学)(医学类,,,646,
7104,西安交通大学,05,化学,,,655,
7105,西安电子科技大学,01,不限)(中外合作办学,,,626,
7105,西安电子科技大学,02,不限,,,635,
7105,西安电子科技大学,03,化学)(中外合作办学,,,635,
7105,西安电子科技大学,04,化学,,,641,
7107,长安大学,02,不限,,,590,
7107,长安大学,03,化学,,,600,
7107,长安大学,04,化学)(中外合作办学,,,586,
7107,长安大学,05,化学)(中外合作办学,,,592,
7108,西安建筑科技大学,01,不限)(中外合作办学,,,549,
7108,西安建筑科技大学,02,不限,,,555,
7108,西安建筑科技大学,03,不限,,,561,
7108,西安建筑科技大学,04,化学)(中外合作办学,,,524,
7108,西安建筑科技大学,05,化学,,,541,
7108,西安建筑科技大学,06,化学,,,538,
7109,西北政法大学,02,不限,,,616,
7110,西安工程大学,03,不限,,,540,
7110,西安工程大学,04,化学,,,528,
7111,西安财经大学,02,不限)(中外合作办学,,,545,
7111,西安财经大学,03,不限,,,578,
7111,西安财经大学,04,化学,,,559,
7112,西安理工大学,01,不限,,,570,
7112,西安理工大学,02,化学,,,574,
7113,西安石油大学,02,不限,,,545,
7113,西安石油大学,03,化学,,,535,
7114,西安医学院,03,化学,,,565,
7114,西安医学院,04,化学和生物,,,593,
7115,西安工业大学,02,不限,,,567,
7115,西安工业大学,03,化学)(中外合作办学,,,552,
7115,西安工业大学,04,化学,,,572,
7116,西安邮电大学,02,不限,,,572,
7116,西安邮电大学,04,化学,,,592,
7117,西安外国语大学,04,不限,,,548,
7118,西安科技大学,01,不限,,,560,
7118,西安科技大学,02,化学,,,557,
7118,西安科技大学,03,地理,,,568,
7122,西安文理学院,03,化学,,,491,
7131,西安航空学院,01,化学)(中外合作办学,,,502,
7131,西安航空学院,02,化学,,,508,
7138,陕西中医药大学,01,化学,,,557,
7138,陕西中医药大学,02,化学,,,581,
7140,渭南师范学院,03,不限,,,517,
7140,渭南师范学院,04,化学,,,491,
7141,西北农林科技大学,02,不限,,,606,
7141,西北农林科技大学,03,化学)(中外合作办学,,,589,
7141,西北农林科技大学,04,化学,,,615,
7141,西北农林科技大学,05,化学和生物,,,623,
7141,西北农林科技大学,06,生物,,,611,
7141,西北农林科技大学,07,地理,,,616,
7142,延安大学,03,不限,,,534,
7142,延安大学,04,不限,,,535,
7142,延安大学,05,化学,,,530,
7150,陕西学前师范学院,02,不限,,,512,
7150,陕西学前师范学院,03,化学,,,491,
7150,陕西学前师范学院,04,地理,,,517,
7151,陕西科技大学,02,不限,,,557,
7151,陕西科技大学,03,化学)(中外合作办学,,,541,
7151,陕西科技大学,04,化学,,,558,
7162,宝鸡文理学院,02,化学,,,495,
7165,咸阳师范学院,02,不限,,,511,
7166,商洛学院,02,化学)(中外合作办学,,,496,
7166,商洛学院,03,化学,,,499,
7167,陕西理工大学,04,不限,,,532,
7167,陕西理工大学,05,化学)(中外合作办学,,,501,
7167,陕西理工大学,06,化学,,,528,
7167,陕西理工大学,07,思想政治,,,522,
7167,陕西理工大学,08,地理,,,549,
7201,兰州大学,03,不限,,,631,
7201,兰州大学,04,化学,,,629,
7201,兰州大学,05,化学,,,634,
7202,兰州理工大学,02,不限,,,534,
7202,兰州理工大学,03,化学,,,534,
7203,兰州财经大学,02,不限,,,527,
7203,兰州财经大学,03,化学,,,536,
7204,兰州交通大学,02,不限,,,545,
7204,兰州交通大学,03,化学,,,547,
7205,西北民族大学,06,不限,,,523,
7205,西北民族大学,07,不限,,,523,
7205,西北民族大学,08,化学,,,509,
7206,甘肃农业大学,02,不限,,,530,
7206,甘肃农业大学,03,化学,,,510,
7207,甘肃政法大学,03,不限,,,551,
7207,甘肃政法大学,04,不限,,,554,
7207,甘肃政法大学,05,化学,,,542,
7211,陇东学院,02,不限,,,508,
7211,陇东学院,03,化学,,,491,
7214,西北师范大学,03,不限,,,542,
7214,西北师范大学,04,化学,,,532,
7214,西北师范大学,05,地理,,,553,
7216,天水师范学院,03,化学,,,474,
7217,兰州工业学院,01,化学,,,493,
7218,兰州城市学院,04,不限,,,509,
7218,兰州城市学院,05,化学,,,490,
7218,兰州城市学院,06,思想政治,,,507,
7218,兰州城市学院,07,地理,,,507,
7219,兰州文理学院,02,化学,,,499,
7220,甘肃医学院,01,化学,,,522,
7220,甘肃医学院,02,化学,,,555,
7222,兰州石化职业技术大学,03,化学,,,496,
7223,兰州资源环境职业技术大学,01,不限,,,510,
7224,甘肃中医药大学,01,化学,,,529,
7224,甘肃中医药大学,02,化学,,,510,
7224,甘肃中医药大学,03,化学,,,511,
7224,甘肃中医药大学,04,化学,,,555,
7224,甘肃中医药大学,05,化学,,,542,
7224,甘肃中医药大学,06,化学,,,561,
7224,甘肃中医药大学,07,化学,,,580,
7301,青海大学,01,化学,,,588,
7301,青海大学,02,化学和生物,,,595,
7302,青海民族大学,03,化学,,,495,
7302,青海民族大学,04,思想政治,,,515,
7302,青海民族大学,05,地理)(中外合作办学,,,487,
7303,青海师范大学,02,不限,,,522,
7303,青海师范大学,03,化学,,,519,
7304,青海职业技术大学,02,不限,,,498,
7305,青海理工学院,01,不限,,,504,
7305,青海理工学院,02,化学,,,490,
7401,北方民族大学,02,不限,,,518,
7401,北方民族大学,03,化学)(中外合作办学,,,513,
7401,北方民族大学,04,化学,,,514,
7402,宁夏大学,04,化学,,,591,
7402,宁夏大学,05,化学,,,594,
7402,宁夏大学,06,化学,,,586,
7402,宁夏大学,07,化学,,,598,
7402,宁夏大学,08,化学,,,592,
7403,宁夏医科大学,01,化学,,,538,
7403,宁夏医科大学,02,化学和生物,,,532,
7501,新疆大学,03,不限,,,573,
7501,新疆大学,04,化学,,,571,
7501,新疆大学,05,化学,,,568,
7501,新疆大学,06,思想政治,,,567,
7501,新疆大学,07,地理,,,571,
7502,新疆师范大学,02,不限,,,505,
7502,新疆师范大学,03,化学,,,500,
7502,新疆师范大学,04,地理,,,525,
7503,新疆农业大学,03,不限,,,484,
7503,新疆农业大学,04,不限,,,506,
7503,新疆农业大学,05,化学)(中外合作办学,,,469,
7503,新疆农业大学,06,化学,,,488,
7504,中国石油大学(北京)克拉玛依校区,01,不限,,,573,
7504,中国石油大学(北京)克拉玛依校区,02,化学,,,578,
7505,新疆财经大学,03,不限,,,506,
7505,新疆财经大学,04,不限,,,517,
7505,新疆财经大学,05,化学,,,500,
7505,新疆财经大学,06,思想政治,,,520,
7507,昌吉学院,02,不限,,,499,
7507,昌吉学院,03,化学,,,482,
7508,新疆艺术学院,02,不限,,,501,
7509,新疆工程学院,01,化学,,,484,
7511,石河子大学,02,不限,,,563,
7511,石河子大学,03,化学,,,571,
7511,石河子大学,04,化学,,,566,
7512,新疆科技学院,02,不限,,,502,
7512,新疆科技学院,03,化学,,,483,
7512,新疆科技学院,04,化学和生物,,,489,
7512,新疆科技学院,05,生物,,,508,
7512,新疆科技学院,06,思想政治,,,501,
7513,新疆理工学院,02,不限,,,502,
7513,新疆理工学院,03,化学,,,484,
7521,伊犁师范大学,04,不限,,,503,
7521,伊犁师范大学,05,化学,,,484,
7521,伊犁师范大学,06,地理,,,506,
7523,新疆和田学院,04,不限,,,505,
7523,新疆和田学院,05,化学,,,484,
7526,塔里木大学,02,化学,,,490,
7527,新疆医科大学,01,化学,,,532,
7527,新疆医科大学,02,化学和生物,,,535,
7529,喀什大学,03,不限,,,507,
7529,喀什大学,04,化学,,,490,
7531,新疆政法学院,03,不限,,,504,
7531,新疆政法学院,04,化学,,,486,
7531,新疆政法学院,05,思想政治,,,503,
8001,上海杉达学院,03,不限,,,492,
8001,上海杉达学院,04,化学,,,462,
8002,上海建桥学院,03,不限,,,493,
8002,上海建桥学院,04,化学,,,467,
8003,上海兴伟学院,02,不限,,,475,
8004,上海视觉艺术学院,02,不限,,,505,
8005,上海外国语大学贤达经济人文学院,02,不限,,,485,
8005,上海外国语大学贤达经济人文学院,03,不限,,,485,
8006,上海师范大学天华学院,02,不限,,,485,
8006,上海师范大学天华学院,03,不限,,,489,
8006,上海师范大学天华学院,04,化学,,,462,
8023,上海立达学院,03,不限,,,484,
8023,上海立达学院,04,化学,,,462,
8029,上海中侨职业技术大学,03,不限,,,490,
8030,浙江万里学院,03,不限,,,503,
8030,浙江万里学院,04,不限,,,498,
8030,浙江万里学院,05,不限)(中外合作办学,,,488,
8030,浙江万里学院,06,化学,,,487,
8031,浙江树人学院,02,不限,,,488,
8031,浙江树人学院,03,化学,,,462,
8032,浙江越秀外国语学院,02,不限,,,482,
8032,浙江越秀外国语学院,03,化学,,,465,
8033,宁波财经学院,02,不限,,,490,
8033,宁波财经学院,03,化学,,,462,
8036,浙江工业大学之江学院,02,不限,,,492,
8036,浙江工业大学之江学院,03,化学,,,466,
8037,浙江师范大学行知学院,02,化学,,,473,
8037,浙江师范大学行知学院,03,生物,,,504,
8038,宁波大学科学技术学院,02,不限,,,491,
8038,宁波大学科学技术学院,03,化学,,,462,
8039,杭州电子科技大学信息工程学院,01,不限,,,506,
8039,杭州电子科技大学信息工程学院,02,化学,,,482,
8040,浙江理工大学科技与艺术学院,01,不限,,,490,
8040,浙江理工大学科技与艺术学院,02,化学,,,463,
8042,浙江农林大学暨阳学院,02,化学,,,462,
8042,浙江农林大学暨阳学院,03,生物,,,492,
8043,温州医科大学仁济学院,01,不限,,,496,
8043,温州医科大学仁济学院,02,不限,,,490,
8046,绍兴文理学院元培学院,02,不限,,,491,
8046,绍兴文理学院元培学院,03,化学,,,462,
8048,浙江工商大学杭州商学院,02,不限,,,492,
8048,浙江工商大学杭州商学院,03,化学,,,479,
8050,中国计量大学现代科技学院,01,不限,,,536,
8050,中国计量大学现代科技学院,02,化学,,,515,
8051,浙江财经大学东方学院,02,不限,,,490,
8051,浙江财经大学东方学院,03,化学,,,474,
8052,温州商学院,03,不限,,,489,
8052,温州商学院,04,化学,,,463,
8054,上海财经大学浙江学院,02,不限,,,495,
8054,上海财经大学浙江学院,03,化学,,,480,
8077,浙江广厦建设职业技术大学,02,不限,,,491,
8080,安徽三联学院,02,不限,,,490,
8080,安徽三联学院,03,化学,,,464,
8081,安徽新华学院,02,不限,,,488,
8081,安徽新华学院,03,化学,,,462,
8082,安徽文达信息工程学院,02,不限,,,489,
8083,安徽外国语学院,02,不限,,,487,
8084,蚌埠工商学院,02,不限,,,497,
8084,蚌埠工商学院,03,化学,,,480,
8086,安徽信息工程学院,01,化学,,,475,
8087,马鞍山学院,02,不限,,,498,
8087,马鞍山学院,03,化学,,,479,
8088,合肥城市学院,02,不限,,,491,
8088,合肥城市学院,03,化学,,,462,
8090,芜湖学院,02,化学,,,476,
8091,安徽医科大学临床医学院,01,不限,,,501,
8094,皖江工学院,02,不限,,,490,
8094,皖江工学院,03,不限,,,489,
8094,皖江工学院,04,化学,,,462,
8120,厦门华厦学院,01,不限,,,486,
8120,厦门华厦学院,02,化学,,,462,
8121,闽南理工学院,02,不限,,,487,
8121,闽南理工学院,03,化学,,,464,
8122,闽南科技学院,01,不限,,,486,
8122,闽南科技学院,02,化学,,,465,
8124,厦门工学院,02,不限,,,486,
8124,厦门工学院,03,化学,,,462,
8125,阳光学院,02,不限,,,482,
8125,阳光学院,03,不限)(中外合作办学,,,474,
8125,阳光学院,04,化学,,,462,
8126,厦门大学嘉庚学院,02,不限,,,492,
8126,厦门大学嘉庚学院,03,不限,,,494,
8126,厦门大学嘉庚学院,04,化学,,,462,
8127,福州大学至诚学院,02,不限,,,488,
8127,福州大学至诚学院,03,化学,,,462,
8128,集美大学诚毅学院,02,不限,,,489,
8128,集美大学诚毅学院,03,化学,,,464,
8130,福州外语外贸学院,02,不限,,,486,
8130,福州外语外贸学院,03,化学,,,467,
8132,仰恩大学,02,不限,,,494,
8133,泉州信息工程学院,01,化学,,,462,
8170,江西科技学院,03,不限,,,489,
8170,江西科技学院,04,化学,,,462,
8171,江西工程学院,02,化学,,,476,
8172,南昌理工学院,02,不限,,,492,
8172,南昌理工学院,03,化学,,,462,
8173,江西应用科技学院,03,不限,,,486,
8173,江西应用科技学院,04,化学,,,462,
8174,江西服装学院,02,不限,,,478,
8174,江西服装学院,03,化学,,,462,
8175,南昌工学院,04,不限,,,488,
8175,南昌工学院,05,化学,,,462,
8176,南昌大学科学技术学院,02,不限,,,492,
8176,南昌大学科学技术学院,03,化学,,,481,
8177,南昌大学共青学院,02,不限,,,488,
8177,南昌大学共青学院,03,化学,,,478,
8178,南昌交通学院,02,不限,,,489,
8178,南昌交通学院,03,化学,,,464,
8180,南昌航空大学科技学院,02,不限,,,493,
8180,南昌航空大学科技学院,03,化学,,,471,
8183,江西农业大学南昌商学院,03,不限,,,489,
8183,江西农业大学南昌商学院,04,化学,,,482,
8183,江西农业大学南昌商学院,05,生物,,,493,
8185,江西师范大学科学技术学院,02,不限,,,490,
8185,江西师范大学科学技术学院,03,化学,,,472,
8186,景德镇艺术职业大学,02,不限,,,493,
8187,南昌应用技术师范学院,03,不限,,,497,
8187,南昌应用技术师范学院,04,化学,,,468,
8188,江西财经大学现代经济管理学院,03,不限,,,490,
8188,江西财经大学现代经济管理学院,04,不限,,,489,
8188,江西财经大学现代经济管理学院,05,不限,,,492,
8188,江西财经大学现代经济管理学院,06,化学,,,485,
8210,齐鲁医药学院,02,不限,,,494,
8210,齐鲁医药学院,03,化学,,,481,
8211,青岛滨海学院,02,不限,,,488,
8211,青岛滨海学院,03,化学,,,462,
8212,烟台南山学院,02,化学,,,469,
8213,潍坊科技学院,03,不限,,,490,
8213,潍坊科技学院,04,化学,,,477,
8214,山东英才学院,02,化学,,,462,
8215,青岛恒星科技学院,03,不限,,,488,
8215,青岛恒星科技学院,04,化学,,,462,
8216,青岛黄海学院,02,不限,,,490,
8216,青岛黄海学院,03,化学,,,462,
8217,山东现代学院,02,不限,,,488,
8217,山东现代学院,03,化学,,,462,
8218,山东协和学院,02,不限,,,490,
8218,山东协和学院,03,化学,,,467,
8219,烟台理工学院,02,不限,,,500,
8219,烟台理工学院,03,化学,,,480,
8220,青岛城市学院,04,不限,,,489,
8220,青岛城市学院,05,不限,,,488,
8220,青岛城市学院,06,不限,,,503,
8220,青岛城市学院,07,化学,,,468,
8220,青岛城市学院,08,化学,,,462,
8220,青岛城市学院,09,化学,,,470,
8223,泰山科技学院,03,不限,,,489,
8223,泰山科技学院,04,化学,,,462,
8225,青岛工学院,02,不限,,,489,
8225,青岛工学院,03,化学,,,462,
8226,青岛农业大学海都学院,03,不限,,,492,
8226,青岛农业大学海都学院,04,化学,,,469,
8226,青岛农业大学海都学院,05,生物,,,490,
8227,齐鲁理工学院,02,不限,,,488,
8227,齐鲁理工学院,03,化学,,,462,
8228,山东财经大学东方学院,02,不限,,,493,
8228,山东财经大学东方学院,03,化学,,,477,
8230,烟台科技学院,02,化学,,,465,
8231,青岛电影学院,02,化学,,,462,
8249,山东工程职业技术大学,02,不限,,,492,
8260,北京城市学院,02,不限,,,487,
8260,北京城市学院,03,化学,,,465,
8260,北京城市学院,04,地理,,,506,
8262,首都师范大学科德学院,02,不限,,,481,
8262,首都师范大学科德学院,03,化学,,,462,
8263,北京金融科技学院,02,不限,,,478,
8263,北京金融科技学院,03,化学,,,462,
8264,北京邮电大学世纪学院,02,不限,,,483,
8264,北京邮电大学世纪学院,03,化学,,,462,
8265,北京工业大学耿丹学院,02,不限,,,481,
8265,北京工业大学耿丹学院,03,化学,,,462,
8266,北京第二外国语学院中瑞酒店管理学院,02,不限,,,473,
8290,天津天狮学院,03,不限,,,486,
8290,天津天狮学院,04,化学,,,462,
8291,天津外国语大学滨海外事学院,02,不限,,,488,
8293,天津商业大学宝德学院,03,不限,,,481,
8293,天津商业大学宝德学院,04,不限,,,488,
8294,天津医科大学临床医学院,02,不限,,,489,
8297,天津理工大学中环信息学院,02,不限,,,491,
8297,天津理工大学中环信息学院,03,化学,,,463,
8298,北京科技大学天津学院,02,不限,,,489,
8298,北京科技大学天津学院,03,化学,,,462,
8299,天津仁爱学院,02,不限,,,484,
8299,天津仁爱学院,03,化学,,,462,
8301,天津财经大学珠江学院,02,不限,,,489,
8301,天津财经大学珠江学院,03,化学,,,467,
8313,河北科技学院,02,不限,,,488,
8313,河北科技学院,03,化学,,,462,
8314,河北外国语学院,03,不限,,,485,
8314,河北外国语学院,04,不限,,,483,
8316,华北理工大学轻工学院,02,不限,,,487,
8316,华北理工大学轻工学院,03,不限,,,487,
8316,华北理工大学轻工学院,04,化学,,,462,
8318,河北经贸大学经济管理学院,02,不限,,,489,
8320,河北工程大学科信学院,01,不限,,,496,
8320,河北工程大学科信学院,02,化学,,,482,
8323,石家庄铁道大学四方学院,02,不限,,,498,
8323,石家庄铁道大学四方学院,03,化学,,,487,
8324,河北地质大学华信学院,02,不限,,,487,
8324,河北地质大学华信学院,03,化学,,,473,
8324,河北地质大学华信学院,04,化学,,,464,
8326,保定理工学院,02,不限,,,486,
8326,保定理工学院,03,化学,,,462,
8326,保定理工学院,04,化学)(中外合作办学,,,462,
8327,燕京理工学院,02,不限,,,487,
8327,燕京理工学院,03,化学,,,474,
8328,北京中医药大学东方学院,02,不限,,,486,
8329,沧州交通学院,02,不限,,,485,
8329,沧州交通学院,03,化学,,,462,
8330,河北东方学院,02,化学,,,468,
8360,山西应用科技学院,02,不限,,,487,
8363,晋中信息学院,03,化学,,,479,
8364,山西晋中理工学院,02,化学,,,468,
8366,山西工商学院,02,不限,,,490,
8366,山西工商学院,03,化学,,,469,
8379,运城职业技术大学,02,不限,,,498,
8401,辽宁对外经贸学院,02,不限,,,480,
8402,大连理工大学城市学院,02,不限,,,486,
8402,大连理工大学城市学院,03,化学,,,462,
8404,沈阳工学院,01,不限,,,485,
8404,沈阳工学院,02,化学,,,462,
8405,大连工业大学艺术与信息工程学院,01,不限,,,483,
8405,大连工业大学艺术与信息工程学院,02,化学,,,465,
8406,大连科技学院,02,不限,,,486,
8406,大连科技学院,03,化学,,,462,
8407,沈阳城市建设学院,02,不限,,,482,
8407,沈阳城市建设学院,03,化学,,,462,
8408,大连医科大学中山学院,02,不限,,,483,
8408,大连医科大学中山学院,03,化学,,,462,
8411,大连财经学院,02,不限,,,487,
8412,沈阳城市学院,02,不限,,,481,
8412,沈阳城市学院,03,化学,,,462,
8416,大连东软信息学院,01,不限,,,484,
8416,大连东软信息学院,02,化学,,,462,
8417,辽宁师范大学海华学院,02,不限,,,487,
8417,辽宁师范大学海华学院,03,化学,,,462,
8440,吉林外国语大学,03,不限)(中外合作办学,,,475,
8440,吉林外国语大学,04,不限,,,483,
8440,吉林外国语大学,05,化学,,,466,
8441,长春光华学院,03,不限,,,477,
8441,长春光华学院,04,不限,,,481,
8441,长春光华学院,05,化学,,,462,
8442,长春工业大学人文信息学院,02,不限,,,483,
8442,长春工业大学人文信息学院,03,化学,,,462,
8443,长春电子科技学院,02,化学,,,462,
8444,长春财经学院,02,不限)(中外合作办学,,,474,
8444,长春财经学院,03,不限,,,483,
8444,长春财经学院,04,化学,,,462,
8445,吉林建筑科技学院,02,不限,,,482,
8445,吉林建筑科技学院,03,化学,,,462,
8446,长春建筑学院,01,不限,,,481,
8446,长春建筑学院,02,化学,,,462,
8447,长春科技学院,02,不限,,,482,
8447,长春科技学院,03,化学,,,462,
8448,吉林动画学院,01,不限,,,478,
8448,吉林动画学院,02,化学,,,462,
8449,吉林师范大学博达学院,03,不限,,,483,
8449,吉林师范大学博达学院,04,化学,,,462,
8450,长春大学旅游学院,02,不限,,,481,
8450,长春大学旅游学院,03,化学,,,462,
8451,长春人文学院,03,不限,,,479,
8451,长春人文学院,04,不限,,,477,
8451,长春人文学院,05,化学,,,462,
8470,黑龙江东方学院,02,化学,,,462,
8472,黑龙江财经学院,02,不限,,,482,
8472,黑龙江财经学院,03,化学,,,462,
8473,哈尔滨石油学院,02,化学,,,469,
8474,哈尔滨广厦学院,02,化学,,,462,
8475,哈尔滨华德学院,02,化学,,,462,
8483,黑龙江工商学院,01,化学,,,462,
8501,黄河科技学院,02,不限,,,489,
8501,黄河科技学院,03,化学,,,469,
8502,郑州科技学院,02,不限,,,488,
8502,郑州科技学院,03,化学,,,494,
8504,郑州财经学院,02,不限,,,506,
8504,郑州财经学院,03,化学,,,490,
8505,商丘工学院,01,化学,,,473,
8508,郑州工商学院,02,不限,,,492,
8508,郑州工商学院,03,化学,,,470,
8510,郑州商学院,02,不限,,,495,
8510,郑州商学院,03,化学,,,489,
8518,郑州西亚斯学院,02,不限)(中外合作办学,,,474,
8550,武汉东湖学院,03,不限,,,487,
8550,武汉东湖学院,04,化学,,,462,
8552,武昌首义学院,03,不限,,,490,
8552,武昌首义学院,04,化学,,,462,
8553,武昌理工学院,02,不限,,,488,
8553,武昌理工学院,03,化学,,,462,
8554,武汉生物工程学院,03,化学,,,462,
8555,武汉晴川学院,02,不限,,,487,
8555,武汉晴川学院,03,化学,,,462,
8556,湖北大学知行学院,03,不限,,,492,
8556,湖北大学知行学院,04,不限,,,484,
8556,湖北大学知行学院,05,化学,,,468,
8556,湖北大学知行学院,06,化学,,,479,
8557,武汉城市学院,02,不限,,,488,
8557,武汉城市学院,03,化学,,,464,
8558,三峡大学科技学院,03,不限,,,492,
8558,三峡大学科技学院,04,化学,,,465,
8559,湖北工业大学工程技术学院,02,化学,,,462,
8560,武汉工程大学邮电与信息工程学院,02,不限,,,490,
8560,武汉工程大学邮电与信息工程学院,03,化学,,,462,
8561,武汉纺织大学外经贸学院,03,不限,,,489,
8561,武汉纺织大学外经贸学院,04,化学,,,462,
8562,武昌工学院,02,不限,,,489,
8562,武昌工学院,03,化学,,,462,
8563,武汉工商学院,02,不限,,,487,
8563,武汉工商学院,03,化学,,,468,
8565,长江大学文理学院,02,不限,,,504,
8565,长江大学文理学院,03,化学,,,468,
8568,湖北医药学院药护学院,01,不限,,,486,
8570,湖北经济学院法商学院,02,不限,,,487,
8571,武汉体育学院体育科技学院,02,不限,,,483,
8572,湖北文理学院理工学院,02,不限,,,488,
8572,湖北文理学院理工学院,03,化学,,,466,
8573,文华学院,02,化学,,,462,
8574,武汉工程科技学院,03,不限,,,492,
8574,武汉工程科技学院,04,化学,,,462,
8575,武汉华夏理工学院,02,不限,,,487,
8575,武汉华夏理工学院,03,化学,,,462,
8576,武汉传媒学院,02,不限,,,487,
8576,武汉传媒学院,03,化学,,,483,
8577,武汉设计工程学院,02,化学,,,462,
8601,长沙医学院,02,不限,,,489,
8601,长沙医学院,03,化学,,,471,
8602,湖南涉外经济学院,02,不限,,,482,
8602,湖南涉外经济学院,03,化学,,,462,
8604,湖南工业大学科技学院,02,化学,,,473,
8605,湖南科技大学潇湘学院,02,化学,,,486,
8606,南华大学船山学院,02,化学,,,475,
8607,湘潭理工学院,02,不限,,,487,
8608,湖南农业大学东方科技学院,01,化学,,,472,
8609,湖南文理学院芙蓉学院,02,化学,,,491,
8610,湖南理工学院南湖学院,02,化学,,,473,
8612,湖南工程学院应用技术学院,01,不限,,,489,
8614,长沙理工大学城南学院,02,不限,,,495,
8614,长沙理工大学城南学院,03,化学,,,478,
8620,中南林业科技大学涉外学院,02,不限,,,490,
8620,中南林业科技大学涉外学院,03,化学,,,479,
8640,广东白云学院,02,不限,,,486,
8640,广东白云学院,03,化学,,,462,
8641,电子科技大学中山学院,02,化学,,,464,
8641,电子科技大学中山学院,03,化学,,,467,
8641,电子科技大学中山学院,04,化学,,,468,
8641,电子科技大学中山学院,05,化学,,,468,
8642,广东东软学院,01,化学)(中外合作办学,,,462,
8642,广东东软学院,02,化学,,,462,
8643,广州城市理工学院,02,不限,,,483,
8643,广州城市理工学院,03,化学,,,467,
8644,广州软件学院,01,化学,,,462,
8645,广州南方学院,02,不限,,,485,
8645,广州南方学院,03,化学,,,468,
8646,广东外语外贸大学南国商学院,02,不限,,,489,
8646,广东外语外贸大学南国商学院,03,化学,,,470,
8650,珠海科技学院,02,不限,,,503,
8650,珠海科技学院,03,化学,,,504,
8651,广州工商学院,02,不限,,,485,
8651,广州工商学院,03,化学)(中外合作办学,,,462,
8651,广州工商学院,04,化学,,,462,
8652,东莞城市学院,02,化学,,,462,
8659,华南农业大学珠江学院,02,不限,,,478,
8659,华南农业大学珠江学院,03,化学,,,463,
8661,广州华立学院,02,不限,,,476,
8661,广州华立学院,03,化学,,,476,
8661,广州华立学院,04,化学,,,465,
8665,广州新华学院,02,不限,,,483,
8665,广州新华学院,03,化学,,,470,
8668,广东理工学院,02,化学,,,466,
8710,南宁学院,02,不限,,,482,
8710,南宁学院,03,化学,,,462,
8713,柳州工学院,01,不限,,,481,
8713,柳州工学院,02,化学,,,462,
8713,柳州工学院,03,思想政治,,,483,
8714,桂林学院,02,不限,,,486,
8714,桂林学院,03,化学,,,462,
8715,广西中医药大学赛恩斯新医药学院,01,化学,,,462,
8716,桂林信息科技学院,02,不限,,,484,
8716,桂林信息科技学院,03,化学,,,462,
8718,广西外国语学院,02,不限,,,481,
8718,广西外国语学院,03,化学,,,462,
8740,海口经济学院,03,不限,,,478,
8740,海口经济学院,04,化学,,,462,
8741,三亚学院,03,不限)(中外合作办学,,,479,
8741,三亚学院,04,不限,,,481,
8741,三亚学院,05,不限,,,479,
8741,三亚学院,06,化学,,,462,
8757,海南科技职业大学,04,不限,,,484,
8760,成都东软学院,02,不限,,,489,
8760,成都东软学院,03,化学,,,466,
8761,电子科技大学成都学院,02,化学,,,476,
8762,成都理工大学工程技术学院,02,化学,,,465,
8763,四川传媒学院,02,不限,,,484,
8764,成都银杏酒店管理学院,02,不限,,,486,
8765,成都文理学院,02,不限,,,493,
8766,四川工商学院,02,不限,,,483,
8766,四川工商学院,03,化学,,,470,
8767,成都外国语学院,02,不限,,,487,
8769,成都锦城学院,02,不限,,,493,
8769,成都锦城学院,03,化学,,,487,
8770,西南财经大学天府学院,04,不限,,,489,
8770,西南财经大学天府学院,05,不限,,,492,
8770,西南财经大学天府学院,06,化学,,,468,
8771,四川大学锦江学院,02,不限,,,491,
8771,四川大学锦江学院,03,化学,,,478,
8772,四川文化艺术学院,03,不限,,,481,
8774,西南交通大学希望学院,02,不限,,,496,
8774,西南交通大学希望学院,03,化学,,,469,
8775,四川电影电视学院,02,不限,,,491,
8781,吉利学院,02,不限,,,497,
8781,吉利学院,03,化学,,,470,
8801,重庆城市科技学院,03,不限,,,487,
8801,重庆城市科技学院,04,化学,,,464,
8802,重庆外语外事学院,02,不限,,,486,
8803,重庆对外经贸学院,02,不限,,,487,
8803,重庆对外经贸学院,03,不限,,,489,
8803,重庆对外经贸学院,04,化学,,,472,
8804,重庆财经学院,02,不限,,,497,
8804,重庆财经学院,03,化学,,,495,
8805,重庆工商大学派斯学院,02,化学,,,465,
8806,重庆移通学院,03,不限,,,496,
8806,重庆移通学院,04,化学)(中外合作办学,,,462,
8806,重庆移通学院,05,化学)(中外合作办学,,,462,
8806,重庆移通学院,06,化学,,,472,
8808,重庆人文科技学院,02,化学,,,477,
8841,贵阳人文科技学院,02,化学,,,463,
8848,茅台学院,01,不限,,,498,
8848,茅台学院,02,化学,,,484,
8870,滇池学院,02,不限,,,485,
8870,滇池学院,03,化学,,,462,
8871,丽江文化旅游学院,03,不限,,,482,
8871,丽江文化旅游学院,04,化学,,,462,
8872,昆明城市学院,03,不限,,,484,
8872,昆明城市学院,04,化学,,,469,
8873,昆明医科大学海源学院,02,不限,,,490,
8874,昆明传媒学院,02,不限,,,493,
8875,昆明文理学院,02,不限,,,486,
8875,昆明文理学院,03,化学,,,462,
8876,昆明理工大学津桥学院,02,不限,,,483,
8876,昆明理工大学津桥学院,03,化学,,,462,
8878,云南经济管理学院,03,不限,,,484,
8878,云南经济管理学院,04,化学,,,463,
8901,西安培华学院,03,不限,,,482,
8901,西安培华学院,04,不限,,,488,
8901,西安培华学院,05,不限,,,478,
8901,西安培华学院,06,化学,,,462,
8902,西安欧亚学院,02,不限,,,483,
8902,西安欧亚学院,03,化学)(中外合作办学,,,463,
8902,西安欧亚学院,04,化学,,,462,
8903,西安外事学院,03,不限,,,486,
8903,西安外事学院,04,化学,,,467,
8904,西安翻译学院,02,不限,,,480,
8904,西安翻译学院,03,化学,,,462,
8905,西京学院,02,不限,,,507,
8905,西京学院,03,化学,,,475,
8906,西安思源学院,02,不限,,,486,
8906,西安思源学院,03,化学,,,462,
8907,陕西国际商贸学院,02,不限,,,485,
8907,陕西国际商贸学院,03,化学,,,462,
8910,西安交通大学城市学院,02,不限,,,492,
8910,西安交通大学城市学院,03,化学,,,466,
8911,西北大学现代学院,01,不限,,,495,
8912,西安建筑科技大学华清学院,02,不限,,,487,
8912,西安建筑科技大学华清学院,03,化学,,,462,
8913,西安财经大学行知学院,02,不限,,,497,
8913,西安财经大学行知学院,03,化学,,,481,
8914,西安工商学院,03,不限,,,485,
8914,西安工商学院,04,化学,,,462,
8915,延安大学西安创新学院,01,化学,,,462,
8915,延安大学西安创新学院,02,化学和生物,,,462,
8916,西安明德理工学院,02,不限,,,488,
8916,西安明德理工学院,03,化学,,,462,
8918,西安科技大学高新学院,02,不限,,,498,
8918,西安科技大学高新学院,03,化学,,,462,
8918,西安科技大学高新学院,04,化学)(中外合作办学,,,481,
8940,兰州工商学院,02,不限,,,484,
8941,兰州博文科技学院,01,不限,,,483,
8941,兰州博文科技学院,02,化学,,,462,
8942,兰州信息科技学院,01,化学,,,462,
8970,宁夏理工学院,02,不限,,,485,
8970,宁夏理工学院,03,化学,,,462,
8971,宁夏大学新华学院,02,不限,,,481,
8971,宁夏大学新华学院,03,化学,,,462,
8972,银川能源学院,02,不限,,,487,
8972,银川能源学院,03,化学,,,462,
9112,香港珠海学院,02,不限,,,501,
