score,cumulative
693,32
692,38
691,46
690,57
689,68
688,82
687,99
686,121
685,146
684,159
683,181
682,206
681,233
680,267
679,297
678,330
677,361
676,395
675,443
674,501
673,550
672,622
671,681
670,733
669,788
668,868
667,950
666,1013
665,1135
664,1236
663,1345
662,1447
661,1570
660,1688
659,1816
658,1944
657,2081
656,2224
655,2366
654,2505
653,2699
652,2914
651,3105
650,3294
649,3513
648,3754
647,4006
646,4252
645,4467
644,4724
643,4995
642,5268
641,5573
640,5846
639,6181
638,6503
637,6838
636,7186
635,7522
634,7879
633,8236
632,8622
631,9012
630,9436
629,9827
628,10271
627,10703
626,11148
625,11635
624,12091
623,12592
622,13077
621,13587
620,14098
619,14636
618,15171
617,15775
616,16339
615,16934
614,17521
613,18114
612,18720
611,19367
610,20009
609,20698
608,21354
607,22009
606,22695
605,23383
604,24100
603,24833
602,25574
601,26287
600,27073
599,27821
598,28597
597,29374
596,30194
595,30996
594,31807
593,32692
592,33539
591,34450
590,35284
589,36180
588,37123
587,38007
586,38943
585,39881
584,40924
583,41921
582,42923
581,43929
580,44928
579,45972
578,47025
577,48060
576,49142
575,50224
574,51275
573,52384
572,53452
571,54583
570,55712
569,56852
568,58000
567,59117
566,60306
565,61528
564,62725
563,63946
562,65166
561,66470
560,67726
559,68977
558,70324
557,71632
556,72914
555,74291
554,75607
553,76985
552,78313
551,79754
550,81112
549,82490
548,83898
547,85258
546,86664
545,88117
544,89552
543,91027
542,92489
541,93962
540,95459
539,96962
538,98476
537,99987
536,101526
535,103048
534,104591
533,106095
532,107712
531,109287
530,110872
529,112447
528,114051
527,115590
526,117158
525,118812
524,120435
523,122069
522,123731
521,125369
520,127001
519,128615
518,130251
517,131912
516,133592
515,135284
514,136965
513,138592
512,140302
511,142016
510,143731
509,145351
508,147056
507,148725
506,150409
505,152124
504,153782
503,155469
502,157169
501,158849
500,160507
499,162246
498,163962
497,165687
496,167370
495,169008
494,170629
493,172221
492,173920
491,175569
490,177231
489,178836
488,180401
487,181967
486,183545
485,185132
484,186805
483,188387
482,189932
481,191536
480,193088
479,194622
478,196199
477,197758
476,199215
475,200789
474,202340
473,203868
472,205382
471,206836
470,208299
469,209841
468,211317
467,212828
466,214306
465,215723
464,217182
463,218647
462,220074
461,221488
460,222850
459,224230
458,225599
457,227077
456,228462
455,229804
454,231162
453,232534
452,233839
451,235189
450,236491
449,237730
448,239067
447,240357
446,241650
445,242920
444,244173
443,245391
442,246657
441,247903
440,249128
439,250364
438,251580
437,252764
436,253975
435,255217
434,256401
433,257615
432,258796
431,259929
430,261102
429,262216
428,263340
427,264546
426,265644
425,266798
424,267857
423,268973
422,270096
421,271169
420,272245
419,273302
418,274318
417,275349
416,276393
415,277415
414,278461
413,279445
412,280425
411,281438
410,282414
409,283376
408,284335
407,285293
406,286270
405,287262
404,288231
403,289151
402,290057
401,290945
400,291853
399,292792
398,293648
397,294532
396,295438
395,296285
394,297095
393,297943
392,298777
391,299558
390,300429
389,301252
388,302031
387,302738
386,303438
385,304225
384,304983
383,305728
382,306526
381,307275
380,308000
379,308740
378,309445
377,310139
376,310867
375,311624
374,312305
373,312978
372,313639
371,314276
370,314942
369,315565
368,316253
367,316929
366,317549
365,318152
364,318756
363,319329
362,319901
361,320481
360,321080
359,321658
358,322236
357,322812
356,323382
355,323896
354,324467
353,325037
352,325559
351,326104
350,326609
349,327130
348,327623
347,328093
346,328606
345,329119
344,329605
343,330092
342,330559
341,331050
340,331539
339,331988
338,332447
337,332915
336,333371
335,333820
334,334261
333,334702
332,335108
331,335532
330,335946
329,336365
328,336795
327,337194
326,337613
325,338000
324,338382
323,338756
322,339161
321,339518
320,339885
319,340256
318,340616
317,340928
316,341275
315,341596
314,341933
313,342278
312,342604
311,342935
310,343230
309,343560
308,343869
307,344185
306,344487
305,344820
304,345106
303,345410
302,345690
301,345961
300,346271
299,346566
298,346836
297,347080
296,347347
295,347580
294,347872
293,348138
292,348373
291,348625
290,348896
289,349167
288,349405
287,349673
286,349891
285,350127
284,350365
283,350583
282,350791
281,351033
280,351263
279,351483
278,351685
277,351909
276,352130
275,352332
274,352542
273,352758
272,352957
271,353168
270,353341
269,353534
268,353740
267,353926
266,354112
265,354295
264,354476
263,354663
262,354832
261,354991
260,355194
259,355364
258,355507
257,355686
256,355849
255,355991
254,356143
253,356278
252,356447
251,356614
250,356767
249,356908
248,357041
247,357198
246,357317
245,357447
244,357570
243,357691
242,357809
241,357947
240,358092
239,358223
238,358345
237,358486
236,358591
235,358710
234,358846
233,358962
232,359050
231,359169
230,359275
229,359370
228,359482
227,359586
226,359668
225,359760
224,359845
223,359928
222,360025
221,360112
220,360204
219,360304
218,360375
217,360463
216,360531
215,360618
214,360688
213,360751
212,360827
211,360894
210,360955
209,361000
208,361062
207,361108
206,361158
205,361210
204,361262
203,361317
202,361373
201,361425
200,361477
199,361520
198,361576
197,361625
196,361682
195,361723
194,361780
193,361820
192,361867
191,361907
190,361941
189,361984
188,362012
187,362059
186,362090
185,362121
184,362156
183,362179
182,362203
181,362231
180,362259
179,362298
178,362328
177,362353
176,362382
175,362409
174,362436
173,362462
172,362492
171,362516
170,362547
169,362567
168,362583
167,362598
166,362615
165,362642
164,362659
163,362676
162,362694
161,362717
160,362736
159,362752
158,362773
157,362805
156,362824
155,362841
154,362852
153,362870
152,362890
151,362907
150,362922
149,362935
148,362944
147,362959
146,362970
145,362983
144,362993
143,363011
142,363017
141,363027
140,363040
